{"type":"FeatureCollection","name":"Treskal canonical spatial export v1.0","crs":{"type":"name","properties":{"name":"TRESKAL_LOCAL_METRIC_V1"}},"metadata":{"status":"canonical_final_map_point_10","city":"Treskal","coordinateUnits":"metres","blockClusters":110,"ordinaryParcels":2175,"note":"Local fictional metric CRS; not Earth geodesy. Parcel geometry is offline deterministic canonical materialization from Point 8 fixed IDs.","featureCount":2404,"waterGeometryMaterialized":true,"growthReserveMaterialized":true,"civilPortShorelineZonesMaterializedFromCanonicalChainage":true,"navalShorelineQuaysMaterializedFromCanonicalChainage":true},"features":[{"type":"Feature","id":"TRESKAL_PLANNING_ENVELOPE","properties":{"id":"TRESKAL_PLANNING_ENVELOPE","layer":"planning_envelope","areaHa":250.516},"geometry":{"type":"Polygon","coordinates":[[[45,20],[-5,190],[-55,365],[-95,540],[-82,792],[-100,980],[-180,1160],[-218,1380],[700,1380],[1550,1380],[1980,1180],[2050,820],[2050,340],[1890,315],[1837,307],[1700,285],[1480,250],[1280,220],[1090,185],[907,190],[900,190],[760,165],[654,133],[610,120],[420,95],[220,50],[124,34],[45,20],[45,20]]]}},{"type":"Feature","id":"RIVER_CENTERLINE","properties":{"id":"RIVER_CENTERLINE","layer":"hydrography","name":"river_centerline"},"geometry":{"type":"LineString","coordinates":[[0,0],[-35,160],[-80,330],[-125,510],[-145,690],[-105,865],[-155,1035],[-225,1205],[-250,1380]]}},{"type":"Feature","id":"COAST_WEST","properties":{"id":"COAST_WEST","layer":"coastline"},"geometry":{"type":"LineString","coordinates":[[-450,-90],[-280,-65],[-150,-40],[-45,-20]]}},{"type":"Feature","id":"COAST_EAST","properties":{"id":"COAST_EAST","layer":"coastline"},"geometry":{"type":"LineString","coordinates":[[45,20],[220,50],[420,95],[610,120],[760,165],[900,190],[1090,185],[1280,220],[1480,250],[1700,285],[1890,315],[2050,340]]}},{"type":"Feature","id":"BRIDGE_GEMELOS","properties":{"id":"BRIDGE_GEMELOS","layer":"bridge","name":"Puente de los Gemelos","widthM":7.2},"geometry":{"type":"LineString","coordinates":[[-158,810],[-82,792]]}},{"type":"Feature","id":"T01","properties":{"id":"T01","layer":"sector","role":"river_interface","areaHa":5.747},"geometry":{"type":"Polygon","coordinates":[[[-5,190],[-55,365],[-95,540],[70,555],[105,385],[150,205],[-5,190]]]}},{"type":"Feature","id":"T02","properties":{"id":"T02","layer":"sector","role":"interior_logistics","areaHa":19.535},"geometry":{"type":"Polygon","coordinates":[[[-50,590],[80,540],[300,560],[470,700],[450,900],[250,1000],[20,950],[-80,800],[-50,590]]]}},{"type":"Feature","id":"T03","properties":{"id":"T03","layer":"sector","role":"commercial_core","areaHa":24.35},"geometry":{"type":"Polygon","coordinates":[[[110,350],[330,320],[610,380],[730,520],[650,720],[430,820],[180,760],[80,570],[110,350]]]}},{"type":"Feature","id":"T04","properties":{"id":"T04","layer":"sector","role":"woodcraft_and_wood_logistics","areaHa":36.451},"geometry":{"type":"Polygon","coordinates":[[[0,548],[70,555],[260,590],[430,650],[650,650],[760,520],[700,420],[654,133],[760,165],[907,190],[1000,587],[880,720],[720,780],[620,1020],[350,1040],[180,900],[0,548]]]}},{"type":"Feature","id":"T05","properties":{"id":"T05","layer":"sector","role":"valrik_administration","areaHa":14.6},"geometry":{"type":"Polygon","coordinates":[[[650,720],[900,690],[1100,800],[1080,1030],[850,1100],[650,980],[650,720]]]}},{"type":"Feature","id":"T06","properties":{"id":"T06","layer":"sector","role":"justice_and_urban_guard","areaHa":7.68},"geometry":{"type":"Polygon","coordinates":[[[540,550],[720,520],[860,620],[820,780],[650,830],[520,720],[540,550]]]}},{"type":"Feature","id":"T07","properties":{"id":"T07","layer":"sector","role":"civil_fishing_port","areaHa":18.371},"geometry":{"type":"Polygon","coordinates":[[[124,34],[220,50],[420,95],[610,120],[654,133],[690,420],[520,455],[300,430],[135,350],[124,34]]]}},{"type":"Feature","id":"T08","properties":{"id":"T08","layer":"sector","role":"royal_naval_complex","areaHa":36.022},"geometry":{"type":"Polygon","coordinates":[[[907,190],[1090,185],[1280,220],[1480,250],[1700,285],[1837,307],[1880,627],[1600,667],[1300,647],[1000,587],[907,190]]]}},{"type":"Feature","id":"T09","properties":{"id":"T09","layer":"sector","role":"central_residential_fabric","areaHa":76.885},"geometry":{"type":"Polygon","coordinates":[[[20,300],[320,260],[680,300],[850,430],[950,700],[980,1020],[850,1200],[420,1180],[120,1050],[-20,800],[20,300]]]}},{"type":"Feature","id":"T10","properties":{"id":"T10","layer":"sector","role":"rural_supply_periphery","areaHa":41.495},"geometry":{"type":"Polygon","coordinates":[[[-20,900],[300,860],[700,1000],[1000,1100],[950,1250],[650,1380],[50,1380],[-70,1200],[-20,900]]]}},{"type":"Feature","id":"T12","properties":{"id":"T12","layer":"sector","role":"valrik_military_precinct","areaHa":15.395},"geometry":{"type":"Polygon","coordinates":[[[1100,1050],[1350,1010],[1650,1080],[1650,1300],[1450,1370],[1180,1320],[1100,1050]]]}},{"type":"Feature","id":"S01","properties":{"id":"S01","layer":"singular_facility","name":"house_valrik_main_seat","sector":"T05","siteAreaHa":5.275},"geometry":{"type":"Polygon","coordinates":[[[690,790],[850,740],[930,790],[930,920],[860,1010],[710,970],[670,880],[690,790]]]}},{"type":"Feature","id":"S02","properties":{"id":"S02","layer":"singular_facility","name":"territorial_administration_center","sector":"T05","siteAreaHa":2.075},"geometry":{"type":"Polygon","coordinates":[[[930,790],[1050,820],[1040,970],[950,1010],[930,920],[930,790]]]}},{"type":"Feature","id":"S03","properties":{"id":"S03","layer":"singular_facility","name":"territorial_judicial_seat","sector":"T06","siteAreaHa":2},"geometry":{"type":"Polygon","coordinates":[[[630,580],[720,550],[790,610],[780,690],[700,710],[620,670],[630,580]]]}},{"type":"Feature","id":"S04","properties":{"id":"S04","layer":"singular_facility","name":"main_urban_custody","sector":"T06","siteAreaHa":1.035},"geometry":{"type":"Polygon","coordinates":[[[700,710],[780,690],[805,735],[755,785],[650,780],[650,730],[700,710]]]}},{"type":"Feature","id":"S05","properties":{"id":"S05","layer":"singular_facility","name":"urban_guard_main_post","sector":"T06","siteAreaHa":1.38},"geometry":{"type":"Polygon","coordinates":[[[550,620],[630,580],[620,670],[650,730],[610,790],[540,720],[550,620]]]}},{"type":"Feature","id":"S06","properties":{"id":"S06","layer":"singular_facility","name":"main_provision_market","sector":"T03","siteAreaHa":4.69},"geometry":{"type":"Polygon","coordinates":[[[280,450],[460,430],[560,500],[530,610],[350,630],[250,560],[280,450]]]}},{"type":"Feature","id":"S07","properties":{"id":"S07","layer":"singular_facility","name":"fish_exchange_facility","sector":null,"siteAreaHa":1.915},"geometry":{"type":"Polygon","coordinates":[[[100,190],[190,170],[250,220],[240,310],[170,340],[110,300],[100,190]]]}},{"type":"Feature","id":"S08","properties":{"id":"S08","layer":"singular_facility","name":"royal_shipyard_complex","sector":"T08","siteAreaHa":15.91},"geometry":{"type":"Polygon","coordinates":[[[907,190],[1090,185],[1280,220],[1450,246],[1440,500],[1290,555],[1090,525],[980,490],[907,190]]]}},{"type":"Feature","id":"S09A_T02","properties":{"id":"S09A_T02","layer":"singular_facility_component","parent":"S09","name":"main_timber_storage_capacity","siteAreaHa":5.89},"geometry":{"type":"Polygon","coordinates":[[[40,650],[180,620],[310,650],[330,780],[250,860],[80,830],[0,760],[40,650]]]}},{"type":"Feature","id":"S09B_T04","properties":{"id":"S09B_T04","layer":"singular_facility_component","parent":"S09","name":"main_timber_storage_capacity","siteAreaHa":3.33},"geometry":{"type":"Polygon","coordinates":[[[500,700],[650,680],[730,740],[680,840],[540,850],[460,790],[500,700]]]}},{"type":"Feature","id":"S10","properties":{"id":"S10","layer":"singular_facility","name":"main_livestock_reception_capacity","sector":"T10","siteAreaHa":8.075},"geometry":{"type":"Polygon","coordinates":[[[40,1000],[240,950],[390,1000],[410,1140],[300,1220],[100,1200],[20,1120],[40,1000]]]}},{"type":"Feature","id":"S11","properties":{"id":"S11","layer":"singular_facility","name":"valrik_territorial_barracks","sector":"T12","siteAreaHa":4.14},"geometry":{"type":"Polygon","coordinates":[[[1120,1090],[1320,1050],[1430,1100],[1420,1190],[1320,1230],[1160,1210],[1120,1090]]]}},{"type":"Feature","id":"S12","properties":{"id":"S12","layer":"singular_facility","name":"valrik_training_muster_field","sector":"T12","siteAreaHa":5.705},"geometry":{"type":"Polygon","coordinates":[[[1430,1100],[1620,1100],[1640,1280],[1470,1350],[1320,1300],[1320,1230],[1420,1190],[1430,1100]]]}},{"type":"Feature","id":"S13","properties":{"id":"S13","layer":"singular_facility","name":"principal_royal_naval_base","sector":"T08","siteAreaHa":11.299},"geometry":{"type":"Polygon","coordinates":[[[1480,250],[1700,285],[1837,307],[1840,565],[1640,620],[1480,570],[1480,250]]]}},{"type":"Feature","id":"C01","properties":{"id":"C01","layer":"road","roadClass":"R1","name":"west_bridge_axis","roles":["regional_access","bridge_axis","goods","official_traffic"]},"geometry":{"type":"LineString","coordinates":[[-450,880],[-158,810],[-82,792],[80,760],[250,720],[390,650]]}},{"type":"Feature","id":"C02","properties":{"id":"C02","layer":"road","roadClass":"R1","name":"north_rural_supply_axis","roles":["food","rural_supply","travellers","carts"]},"geometry":{"type":"LineString","coordinates":[[250,1380],[260,1150],[250,930],[220,800],[300,700],[390,650]]}},{"type":"Feature","id":"C03","properties":{"id":"C03","layer":"road","roadClass":"R2","name":"forest_timber_axis","roles":["timber","workshop_supply","naval_supply"]},"geometry":{"type":"LineString","coordinates":[[900,1380],[780,1150],[650,950],[700,800],[850,700],[1050,620],[1200,600]]}},{"type":"Feature","id":"C04","properties":{"id":"C04","layer":"road","roadClass":"R1","name":"military_institutional_axis","roles":["military","administration","official_traffic"]},"geometry":{"type":"LineString","coordinates":[[1650,1380],[1500,1280],[1430,1100],[1380,1180],[1100,1050],[950,900],[780,760],[650,700]]}},{"type":"Feature","id":"C05","properties":{"id":"C05","layer":"road","roadClass":"R2","name":"east_naval_supply_axis","roles":["authorized_naval_supply","T08_rear_access"]},"geometry":{"type":"LineString","coordinates":[[2050,820],[1780,760],[1640,620],[1500,610],[1290,555],[1090,525]]}},{"type":"Feature","id":"C06","properties":{"id":"C06","layer":"road","roadClass":"R3","name":"civil_port_market_axis","roles":["civil_port","market","carts","pedestrians"]},"geometry":{"type":"LineString","coordinates":[[654,420],[560,455],[500,500],[460,520],[405,530],[350,560],[300,600]]}},{"type":"Feature","id":"C07","properties":{"id":"C07","layer":"road","roadClass":"R3","name":"river_market_connector","roles":["river_cargo","market","fish","carts"]},"geometry":{"type":"LineString","coordinates":[[70,555],[150,540],[230,520],[280,500],[350,500]]}},{"type":"Feature","id":"C08","properties":{"id":"C08","layer":"road","roadClass":"R3","name":"civic_institutional_spine","roles":["administration","justice","guard","pedestrians","light_carts"]},"geometry":{"type":"LineString","coordinates":[[540,720],[610,790],[690,850],[760,900],[850,930],[950,900],[1040,880]]}},{"type":"Feature","id":"C09","properties":{"id":"C09","layer":"road","roadClass":"R4","name":"eastern_residential_arc","roles":["residential_distribution","local_services","pedestrians"]},"geometry":{"type":"LineString","coordinates":[[850,430],[900,550],[930,700],[940,850],[930,1000],[850,1100],[700,1150],[520,1120]]}},{"type":"Feature","id":"C10","properties":{"id":"C10","layer":"road","roadClass":"R2","name":"woodcraft_workshop_axis","roles":["woodcraft","timber_distribution","workshop_carts"]},"geometry":{"type":"LineString","coordinates":[[180,900],[300,900],[450,880],[540,850],[650,800],[720,780],[850,700]]}},{"type":"Feature","id":"C11","properties":{"id":"C11","layer":"road","roadClass":"R3","name":"civil_port_rear_road","roles":["port_rear_access","cargo_distribution","fish_distribution"]},"geometry":{"type":"LineString","coordinates":[[135,350],[250,400],[400,430],[520,455],[654,420]]}},{"type":"Feature","id":"C12","properties":{"id":"C12","layer":"road","roadClass":"R4","name":"fish_transfer_axis","roles":["S07","fish","handcarts","waste_removal"]},"geometry":{"type":"LineString","coordinates":[[100,190],[170,250],[240,310],[300,380],[350,450]]}},{"type":"Feature","id":"C13","properties":{"id":"C13","layer":"road","roadClass":"R2","name":"timber_yard_service_axis","roles":["S09A","S09B","timber_yards","fire_access"]},"geometry":{"type":"LineString","coordinates":[[40,650],[173,736],[250,860],[460,790],[595,766],[680,840]]}},{"type":"Feature","id":"C14","properties":{"id":"C14","layer":"road","roadClass":"DR1","name":"livestock_bypass","roles":["livestock","drovers","S10","urban_edge_distribution"]},"geometry":{"type":"LineString","coordinates":[[240,950],[300,980],[360,1060],[410,1140],[520,1080],[620,1000]]}},{"type":"Feature","id":"C15","properties":{"id":"C15","layer":"road","roadClass":"R4","name":"T12_internal_military_loop","roles":["S11","S12","military_internal","muster"]},"geometry":{"type":"LineString","coordinates":[[1430,1100],[1500,1150],[1550,1220],[1470,1300],[1380,1280],[1320,1230],[1420,1190],[1430,1100]]}},{"type":"Feature","id":"C16","properties":{"id":"C16","layer":"road","roadClass":"R2","name":"T08_internal_service_spine","roles":["S08","S13","naval_internal","controlled_logistics"]},"geometry":{"type":"LineString","coordinates":[[1090,525],[1200,560],[1290,555],[1450,560],[1480,570],[1640,620],[1780,650]]}},{"type":"Feature","id":"C17","properties":{"id":"C17","layer":"road","roadClass":"R4","name":"central_north_south_residential","roles":["residential","pedestrians","light_carts"]},"geometry":{"type":"LineString","coordinates":[[250,720],[330,820],[400,930],[470,1040],[520,1120]]}},{"type":"Feature","id":"C18","properties":{"id":"C18","layer":"road","roadClass":"R3","name":"central_east_west_urban_axis","roles":["central_distribution","market","civic_access","pedestrians"]},"geometry":{"type":"LineString","coordinates":[[300,600],[430,620],[540,650],[650,700],[780,760],[900,790]]}},{"type":"Feature","id":"L01","properties":{"id":"L01","layer":"local_lane","roadClass":"R5","roles":["river_rear_service","local_access"]},"geometry":{"type":"LineString","coordinates":[[30,580],[120,600],[200,620]]}},{"type":"Feature","id":"L02","properties":{"id":"L02","layer":"local_lane","roadClass":"P1","roles":["market_back_passage","pedestrian"]},"geometry":{"type":"LineString","coordinates":[[180,700],[260,650],[330,620]]}},{"type":"Feature","id":"L03","properties":{"id":"L03","layer":"local_lane","roadClass":"P1","roles":["core_east_passage","pedestrian"]},"geometry":{"type":"LineString","coordinates":[[430,720],[500,680],[540,650]]}},{"type":"Feature","id":"L04","properties":{"id":"L04","layer":"local_lane","roadClass":"R5","roles":["port_rear_service","warehouse_access"]},"geometry":{"type":"LineString","coordinates":[[250,400],[300,350],[400,330],[500,350]]}},{"type":"Feature","id":"L05","properties":{"id":"L05","layer":"local_lane","roadClass":"R5","roles":["woodcraft_west_service","fire_access"]},"geometry":{"type":"LineString","coordinates":[[220,780],[300,820],[400,800]]}},{"type":"Feature","id":"L06","properties":{"id":"L06","layer":"local_lane","roadClass":"R5","roles":["woodcraft_east_service","fire_access"]},"geometry":{"type":"LineString","coordinates":[[500,780],[600,750],[700,720]]}},{"type":"Feature","id":"L07","properties":{"id":"L07","layer":"local_lane","roadClass":"P1","roles":["residential_west_passage"]},"geometry":{"type":"LineString","coordinates":[[120,880],[220,860],[330,820]]}},{"type":"Feature","id":"L08","properties":{"id":"L08","layer":"local_lane","roadClass":"R5","roles":["residential_north_service"]},"geometry":{"type":"LineString","coordinates":[[300,980],[420,1000],[520,1040]]}},{"type":"Feature","id":"L09","properties":{"id":"L09","layer":"local_lane","roadClass":"P1","roles":["residential_east_passage"]},"geometry":{"type":"LineString","coordinates":[[650,930],[780,920],[900,900]]}},{"type":"Feature","id":"L10","properties":{"id":"L10","layer":"local_lane","roadClass":"R5","roles":["administrative_rear_service"]},"geometry":{"type":"LineString","coordinates":[[850,1030],[930,1000],[1040,970]]}},{"type":"Feature","id":"L11","properties":{"id":"L11","layer":"local_lane","roadClass":"P1","roles":["civic_residential_passage"]},"geometry":{"type":"LineString","coordinates":[[600,800],[680,830],[760,900]]}},{"type":"Feature","id":"L12","properties":{"id":"L12","layer":"local_lane","roadClass":"R5","roles":["outer_household_service"]},"geometry":{"type":"LineString","coordinates":[[100,1100],[180,1080],[260,1150]]}},{"type":"Feature","id":"UF01","properties":{"id":"UF01","layer":"urban_fabric_zone","name":"riverfront_mixed_fabric","densityClass":"D2_dense_mixed","planningAreaHa":6.2,"dominantUses":["U03","U01","U04","U08","U13"]},"geometry":{"type":"Polygon","coordinates":[[[-20,340],[160,330],[260,400],[250,570],[160,650],[20,610],[-40,500],[-20,340]]]}},{"type":"Feature","id":"UF02","properties":{"id":"UF02","layer":"urban_fabric_zone","name":"market_core_mixed_fabric","densityClass":"D1_core","planningAreaHa":12.5,"dominantUses":["U03","U04","U01","U05","U06"]},"geometry":{"type":"Polygon","coordinates":[[[160,320],[450,310],[680,390],[790,520],[650,720],[430,820],[180,760],[80,570],[160,320]]]}},{"type":"Feature","id":"UF03","properties":{"id":"UF03","layer":"urban_fabric_zone","name":"civil_port_rear_fabric","densityClass":"D2_port_mixed","planningAreaHa":8.2,"dominantUses":["U13","U08","U03","U05","U06","U01"]},"geometry":{"type":"Polygon","coordinates":[[[130,300],[300,250],[650,300],[690,420],[520,455],[300,430],[135,350],[130,300]]]}},{"type":"Feature","id":"UF04","properties":{"id":"UF04","layer":"urban_fabric_zone","name":"interior_logistics_fabric","densityClass":"D4_logistics","planningAreaHa":9,"dominantUses":["U08","U09","U07","U02","U10"]},"geometry":{"type":"Polygon","coordinates":[[[-40,590],[100,550],[280,580],[450,700],[430,900],[250,980],[40,940],[-60,800],[-40,590]]]}},{"type":"Feature","id":"UF05","properties":{"id":"UF05","layer":"urban_fabric_zone","name":"woodcraft_west_fabric","densityClass":"D3_workshop_mixed","planningAreaHa":12.8,"dominantUses":["U02","U07","U01","U03","U08"]},"geometry":{"type":"Polygon","coordinates":[[[120,600],[330,590],[500,650],[520,800],[400,900],[220,900],[100,780],[120,600]]]}},{"type":"Feature","id":"UF06","properties":{"id":"UF06","layer":"urban_fabric_zone","name":"woodcraft_east_fabric","densityClass":"D3_workshop_mixed","planningAreaHa":9.4,"dominantUses":["U02","U07","U01","U03","U08"]},"geometry":{"type":"Polygon","coordinates":[[[430,520],[700,420],[850,500],[900,650],[720,780],[650,850],[500,800],[430,520]]]}},{"type":"Feature","id":"UF07","properties":{"id":"UF07","layer":"urban_fabric_zone","name":"central_residential_west","densityClass":"D2_residential_mixed","planningAreaHa":13,"dominantUses":["U01","U04","U02","U03"]},"geometry":{"type":"Polygon","coordinates":[[[40,700],[250,700],[430,820],[470,1040],[420,1150],[120,1050],[-10,850],[40,700]]]}},{"type":"Feature","id":"UF08","properties":{"id":"UF08","layer":"urban_fabric_zone","name":"central_residential_east","densityClass":"D2_residential_mixed","planningAreaHa":12.6,"dominantUses":["U01","U04","U03","U02"]},"geometry":{"type":"Polygon","coordinates":[[[600,760],[820,700],[950,700],[980,1020],[850,1200],[650,1140],[550,950],[600,760]]]}},{"type":"Feature","id":"UF09","properties":{"id":"UF09","layer":"urban_fabric_zone","name":"civic_fringe_fabric","densityClass":"D2_civic_edge","planningAreaHa":7,"dominantUses":["U01","U03","U04","U11","U12"]},"geometry":{"type":"Polygon","coordinates":[[[520,550],[860,620],[1100,800],[1040,1030],[850,1100],[620,900],[520,550]]]}},{"type":"Feature","id":"UF10","properties":{"id":"UF10","layer":"urban_fabric_zone","name":"northern_residential_transition","densityClass":"D3_outer_residential","planningAreaHa":8.8,"dominantUses":["U01","U02","U10","U07"]},"geometry":{"type":"Polygon","coordinates":[[[200,950],[500,950],[800,1050],[850,1200],[650,1320],[300,1280],[200,950]]]}},{"type":"Feature","id":"UF11","properties":{"id":"UF11","layer":"urban_fabric_zone","name":"rural_peripheral_transition","densityClass":"D5_peripheral","planningAreaHa":7.2,"dominantUses":["U10","U07","U01","U02"]},"geometry":{"type":"Polygon","coordinates":[[[-20,900],[240,860],[350,1000],[300,1220],[100,1320],[-50,1200],[-20,900]]]}},{"type":"Feature","id":"UF12","properties":{"id":"UF12","layer":"urban_fabric_zone","name":"eastern_service_shoulder","densityClass":"D4_service_edge","planningAreaHa":4,"dominantUses":["U07","U08","U13","U02"]},"geometry":{"type":"Polygon","coordinates":[[[700,420],[900,430],[1000,587],[930,680],[850,700],[720,620],[700,420]]]}},{"type":"Feature","id":"B001","properties":{"id":"B001","layer":"block_cluster","zoneId":"UF01","sequenceInZone":1},"geometry":{"type":"Polygon","coordinates":[[[72,337.68],[148,337.68],[148,386.32],[72,386.32],[72,337.68]]]}},{"type":"Feature","id":"P0001","properties":{"id":"P0001","layer":"ordinary_parcel","zoneId":"UF01","blockId":"B001","compatibleForms":["U03","U01","U04","U08","U13"]},"geometry":{"type":"Polygon","coordinates":[[[72.38,338.0853333333333],[86.82000000000001,338.0853333333333],[86.82000000000001,353.488],[72.38,353.488],[72.38,338.0853333333333]]]}},{"type":"Feature","id":"P0002","properties":{"id":"P0002","layer":"ordinary_parcel","zoneId":"UF01","blockId":"B001","compatibleForms":["U03","U01","U04","U08","U13"]},"geometry":{"type":"Polygon","coordinates":[[[87.58,338.0853333333333],[102.02000000000001,338.0853333333333],[102.02000000000001,353.488],[87.58,353.488],[87.58,338.0853333333333]]]}},{"type":"Feature","id":"P0003","properties":{"id":"P0003","layer":"ordinary_parcel","zoneId":"UF01","blockId":"B001","compatibleForms":["U03","U01","U04","U08","U13"]},"geometry":{"type":"Polygon","coordinates":[[[102.78,338.0853333333333],[117.22,338.0853333333333],[117.22,353.488],[102.78,353.488],[102.78,338.0853333333333]]]}},{"type":"Feature","id":"P0004","properties":{"id":"P0004","layer":"ordinary_parcel","zoneId":"UF01","blockId":"B001","compatibleForms":["U03","U01","U04","U08","U13"]},"geometry":{"type":"Polygon","coordinates":[[[117.97999999999999,338.0853333333333],[132.42000000000002,338.0853333333333],[132.42000000000002,353.488],[117.97999999999999,353.488],[117.97999999999999,338.0853333333333]]]}},{"type":"Feature","id":"P0005","properties":{"id":"P0005","layer":"ordinary_parcel","zoneId":"UF01","blockId":"B001","compatibleForms":["U03","U01","U04","U08","U13"]},"geometry":{"type":"Polygon","coordinates":[[[133.18,338.0853333333333],[147.62,338.0853333333333],[147.62,353.488],[133.18,353.488],[133.18,338.0853333333333]]]}},{"type":"Feature","id":"P0006","properties":{"id":"P0006","layer":"ordinary_parcel","zoneId":"UF01","blockId":"B001","compatibleForms":["U03","U01","U04","U08","U13"]},"geometry":{"type":"Polygon","coordinates":[[[72.38,354.29866666666663],[86.82000000000001,354.29866666666663],[86.82000000000001,369.70133333333337],[72.38,369.70133333333337],[72.38,354.29866666666663]]]}},{"type":"Feature","id":"P0007","properties":{"id":"P0007","layer":"ordinary_parcel","zoneId":"UF01","blockId":"B001","compatibleForms":["U03","U01","U04","U08","U13"]},"geometry":{"type":"Polygon","coordinates":[[[87.58,354.29866666666663],[102.02000000000001,354.29866666666663],[102.02000000000001,369.70133333333337],[87.58,369.70133333333337],[87.58,354.29866666666663]]]}},{"type":"Feature","id":"P0008","properties":{"id":"P0008","layer":"ordinary_parcel","zoneId":"UF01","blockId":"B001","compatibleForms":["U03","U01","U04","U08","U13"]},"geometry":{"type":"Polygon","coordinates":[[[102.78,354.29866666666663],[117.22,354.29866666666663],[117.22,369.70133333333337],[102.78,369.70133333333337],[102.78,354.29866666666663]]]}},{"type":"Feature","id":"P0009","properties":{"id":"P0009","layer":"ordinary_parcel","zoneId":"UF01","blockId":"B001","compatibleForms":["U03","U01","U04","U08","U13"]},"geometry":{"type":"Polygon","coordinates":[[[117.97999999999999,354.29866666666663],[132.42000000000002,354.29866666666663],[132.42000000000002,369.70133333333337],[117.97999999999999,369.70133333333337],[117.97999999999999,354.29866666666663]]]}},{"type":"Feature","id":"P0010","properties":{"id":"P0010","layer":"ordinary_parcel","zoneId":"UF01","blockId":"B001","compatibleForms":["U03","U01","U04","U08","U13"]},"geometry":{"type":"Polygon","coordinates":[[[133.18,354.29866666666663],[147.62,354.29866666666663],[147.62,369.70133333333337],[133.18,369.70133333333337],[133.18,354.29866666666663]]]}},{"type":"Feature","id":"P0011","properties":{"id":"P0011","layer":"ordinary_parcel","zoneId":"UF01","blockId":"B001","compatibleForms":["U03","U01","U04","U08","U13"]},"geometry":{"type":"Polygon","coordinates":[[[72.38,370.512],[86.82000000000001,370.512],[86.82000000000001,385.9146666666667],[72.38,385.9146666666667],[72.38,370.512]]]}},{"type":"Feature","id":"P0012","properties":{"id":"P0012","layer":"ordinary_parcel","zoneId":"UF01","blockId":"B001","compatibleForms":["U03","U01","U04","U08","U13"]},"geometry":{"type":"Polygon","coordinates":[[[87.58,370.512],[102.02000000000001,370.512],[102.02000000000001,385.9146666666667],[87.58,385.9146666666667],[87.58,370.512]]]}},{"type":"Feature","id":"P0013","properties":{"id":"P0013","layer":"ordinary_parcel","zoneId":"UF01","blockId":"B001","compatibleForms":["U03","U01","U04","U08","U13"]},"geometry":{"type":"Polygon","coordinates":[[[102.78,370.512],[117.22,370.512],[117.22,385.9146666666667],[102.78,385.9146666666667],[102.78,370.512]]]}},{"type":"Feature","id":"P0014","properties":{"id":"P0014","layer":"ordinary_parcel","zoneId":"UF01","blockId":"B001","compatibleForms":["U03","U01","U04","U08","U13"]},"geometry":{"type":"Polygon","coordinates":[[[117.97999999999999,370.512],[132.42000000000002,370.512],[132.42000000000002,385.9146666666667],[117.97999999999999,385.9146666666667],[117.97999999999999,370.512]]]}},{"type":"Feature","id":"P0015","properties":{"id":"P0015","layer":"ordinary_parcel","zoneId":"UF01","blockId":"B001","compatibleForms":["U03","U01","U04","U08","U13"]},"geometry":{"type":"Polygon","coordinates":[[[133.18,370.512],[147.62,370.512],[147.62,385.9146666666667],[133.18,385.9146666666667],[133.18,370.512]]]}},{"type":"Feature","id":"B002","properties":{"id":"B002","layer":"block_cluster","zoneId":"UF01","sequenceInZone":2},"geometry":{"type":"Polygon","coordinates":[[[72,401.68],[148,401.68],[148,450.32],[72,450.32],[72,401.68]]]}},{"type":"Feature","id":"P0016","properties":{"id":"P0016","layer":"ordinary_parcel","zoneId":"UF01","blockId":"B002","compatibleForms":["U03","U01","U04","U08","U13"]},"geometry":{"type":"Polygon","coordinates":[[[72.38,402.0853333333333],[86.82000000000001,402.0853333333333],[86.82000000000001,417.488],[72.38,417.488],[72.38,402.0853333333333]]]}},{"type":"Feature","id":"P0017","properties":{"id":"P0017","layer":"ordinary_parcel","zoneId":"UF01","blockId":"B002","compatibleForms":["U03","U01","U04","U08","U13"]},"geometry":{"type":"Polygon","coordinates":[[[87.58,402.0853333333333],[102.02000000000001,402.0853333333333],[102.02000000000001,417.488],[87.58,417.488],[87.58,402.0853333333333]]]}},{"type":"Feature","id":"P0018","properties":{"id":"P0018","layer":"ordinary_parcel","zoneId":"UF01","blockId":"B002","compatibleForms":["U03","U01","U04","U08","U13"]},"geometry":{"type":"Polygon","coordinates":[[[102.78,402.0853333333333],[117.22,402.0853333333333],[117.22,417.488],[102.78,417.488],[102.78,402.0853333333333]]]}},{"type":"Feature","id":"P0019","properties":{"id":"P0019","layer":"ordinary_parcel","zoneId":"UF01","blockId":"B002","compatibleForms":["U03","U01","U04","U08","U13"]},"geometry":{"type":"Polygon","coordinates":[[[117.97999999999999,402.0853333333333],[132.42000000000002,402.0853333333333],[132.42000000000002,417.488],[117.97999999999999,417.488],[117.97999999999999,402.0853333333333]]]}},{"type":"Feature","id":"P0020","properties":{"id":"P0020","layer":"ordinary_parcel","zoneId":"UF01","blockId":"B002","compatibleForms":["U03","U01","U04","U08","U13"]},"geometry":{"type":"Polygon","coordinates":[[[133.18,402.0853333333333],[147.62,402.0853333333333],[147.62,417.488],[133.18,417.488],[133.18,402.0853333333333]]]}},{"type":"Feature","id":"P0021","properties":{"id":"P0021","layer":"ordinary_parcel","zoneId":"UF01","blockId":"B002","compatibleForms":["U03","U01","U04","U08","U13"]},"geometry":{"type":"Polygon","coordinates":[[[72.38,418.29866666666663],[86.82000000000001,418.29866666666663],[86.82000000000001,433.70133333333337],[72.38,433.70133333333337],[72.38,418.29866666666663]]]}},{"type":"Feature","id":"P0022","properties":{"id":"P0022","layer":"ordinary_parcel","zoneId":"UF01","blockId":"B002","compatibleForms":["U03","U01","U04","U08","U13"]},"geometry":{"type":"Polygon","coordinates":[[[87.58,418.29866666666663],[102.02000000000001,418.29866666666663],[102.02000000000001,433.70133333333337],[87.58,433.70133333333337],[87.58,418.29866666666663]]]}},{"type":"Feature","id":"P0023","properties":{"id":"P0023","layer":"ordinary_parcel","zoneId":"UF01","blockId":"B002","compatibleForms":["U03","U01","U04","U08","U13"]},"geometry":{"type":"Polygon","coordinates":[[[102.78,418.29866666666663],[117.22,418.29866666666663],[117.22,433.70133333333337],[102.78,433.70133333333337],[102.78,418.29866666666663]]]}},{"type":"Feature","id":"P0024","properties":{"id":"P0024","layer":"ordinary_parcel","zoneId":"UF01","blockId":"B002","compatibleForms":["U03","U01","U04","U08","U13"]},"geometry":{"type":"Polygon","coordinates":[[[117.97999999999999,418.29866666666663],[132.42000000000002,418.29866666666663],[132.42000000000002,433.70133333333337],[117.97999999999999,433.70133333333337],[117.97999999999999,418.29866666666663]]]}},{"type":"Feature","id":"P0025","properties":{"id":"P0025","layer":"ordinary_parcel","zoneId":"UF01","blockId":"B002","compatibleForms":["U03","U01","U04","U08","U13"]},"geometry":{"type":"Polygon","coordinates":[[[133.18,418.29866666666663],[147.62,418.29866666666663],[147.62,433.70133333333337],[133.18,433.70133333333337],[133.18,418.29866666666663]]]}},{"type":"Feature","id":"P0026","properties":{"id":"P0026","layer":"ordinary_parcel","zoneId":"UF01","blockId":"B002","compatibleForms":["U03","U01","U04","U08","U13"]},"geometry":{"type":"Polygon","coordinates":[[[72.38,434.512],[86.82000000000001,434.512],[86.82000000000001,449.9146666666667],[72.38,449.9146666666667],[72.38,434.512]]]}},{"type":"Feature","id":"P0027","properties":{"id":"P0027","layer":"ordinary_parcel","zoneId":"UF01","blockId":"B002","compatibleForms":["U03","U01","U04","U08","U13"]},"geometry":{"type":"Polygon","coordinates":[[[87.58,434.512],[102.02000000000001,434.512],[102.02000000000001,449.9146666666667],[87.58,449.9146666666667],[87.58,434.512]]]}},{"type":"Feature","id":"P0028","properties":{"id":"P0028","layer":"ordinary_parcel","zoneId":"UF01","blockId":"B002","compatibleForms":["U03","U01","U04","U08","U13"]},"geometry":{"type":"Polygon","coordinates":[[[102.78,434.512],[117.22,434.512],[117.22,449.9146666666667],[102.78,449.9146666666667],[102.78,434.512]]]}},{"type":"Feature","id":"P0029","properties":{"id":"P0029","layer":"ordinary_parcel","zoneId":"UF01","blockId":"B002","compatibleForms":["U03","U01","U04","U08","U13"]},"geometry":{"type":"Polygon","coordinates":[[[117.97999999999999,434.512],[132.42000000000002,434.512],[132.42000000000002,449.9146666666667],[117.97999999999999,449.9146666666667],[117.97999999999999,434.512]]]}},{"type":"Feature","id":"P0030","properties":{"id":"P0030","layer":"ordinary_parcel","zoneId":"UF01","blockId":"B002","compatibleForms":["U03","U01","U04","U08","U13"]},"geometry":{"type":"Polygon","coordinates":[[[133.18,434.512],[147.62,434.512],[147.62,449.9146666666667],[133.18,449.9146666666667],[133.18,434.512]]]}},{"type":"Feature","id":"B003","properties":{"id":"B003","layer":"block_cluster","zoneId":"UF01","sequenceInZone":3},"geometry":{"type":"Polygon","coordinates":[[[172,401.68],[248,401.68],[248,450.32],[172,450.32],[172,401.68]]]}},{"type":"Feature","id":"P0031","properties":{"id":"P0031","layer":"ordinary_parcel","zoneId":"UF01","blockId":"B003","compatibleForms":["U03","U01","U04","U08","U13"]},"geometry":{"type":"Polygon","coordinates":[[[172.38,402.0853333333333],[186.82,402.0853333333333],[186.82,417.488],[172.38,417.488],[172.38,402.0853333333333]]]}},{"type":"Feature","id":"P0032","properties":{"id":"P0032","layer":"ordinary_parcel","zoneId":"UF01","blockId":"B003","compatibleForms":["U03","U01","U04","U08","U13"]},"geometry":{"type":"Polygon","coordinates":[[[187.57999999999998,402.0853333333333],[202.02,402.0853333333333],[202.02,417.488],[187.57999999999998,417.488],[187.57999999999998,402.0853333333333]]]}},{"type":"Feature","id":"P0033","properties":{"id":"P0033","layer":"ordinary_parcel","zoneId":"UF01","blockId":"B003","compatibleForms":["U03","U01","U04","U08","U13"]},"geometry":{"type":"Polygon","coordinates":[[[202.78,402.0853333333333],[217.22,402.0853333333333],[217.22,417.488],[202.78,417.488],[202.78,402.0853333333333]]]}},{"type":"Feature","id":"P0034","properties":{"id":"P0034","layer":"ordinary_parcel","zoneId":"UF01","blockId":"B003","compatibleForms":["U03","U01","U04","U08","U13"]},"geometry":{"type":"Polygon","coordinates":[[[217.98,402.0853333333333],[232.42000000000002,402.0853333333333],[232.42000000000002,417.488],[217.98,417.488],[217.98,402.0853333333333]]]}},{"type":"Feature","id":"P0035","properties":{"id":"P0035","layer":"ordinary_parcel","zoneId":"UF01","blockId":"B003","compatibleForms":["U03","U01","U04","U08","U13"]},"geometry":{"type":"Polygon","coordinates":[[[233.18,402.0853333333333],[247.62,402.0853333333333],[247.62,417.488],[233.18,417.488],[233.18,402.0853333333333]]]}},{"type":"Feature","id":"P0036","properties":{"id":"P0036","layer":"ordinary_parcel","zoneId":"UF01","blockId":"B003","compatibleForms":["U03","U01","U04","U08","U13"]},"geometry":{"type":"Polygon","coordinates":[[[172.38,418.29866666666663],[186.82,418.29866666666663],[186.82,433.70133333333337],[172.38,433.70133333333337],[172.38,418.29866666666663]]]}},{"type":"Feature","id":"P0037","properties":{"id":"P0037","layer":"ordinary_parcel","zoneId":"UF01","blockId":"B003","compatibleForms":["U03","U01","U04","U08","U13"]},"geometry":{"type":"Polygon","coordinates":[[[187.57999999999998,418.29866666666663],[202.02,418.29866666666663],[202.02,433.70133333333337],[187.57999999999998,433.70133333333337],[187.57999999999998,418.29866666666663]]]}},{"type":"Feature","id":"P0038","properties":{"id":"P0038","layer":"ordinary_parcel","zoneId":"UF01","blockId":"B003","compatibleForms":["U03","U01","U04","U08","U13"]},"geometry":{"type":"Polygon","coordinates":[[[202.78,418.29866666666663],[217.22,418.29866666666663],[217.22,433.70133333333337],[202.78,433.70133333333337],[202.78,418.29866666666663]]]}},{"type":"Feature","id":"P0039","properties":{"id":"P0039","layer":"ordinary_parcel","zoneId":"UF01","blockId":"B003","compatibleForms":["U03","U01","U04","U08","U13"]},"geometry":{"type":"Polygon","coordinates":[[[217.98,418.29866666666663],[232.42000000000002,418.29866666666663],[232.42000000000002,433.70133333333337],[217.98,433.70133333333337],[217.98,418.29866666666663]]]}},{"type":"Feature","id":"P0040","properties":{"id":"P0040","layer":"ordinary_parcel","zoneId":"UF01","blockId":"B003","compatibleForms":["U03","U01","U04","U08","U13"]},"geometry":{"type":"Polygon","coordinates":[[[233.18,418.29866666666663],[247.62,418.29866666666663],[247.62,433.70133333333337],[233.18,433.70133333333337],[233.18,418.29866666666663]]]}},{"type":"Feature","id":"P0041","properties":{"id":"P0041","layer":"ordinary_parcel","zoneId":"UF01","blockId":"B003","compatibleForms":["U03","U01","U04","U08","U13"]},"geometry":{"type":"Polygon","coordinates":[[[172.38,434.512],[186.82,434.512],[186.82,449.9146666666667],[172.38,449.9146666666667],[172.38,434.512]]]}},{"type":"Feature","id":"P0042","properties":{"id":"P0042","layer":"ordinary_parcel","zoneId":"UF01","blockId":"B003","compatibleForms":["U03","U01","U04","U08","U13"]},"geometry":{"type":"Polygon","coordinates":[[[187.57999999999998,434.512],[202.02,434.512],[202.02,449.9146666666667],[187.57999999999998,449.9146666666667],[187.57999999999998,434.512]]]}},{"type":"Feature","id":"P0043","properties":{"id":"P0043","layer":"ordinary_parcel","zoneId":"UF01","blockId":"B003","compatibleForms":["U03","U01","U04","U08","U13"]},"geometry":{"type":"Polygon","coordinates":[[[202.78,434.512],[217.22,434.512],[217.22,449.9146666666667],[202.78,449.9146666666667],[202.78,434.512]]]}},{"type":"Feature","id":"P0044","properties":{"id":"P0044","layer":"ordinary_parcel","zoneId":"UF01","blockId":"B003","compatibleForms":["U03","U01","U04","U08","U13"]},"geometry":{"type":"Polygon","coordinates":[[[217.98,434.512],[232.42000000000002,434.512],[232.42000000000002,449.9146666666667],[217.98,449.9146666666667],[217.98,434.512]]]}},{"type":"Feature","id":"P0045","properties":{"id":"P0045","layer":"ordinary_parcel","zoneId":"UF01","blockId":"B003","compatibleForms":["U03","U01","U04","U08","U13"]},"geometry":{"type":"Polygon","coordinates":[[[233.18,434.512],[247.62,434.512],[247.62,449.9146666666667],[233.18,449.9146666666667],[233.18,434.512]]]}},{"type":"Feature","id":"B004","properties":{"id":"B004","layer":"block_cluster","zoneId":"UF01","sequenceInZone":4},"geometry":{"type":"Polygon","coordinates":[[[-28,465.68],[48,465.68],[48,514.32],[-28,514.32],[-28,465.68]]]}},{"type":"Feature","id":"P0046","properties":{"id":"P0046","layer":"ordinary_parcel","zoneId":"UF01","blockId":"B004","compatibleForms":["U03","U01","U04","U08","U13"]},"geometry":{"type":"Polygon","coordinates":[[[-27.62,466.0853333333333],[-13.180000000000001,466.0853333333333],[-13.180000000000001,481.48800000000006],[-27.62,481.48800000000006],[-27.62,466.0853333333333]]]}},{"type":"Feature","id":"P0047","properties":{"id":"P0047","layer":"ordinary_parcel","zoneId":"UF01","blockId":"B004","compatibleForms":["U03","U01","U04","U08","U13"]},"geometry":{"type":"Polygon","coordinates":[[[-12.42,466.0853333333333],[2.0199999999999987,466.0853333333333],[2.0199999999999987,481.48800000000006],[-12.42,481.48800000000006],[-12.42,466.0853333333333]]]}},{"type":"Feature","id":"P0048","properties":{"id":"P0048","layer":"ordinary_parcel","zoneId":"UF01","blockId":"B004","compatibleForms":["U03","U01","U04","U08","U13"]},"geometry":{"type":"Polygon","coordinates":[[[2.7799999999999985,466.0853333333333],[17.220000000000002,466.0853333333333],[17.220000000000002,481.48800000000006],[2.7799999999999985,481.48800000000006],[2.7799999999999985,466.0853333333333]]]}},{"type":"Feature","id":"P0049","properties":{"id":"P0049","layer":"ordinary_parcel","zoneId":"UF01","blockId":"B004","compatibleForms":["U03","U01","U04","U08","U13"]},"geometry":{"type":"Polygon","coordinates":[[[17.98,466.0853333333333],[32.419999999999995,466.0853333333333],[32.419999999999995,481.48800000000006],[17.98,481.48800000000006],[17.98,466.0853333333333]]]}},{"type":"Feature","id":"P0050","properties":{"id":"P0050","layer":"ordinary_parcel","zoneId":"UF01","blockId":"B004","compatibleForms":["U03","U01","U04","U08","U13"]},"geometry":{"type":"Polygon","coordinates":[[[33.18,466.0853333333333],[47.62,466.0853333333333],[47.62,481.48800000000006],[33.18,481.48800000000006],[33.18,466.0853333333333]]]}},{"type":"Feature","id":"P0051","properties":{"id":"P0051","layer":"ordinary_parcel","zoneId":"UF01","blockId":"B004","compatibleForms":["U03","U01","U04","U08","U13"]},"geometry":{"type":"Polygon","coordinates":[[[-27.62,482.2986666666667],[-13.180000000000001,482.2986666666667],[-13.180000000000001,497.70133333333337],[-27.62,497.70133333333337],[-27.62,482.2986666666667]]]}},{"type":"Feature","id":"P0052","properties":{"id":"P0052","layer":"ordinary_parcel","zoneId":"UF01","blockId":"B004","compatibleForms":["U03","U01","U04","U08","U13"]},"geometry":{"type":"Polygon","coordinates":[[[-12.42,482.2986666666667],[2.0199999999999987,482.2986666666667],[2.0199999999999987,497.70133333333337],[-12.42,497.70133333333337],[-12.42,482.2986666666667]]]}},{"type":"Feature","id":"P0053","properties":{"id":"P0053","layer":"ordinary_parcel","zoneId":"UF01","blockId":"B004","compatibleForms":["U03","U01","U04","U08","U13"]},"geometry":{"type":"Polygon","coordinates":[[[2.7799999999999985,482.2986666666667],[17.220000000000002,482.2986666666667],[17.220000000000002,497.70133333333337],[2.7799999999999985,497.70133333333337],[2.7799999999999985,482.2986666666667]]]}},{"type":"Feature","id":"P0054","properties":{"id":"P0054","layer":"ordinary_parcel","zoneId":"UF01","blockId":"B004","compatibleForms":["U03","U01","U04","U08","U13"]},"geometry":{"type":"Polygon","coordinates":[[[17.98,482.2986666666667],[32.419999999999995,482.2986666666667],[32.419999999999995,497.70133333333337],[17.98,497.70133333333337],[17.98,482.2986666666667]]]}},{"type":"Feature","id":"P0055","properties":{"id":"P0055","layer":"ordinary_parcel","zoneId":"UF01","blockId":"B004","compatibleForms":["U03","U01","U04","U08","U13"]},"geometry":{"type":"Polygon","coordinates":[[[33.18,482.2986666666667],[47.62,482.2986666666667],[47.62,497.70133333333337],[33.18,497.70133333333337],[33.18,482.2986666666667]]]}},{"type":"Feature","id":"P0056","properties":{"id":"P0056","layer":"ordinary_parcel","zoneId":"UF01","blockId":"B004","compatibleForms":["U03","U01","U04","U08","U13"]},"geometry":{"type":"Polygon","coordinates":[[[-27.62,498.512],[-13.180000000000001,498.512],[-13.180000000000001,513.9146666666667],[-27.62,513.9146666666667],[-27.62,498.512]]]}},{"type":"Feature","id":"P0057","properties":{"id":"P0057","layer":"ordinary_parcel","zoneId":"UF01","blockId":"B004","compatibleForms":["U03","U01","U04","U08","U13"]},"geometry":{"type":"Polygon","coordinates":[[[-12.42,498.512],[2.0199999999999987,498.512],[2.0199999999999987,513.9146666666667],[-12.42,513.9146666666667],[-12.42,498.512]]]}},{"type":"Feature","id":"P0058","properties":{"id":"P0058","layer":"ordinary_parcel","zoneId":"UF01","blockId":"B004","compatibleForms":["U03","U01","U04","U08","U13"]},"geometry":{"type":"Polygon","coordinates":[[[2.7799999999999985,498.512],[17.220000000000002,498.512],[17.220000000000002,513.9146666666667],[2.7799999999999985,513.9146666666667],[2.7799999999999985,498.512]]]}},{"type":"Feature","id":"P0059","properties":{"id":"P0059","layer":"ordinary_parcel","zoneId":"UF01","blockId":"B004","compatibleForms":["U03","U01","U04","U08","U13"]},"geometry":{"type":"Polygon","coordinates":[[[17.98,498.512],[32.419999999999995,498.512],[32.419999999999995,513.9146666666667],[17.98,513.9146666666667],[17.98,498.512]]]}},{"type":"Feature","id":"P0060","properties":{"id":"P0060","layer":"ordinary_parcel","zoneId":"UF01","blockId":"B004","compatibleForms":["U03","U01","U04","U08","U13"]},"geometry":{"type":"Polygon","coordinates":[[[33.18,498.512],[47.62,498.512],[47.62,513.9146666666667],[33.18,513.9146666666667],[33.18,498.512]]]}},{"type":"Feature","id":"B005","properties":{"id":"B005","layer":"block_cluster","zoneId":"UF01","sequenceInZone":5},"geometry":{"type":"Polygon","coordinates":[[[72,465.68],[148,465.68],[148,514.32],[72,514.32],[72,465.68]]]}},{"type":"Feature","id":"P0061","properties":{"id":"P0061","layer":"ordinary_parcel","zoneId":"UF01","blockId":"B005","compatibleForms":["U03","U01","U04","U08","U13"]},"geometry":{"type":"Polygon","coordinates":[[[72.38,466.0853333333333],[86.82000000000001,466.0853333333333],[86.82000000000001,481.48800000000006],[72.38,481.48800000000006],[72.38,466.0853333333333]]]}},{"type":"Feature","id":"P0062","properties":{"id":"P0062","layer":"ordinary_parcel","zoneId":"UF01","blockId":"B005","compatibleForms":["U03","U01","U04","U08","U13"]},"geometry":{"type":"Polygon","coordinates":[[[87.58,466.0853333333333],[102.02000000000001,466.0853333333333],[102.02000000000001,481.48800000000006],[87.58,481.48800000000006],[87.58,466.0853333333333]]]}},{"type":"Feature","id":"P0063","properties":{"id":"P0063","layer":"ordinary_parcel","zoneId":"UF01","blockId":"B005","compatibleForms":["U03","U01","U04","U08","U13"]},"geometry":{"type":"Polygon","coordinates":[[[102.78,466.0853333333333],[117.22,466.0853333333333],[117.22,481.48800000000006],[102.78,481.48800000000006],[102.78,466.0853333333333]]]}},{"type":"Feature","id":"P0064","properties":{"id":"P0064","layer":"ordinary_parcel","zoneId":"UF01","blockId":"B005","compatibleForms":["U03","U01","U04","U08","U13"]},"geometry":{"type":"Polygon","coordinates":[[[117.97999999999999,466.0853333333333],[132.42000000000002,466.0853333333333],[132.42000000000002,481.48800000000006],[117.97999999999999,481.48800000000006],[117.97999999999999,466.0853333333333]]]}},{"type":"Feature","id":"P0065","properties":{"id":"P0065","layer":"ordinary_parcel","zoneId":"UF01","blockId":"B005","compatibleForms":["U03","U01","U04","U08","U13"]},"geometry":{"type":"Polygon","coordinates":[[[133.18,466.0853333333333],[147.62,466.0853333333333],[147.62,481.48800000000006],[133.18,481.48800000000006],[133.18,466.0853333333333]]]}},{"type":"Feature","id":"P0066","properties":{"id":"P0066","layer":"ordinary_parcel","zoneId":"UF01","blockId":"B005","compatibleForms":["U03","U01","U04","U08","U13"]},"geometry":{"type":"Polygon","coordinates":[[[72.38,482.2986666666667],[86.82000000000001,482.2986666666667],[86.82000000000001,497.70133333333337],[72.38,497.70133333333337],[72.38,482.2986666666667]]]}},{"type":"Feature","id":"P0067","properties":{"id":"P0067","layer":"ordinary_parcel","zoneId":"UF01","blockId":"B005","compatibleForms":["U03","U01","U04","U08","U13"]},"geometry":{"type":"Polygon","coordinates":[[[87.58,482.2986666666667],[102.02000000000001,482.2986666666667],[102.02000000000001,497.70133333333337],[87.58,497.70133333333337],[87.58,482.2986666666667]]]}},{"type":"Feature","id":"P0068","properties":{"id":"P0068","layer":"ordinary_parcel","zoneId":"UF01","blockId":"B005","compatibleForms":["U03","U01","U04","U08","U13"]},"geometry":{"type":"Polygon","coordinates":[[[102.78,482.2986666666667],[117.22,482.2986666666667],[117.22,497.70133333333337],[102.78,497.70133333333337],[102.78,482.2986666666667]]]}},{"type":"Feature","id":"P0069","properties":{"id":"P0069","layer":"ordinary_parcel","zoneId":"UF01","blockId":"B005","compatibleForms":["U03","U01","U04","U08","U13"]},"geometry":{"type":"Polygon","coordinates":[[[117.97999999999999,482.2986666666667],[132.42000000000002,482.2986666666667],[132.42000000000002,497.70133333333337],[117.97999999999999,497.70133333333337],[117.97999999999999,482.2986666666667]]]}},{"type":"Feature","id":"P0070","properties":{"id":"P0070","layer":"ordinary_parcel","zoneId":"UF01","blockId":"B005","compatibleForms":["U03","U01","U04","U08","U13"]},"geometry":{"type":"Polygon","coordinates":[[[133.18,482.2986666666667],[147.62,482.2986666666667],[147.62,497.70133333333337],[133.18,497.70133333333337],[133.18,482.2986666666667]]]}},{"type":"Feature","id":"P0071","properties":{"id":"P0071","layer":"ordinary_parcel","zoneId":"UF01","blockId":"B005","compatibleForms":["U03","U01","U04","U08","U13"]},"geometry":{"type":"Polygon","coordinates":[[[72.38,498.512],[86.82000000000001,498.512],[86.82000000000001,513.9146666666667],[72.38,513.9146666666667],[72.38,498.512]]]}},{"type":"Feature","id":"P0072","properties":{"id":"P0072","layer":"ordinary_parcel","zoneId":"UF01","blockId":"B005","compatibleForms":["U03","U01","U04","U08","U13"]},"geometry":{"type":"Polygon","coordinates":[[[87.58,498.512],[102.02000000000001,498.512],[102.02000000000001,513.9146666666667],[87.58,513.9146666666667],[87.58,498.512]]]}},{"type":"Feature","id":"P0073","properties":{"id":"P0073","layer":"ordinary_parcel","zoneId":"UF01","blockId":"B005","compatibleForms":["U03","U01","U04","U08","U13"]},"geometry":{"type":"Polygon","coordinates":[[[102.78,498.512],[117.22,498.512],[117.22,513.9146666666667],[102.78,513.9146666666667],[102.78,498.512]]]}},{"type":"Feature","id":"P0074","properties":{"id":"P0074","layer":"ordinary_parcel","zoneId":"UF01","blockId":"B005","compatibleForms":["U03","U01","U04","U08","U13"]},"geometry":{"type":"Polygon","coordinates":[[[117.97999999999999,498.512],[132.42000000000002,498.512],[132.42000000000002,513.9146666666667],[117.97999999999999,513.9146666666667],[117.97999999999999,498.512]]]}},{"type":"Feature","id":"P0075","properties":{"id":"P0075","layer":"ordinary_parcel","zoneId":"UF01","blockId":"B005","compatibleForms":["U03","U01","U04","U08","U13"]},"geometry":{"type":"Polygon","coordinates":[[[133.18,498.512],[147.62,498.512],[147.62,513.9146666666667],[133.18,513.9146666666667],[133.18,498.512]]]}},{"type":"Feature","id":"B006","properties":{"id":"B006","layer":"block_cluster","zoneId":"UF01","sequenceInZone":6},"geometry":{"type":"Polygon","coordinates":[[[172,465.68],[248,465.68],[248,514.32],[172,514.32],[172,465.68]]]}},{"type":"Feature","id":"P0076","properties":{"id":"P0076","layer":"ordinary_parcel","zoneId":"UF01","blockId":"B006","compatibleForms":["U03","U01","U04","U08","U13"]},"geometry":{"type":"Polygon","coordinates":[[[172.38,466.0853333333333],[186.82,466.0853333333333],[186.82,481.48800000000006],[172.38,481.48800000000006],[172.38,466.0853333333333]]]}},{"type":"Feature","id":"P0077","properties":{"id":"P0077","layer":"ordinary_parcel","zoneId":"UF01","blockId":"B006","compatibleForms":["U03","U01","U04","U08","U13"]},"geometry":{"type":"Polygon","coordinates":[[[187.57999999999998,466.0853333333333],[202.02,466.0853333333333],[202.02,481.48800000000006],[187.57999999999998,481.48800000000006],[187.57999999999998,466.0853333333333]]]}},{"type":"Feature","id":"P0078","properties":{"id":"P0078","layer":"ordinary_parcel","zoneId":"UF01","blockId":"B006","compatibleForms":["U03","U01","U04","U08","U13"]},"geometry":{"type":"Polygon","coordinates":[[[202.78,466.0853333333333],[217.22,466.0853333333333],[217.22,481.48800000000006],[202.78,481.48800000000006],[202.78,466.0853333333333]]]}},{"type":"Feature","id":"P0079","properties":{"id":"P0079","layer":"ordinary_parcel","zoneId":"UF01","blockId":"B006","compatibleForms":["U03","U01","U04","U08","U13"]},"geometry":{"type":"Polygon","coordinates":[[[217.98,466.0853333333333],[232.42000000000002,466.0853333333333],[232.42000000000002,481.48800000000006],[217.98,481.48800000000006],[217.98,466.0853333333333]]]}},{"type":"Feature","id":"P0080","properties":{"id":"P0080","layer":"ordinary_parcel","zoneId":"UF01","blockId":"B006","compatibleForms":["U03","U01","U04","U08","U13"]},"geometry":{"type":"Polygon","coordinates":[[[233.18,466.0853333333333],[247.62,466.0853333333333],[247.62,481.48800000000006],[233.18,481.48800000000006],[233.18,466.0853333333333]]]}},{"type":"Feature","id":"P0081","properties":{"id":"P0081","layer":"ordinary_parcel","zoneId":"UF01","blockId":"B006","compatibleForms":["U03","U01","U04","U08","U13"]},"geometry":{"type":"Polygon","coordinates":[[[172.38,482.2986666666667],[186.82,482.2986666666667],[186.82,497.70133333333337],[172.38,497.70133333333337],[172.38,482.2986666666667]]]}},{"type":"Feature","id":"P0082","properties":{"id":"P0082","layer":"ordinary_parcel","zoneId":"UF01","blockId":"B006","compatibleForms":["U03","U01","U04","U08","U13"]},"geometry":{"type":"Polygon","coordinates":[[[187.57999999999998,482.2986666666667],[202.02,482.2986666666667],[202.02,497.70133333333337],[187.57999999999998,497.70133333333337],[187.57999999999998,482.2986666666667]]]}},{"type":"Feature","id":"P0083","properties":{"id":"P0083","layer":"ordinary_parcel","zoneId":"UF01","blockId":"B006","compatibleForms":["U03","U01","U04","U08","U13"]},"geometry":{"type":"Polygon","coordinates":[[[202.78,482.2986666666667],[217.22,482.2986666666667],[217.22,497.70133333333337],[202.78,497.70133333333337],[202.78,482.2986666666667]]]}},{"type":"Feature","id":"P0084","properties":{"id":"P0084","layer":"ordinary_parcel","zoneId":"UF01","blockId":"B006","compatibleForms":["U03","U01","U04","U08","U13"]},"geometry":{"type":"Polygon","coordinates":[[[217.98,482.2986666666667],[232.42000000000002,482.2986666666667],[232.42000000000002,497.70133333333337],[217.98,497.70133333333337],[217.98,482.2986666666667]]]}},{"type":"Feature","id":"P0085","properties":{"id":"P0085","layer":"ordinary_parcel","zoneId":"UF01","blockId":"B006","compatibleForms":["U03","U01","U04","U08","U13"]},"geometry":{"type":"Polygon","coordinates":[[[233.18,482.2986666666667],[247.62,482.2986666666667],[247.62,497.70133333333337],[233.18,497.70133333333337],[233.18,482.2986666666667]]]}},{"type":"Feature","id":"P0086","properties":{"id":"P0086","layer":"ordinary_parcel","zoneId":"UF01","blockId":"B006","compatibleForms":["U03","U01","U04","U08","U13"]},"geometry":{"type":"Polygon","coordinates":[[[172.38,498.512],[186.82,498.512],[186.82,513.9146666666667],[172.38,513.9146666666667],[172.38,498.512]]]}},{"type":"Feature","id":"P0087","properties":{"id":"P0087","layer":"ordinary_parcel","zoneId":"UF01","blockId":"B006","compatibleForms":["U03","U01","U04","U08","U13"]},"geometry":{"type":"Polygon","coordinates":[[[187.57999999999998,498.512],[202.02,498.512],[202.02,513.9146666666667],[187.57999999999998,513.9146666666667],[187.57999999999998,498.512]]]}},{"type":"Feature","id":"P0088","properties":{"id":"P0088","layer":"ordinary_parcel","zoneId":"UF01","blockId":"B006","compatibleForms":["U03","U01","U04","U08","U13"]},"geometry":{"type":"Polygon","coordinates":[[[202.78,498.512],[217.22,498.512],[217.22,513.9146666666667],[202.78,513.9146666666667],[202.78,498.512]]]}},{"type":"Feature","id":"P0089","properties":{"id":"P0089","layer":"ordinary_parcel","zoneId":"UF01","blockId":"B006","compatibleForms":["U03","U01","U04","U08","U13"]},"geometry":{"type":"Polygon","coordinates":[[[217.98,498.512],[232.42000000000002,498.512],[232.42000000000002,513.9146666666667],[217.98,513.9146666666667],[217.98,498.512]]]}},{"type":"Feature","id":"P0090","properties":{"id":"P0090","layer":"ordinary_parcel","zoneId":"UF01","blockId":"B006","compatibleForms":["U03","U01","U04","U08","U13"]},"geometry":{"type":"Polygon","coordinates":[[[233.18,498.512],[247.62,498.512],[247.62,513.9146666666667],[233.18,513.9146666666667],[233.18,498.512]]]}},{"type":"Feature","id":"B007","properties":{"id":"B007","layer":"block_cluster","zoneId":"UF01","sequenceInZone":7},"geometry":{"type":"Polygon","coordinates":[[[72,529.68],[148,529.68],[148,578.32],[72,578.32],[72,529.68]]]}},{"type":"Feature","id":"P0091","properties":{"id":"P0091","layer":"ordinary_parcel","zoneId":"UF01","blockId":"B007","compatibleForms":["U03","U01","U04","U08","U13"]},"geometry":{"type":"Polygon","coordinates":[[[72.38,530.0853333333333],[86.82000000000001,530.0853333333333],[86.82000000000001,545.4879999999999],[72.38,545.4879999999999],[72.38,530.0853333333333]]]}},{"type":"Feature","id":"P0092","properties":{"id":"P0092","layer":"ordinary_parcel","zoneId":"UF01","blockId":"B007","compatibleForms":["U03","U01","U04","U08","U13"]},"geometry":{"type":"Polygon","coordinates":[[[87.58,530.0853333333333],[102.02000000000001,530.0853333333333],[102.02000000000001,545.4879999999999],[87.58,545.4879999999999],[87.58,530.0853333333333]]]}},{"type":"Feature","id":"P0093","properties":{"id":"P0093","layer":"ordinary_parcel","zoneId":"UF01","blockId":"B007","compatibleForms":["U03","U01","U04","U08","U13"]},"geometry":{"type":"Polygon","coordinates":[[[102.78,530.0853333333333],[117.22,530.0853333333333],[117.22,545.4879999999999],[102.78,545.4879999999999],[102.78,530.0853333333333]]]}},{"type":"Feature","id":"P0094","properties":{"id":"P0094","layer":"ordinary_parcel","zoneId":"UF01","blockId":"B007","compatibleForms":["U03","U01","U04","U08","U13"]},"geometry":{"type":"Polygon","coordinates":[[[117.97999999999999,530.0853333333333],[132.42000000000002,530.0853333333333],[132.42000000000002,545.4879999999999],[117.97999999999999,545.4879999999999],[117.97999999999999,530.0853333333333]]]}},{"type":"Feature","id":"P0095","properties":{"id":"P0095","layer":"ordinary_parcel","zoneId":"UF01","blockId":"B007","compatibleForms":["U03","U01","U04","U08","U13"]},"geometry":{"type":"Polygon","coordinates":[[[133.18,530.0853333333333],[147.62,530.0853333333333],[147.62,545.4879999999999],[133.18,545.4879999999999],[133.18,530.0853333333333]]]}},{"type":"Feature","id":"P0096","properties":{"id":"P0096","layer":"ordinary_parcel","zoneId":"UF01","blockId":"B007","compatibleForms":["U03","U01","U04","U08","U13"]},"geometry":{"type":"Polygon","coordinates":[[[72.38,546.2986666666667],[86.82000000000001,546.2986666666667],[86.82000000000001,561.7013333333333],[72.38,561.7013333333333],[72.38,546.2986666666667]]]}},{"type":"Feature","id":"P0097","properties":{"id":"P0097","layer":"ordinary_parcel","zoneId":"UF01","blockId":"B007","compatibleForms":["U03","U01","U04","U08","U13"]},"geometry":{"type":"Polygon","coordinates":[[[87.58,546.2986666666667],[102.02000000000001,546.2986666666667],[102.02000000000001,561.7013333333333],[87.58,561.7013333333333],[87.58,546.2986666666667]]]}},{"type":"Feature","id":"P0098","properties":{"id":"P0098","layer":"ordinary_parcel","zoneId":"UF01","blockId":"B007","compatibleForms":["U03","U01","U04","U08","U13"]},"geometry":{"type":"Polygon","coordinates":[[[102.78,546.2986666666667],[117.22,546.2986666666667],[117.22,561.7013333333333],[102.78,561.7013333333333],[102.78,546.2986666666667]]]}},{"type":"Feature","id":"P0099","properties":{"id":"P0099","layer":"ordinary_parcel","zoneId":"UF01","blockId":"B007","compatibleForms":["U03","U01","U04","U08","U13"]},"geometry":{"type":"Polygon","coordinates":[[[117.97999999999999,546.2986666666667],[132.42000000000002,546.2986666666667],[132.42000000000002,561.7013333333333],[117.97999999999999,561.7013333333333],[117.97999999999999,546.2986666666667]]]}},{"type":"Feature","id":"P0100","properties":{"id":"P0100","layer":"ordinary_parcel","zoneId":"UF01","blockId":"B007","compatibleForms":["U03","U01","U04","U08","U13"]},"geometry":{"type":"Polygon","coordinates":[[[133.18,546.2986666666667],[147.62,546.2986666666667],[147.62,561.7013333333333],[133.18,561.7013333333333],[133.18,546.2986666666667]]]}},{"type":"Feature","id":"P0101","properties":{"id":"P0101","layer":"ordinary_parcel","zoneId":"UF01","blockId":"B007","compatibleForms":["U03","U01","U04","U08","U13"]},"geometry":{"type":"Polygon","coordinates":[[[72.38,562.5120000000001],[86.82000000000001,562.5120000000001],[86.82000000000001,577.9146666666667],[72.38,577.9146666666667],[72.38,562.5120000000001]]]}},{"type":"Feature","id":"P0102","properties":{"id":"P0102","layer":"ordinary_parcel","zoneId":"UF01","blockId":"B007","compatibleForms":["U03","U01","U04","U08","U13"]},"geometry":{"type":"Polygon","coordinates":[[[87.58,562.5120000000001],[102.02000000000001,562.5120000000001],[102.02000000000001,577.9146666666667],[87.58,577.9146666666667],[87.58,562.5120000000001]]]}},{"type":"Feature","id":"P0103","properties":{"id":"P0103","layer":"ordinary_parcel","zoneId":"UF01","blockId":"B007","compatibleForms":["U03","U01","U04","U08","U13"]},"geometry":{"type":"Polygon","coordinates":[[[102.78,562.5120000000001],[117.22,562.5120000000001],[117.22,577.9146666666667],[102.78,577.9146666666667],[102.78,562.5120000000001]]]}},{"type":"Feature","id":"P0104","properties":{"id":"P0104","layer":"ordinary_parcel","zoneId":"UF01","blockId":"B007","compatibleForms":["U03","U01","U04","U08","U13"]},"geometry":{"type":"Polygon","coordinates":[[[117.97999999999999,562.5120000000001],[132.42000000000002,562.5120000000001],[132.42000000000002,577.9146666666667],[117.97999999999999,577.9146666666667],[117.97999999999999,562.5120000000001]]]}},{"type":"Feature","id":"P0105","properties":{"id":"P0105","layer":"ordinary_parcel","zoneId":"UF01","blockId":"B007","compatibleForms":["U03","U01","U04","U08","U13"]},"geometry":{"type":"Polygon","coordinates":[[[133.18,562.5120000000001],[147.62,562.5120000000001],[147.62,577.9146666666667],[133.18,577.9146666666667],[133.18,562.5120000000001]]]}},{"type":"Feature","id":"B008","properties":{"id":"B008","layer":"block_cluster","zoneId":"UF02","sequenceInZone":1},"geometry":{"type":"Polygon","coordinates":[[[193.60000000000002,325.3],[270.6857142857143,325.3],[270.6857142857143,422.2],[193.60000000000002,422.2],[193.60000000000002,325.3]]]}},{"type":"Feature","id":"P0106","properties":{"id":"P0106","layer":"ordinary_parcel","zoneId":"UF02","blockId":"B008","compatibleForms":["U03","U04","U01","U05","U06"]},"geometry":{"type":"Polygon","coordinates":[[[193.9854285714286,325.78450000000004],[208.6317142857143,325.78450000000004],[208.6317142857143,344.1955],[193.9854285714286,344.1955],[193.9854285714286,325.78450000000004]]]}},{"type":"Feature","id":"P0107","properties":{"id":"P0107","layer":"ordinary_parcel","zoneId":"UF02","blockId":"B008","compatibleForms":["U03","U04","U01","U05","U06"]},"geometry":{"type":"Polygon","coordinates":[[[209.40257142857146,325.78450000000004],[224.04885714285717,325.78450000000004],[224.04885714285717,344.1955],[209.40257142857146,344.1955],[209.40257142857146,325.78450000000004]]]}},{"type":"Feature","id":"P0108","properties":{"id":"P0108","layer":"ordinary_parcel","zoneId":"UF02","blockId":"B008","compatibleForms":["U03","U04","U01","U05","U06"]},"geometry":{"type":"Polygon","coordinates":[[[224.81971428571433,325.78450000000004],[239.466,325.78450000000004],[239.466,344.1955],[224.81971428571433,344.1955],[224.81971428571433,325.78450000000004]]]}},{"type":"Feature","id":"P0109","properties":{"id":"P0109","layer":"ordinary_parcel","zoneId":"UF02","blockId":"B008","compatibleForms":["U03","U04","U01","U05","U06"]},"geometry":{"type":"Polygon","coordinates":[[[240.23685714285716,325.78450000000004],[254.88314285714287,325.78450000000004],[254.88314285714287,344.1955],[240.23685714285716,344.1955],[240.23685714285716,325.78450000000004]]]}},{"type":"Feature","id":"P0110","properties":{"id":"P0110","layer":"ordinary_parcel","zoneId":"UF02","blockId":"B008","compatibleForms":["U03","U04","U01","U05","U06"]},"geometry":{"type":"Polygon","coordinates":[[[255.65400000000002,325.78450000000004],[270.30028571428574,325.78450000000004],[270.30028571428574,344.1955],[255.65400000000002,344.1955],[255.65400000000002,325.78450000000004]]]}},{"type":"Feature","id":"P0111","properties":{"id":"P0111","layer":"ordinary_parcel","zoneId":"UF02","blockId":"B008","compatibleForms":["U03","U04","U01","U05","U06"]},"geometry":{"type":"Polygon","coordinates":[[[193.9854285714286,345.16450000000003],[208.6317142857143,345.16450000000003],[208.6317142857143,363.5755],[193.9854285714286,363.5755],[193.9854285714286,345.16450000000003]]]}},{"type":"Feature","id":"P0112","properties":{"id":"P0112","layer":"ordinary_parcel","zoneId":"UF02","blockId":"B008","compatibleForms":["U03","U04","U01","U05","U06"]},"geometry":{"type":"Polygon","coordinates":[[[209.40257142857146,345.16450000000003],[224.04885714285717,345.16450000000003],[224.04885714285717,363.5755],[209.40257142857146,363.5755],[209.40257142857146,345.16450000000003]]]}},{"type":"Feature","id":"P0113","properties":{"id":"P0113","layer":"ordinary_parcel","zoneId":"UF02","blockId":"B008","compatibleForms":["U03","U04","U01","U05","U06"]},"geometry":{"type":"Polygon","coordinates":[[[224.81971428571433,345.16450000000003],[239.466,345.16450000000003],[239.466,363.5755],[224.81971428571433,363.5755],[224.81971428571433,345.16450000000003]]]}},{"type":"Feature","id":"P0114","properties":{"id":"P0114","layer":"ordinary_parcel","zoneId":"UF02","blockId":"B008","compatibleForms":["U03","U04","U01","U05","U06"]},"geometry":{"type":"Polygon","coordinates":[[[240.23685714285716,345.16450000000003],[254.88314285714287,345.16450000000003],[254.88314285714287,363.5755],[240.23685714285716,363.5755],[240.23685714285716,345.16450000000003]]]}},{"type":"Feature","id":"P0115","properties":{"id":"P0115","layer":"ordinary_parcel","zoneId":"UF02","blockId":"B008","compatibleForms":["U03","U04","U01","U05","U06"]},"geometry":{"type":"Polygon","coordinates":[[[255.65400000000002,345.16450000000003],[270.30028571428574,345.16450000000003],[270.30028571428574,363.5755],[255.65400000000002,363.5755],[255.65400000000002,345.16450000000003]]]}},{"type":"Feature","id":"P0116","properties":{"id":"P0116","layer":"ordinary_parcel","zoneId":"UF02","blockId":"B008","compatibleForms":["U03","U04","U01","U05","U06"]},"geometry":{"type":"Polygon","coordinates":[[[193.9854285714286,364.5445],[208.6317142857143,364.5445],[208.6317142857143,382.9555],[193.9854285714286,382.9555],[193.9854285714286,364.5445]]]}},{"type":"Feature","id":"P0117","properties":{"id":"P0117","layer":"ordinary_parcel","zoneId":"UF02","blockId":"B008","compatibleForms":["U03","U04","U01","U05","U06"]},"geometry":{"type":"Polygon","coordinates":[[[209.40257142857146,364.5445],[224.04885714285717,364.5445],[224.04885714285717,382.9555],[209.40257142857146,382.9555],[209.40257142857146,364.5445]]]}},{"type":"Feature","id":"P0118","properties":{"id":"P0118","layer":"ordinary_parcel","zoneId":"UF02","blockId":"B008","compatibleForms":["U03","U04","U01","U05","U06"]},"geometry":{"type":"Polygon","coordinates":[[[224.81971428571433,364.5445],[239.466,364.5445],[239.466,382.9555],[224.81971428571433,382.9555],[224.81971428571433,364.5445]]]}},{"type":"Feature","id":"P0119","properties":{"id":"P0119","layer":"ordinary_parcel","zoneId":"UF02","blockId":"B008","compatibleForms":["U03","U04","U01","U05","U06"]},"geometry":{"type":"Polygon","coordinates":[[[240.23685714285716,364.5445],[254.88314285714287,364.5445],[254.88314285714287,382.9555],[240.23685714285716,382.9555],[240.23685714285716,364.5445]]]}},{"type":"Feature","id":"P0120","properties":{"id":"P0120","layer":"ordinary_parcel","zoneId":"UF02","blockId":"B008","compatibleForms":["U03","U04","U01","U05","U06"]},"geometry":{"type":"Polygon","coordinates":[[[255.65400000000002,364.5445],[270.30028571428574,364.5445],[270.30028571428574,382.9555],[255.65400000000002,382.9555],[255.65400000000002,364.5445]]]}},{"type":"Feature","id":"P0121","properties":{"id":"P0121","layer":"ordinary_parcel","zoneId":"UF02","blockId":"B008","compatibleForms":["U03","U04","U01","U05","U06"]},"geometry":{"type":"Polygon","coordinates":[[[193.9854285714286,383.9245],[208.6317142857143,383.9245],[208.6317142857143,402.33549999999997],[193.9854285714286,402.33549999999997],[193.9854285714286,383.9245]]]}},{"type":"Feature","id":"P0122","properties":{"id":"P0122","layer":"ordinary_parcel","zoneId":"UF02","blockId":"B008","compatibleForms":["U03","U04","U01","U05","U06"]},"geometry":{"type":"Polygon","coordinates":[[[209.40257142857146,383.9245],[224.04885714285717,383.9245],[224.04885714285717,402.33549999999997],[209.40257142857146,402.33549999999997],[209.40257142857146,383.9245]]]}},{"type":"Feature","id":"P0123","properties":{"id":"P0123","layer":"ordinary_parcel","zoneId":"UF02","blockId":"B008","compatibleForms":["U03","U04","U01","U05","U06"]},"geometry":{"type":"Polygon","coordinates":[[[224.81971428571433,383.9245],[239.466,383.9245],[239.466,402.33549999999997],[224.81971428571433,402.33549999999997],[224.81971428571433,383.9245]]]}},{"type":"Feature","id":"P0124","properties":{"id":"P0124","layer":"ordinary_parcel","zoneId":"UF02","blockId":"B008","compatibleForms":["U03","U04","U01","U05","U06"]},"geometry":{"type":"Polygon","coordinates":[[[240.23685714285716,383.9245],[254.88314285714287,383.9245],[254.88314285714287,402.33549999999997],[240.23685714285716,402.33549999999997],[240.23685714285716,383.9245]]]}},{"type":"Feature","id":"P0125","properties":{"id":"P0125","layer":"ordinary_parcel","zoneId":"UF02","blockId":"B008","compatibleForms":["U03","U04","U01","U05","U06"]},"geometry":{"type":"Polygon","coordinates":[[[255.65400000000002,383.9245],[270.30028571428574,383.9245],[270.30028571428574,402.33549999999997],[255.65400000000002,402.33549999999997],[255.65400000000002,383.9245]]]}},{"type":"Feature","id":"P0126","properties":{"id":"P0126","layer":"ordinary_parcel","zoneId":"UF02","blockId":"B008","compatibleForms":["U03","U04","U01","U05","U06"]},"geometry":{"type":"Polygon","coordinates":[[[194.08178571428573,403.3045],[212.3896428571429,403.3045],[212.3896428571429,421.71549999999996],[194.08178571428573,421.71549999999996],[194.08178571428573,403.3045]]]}},{"type":"Feature","id":"P0127","properties":{"id":"P0127","layer":"ordinary_parcel","zoneId":"UF02","blockId":"B008","compatibleForms":["U03","U04","U01","U05","U06"]},"geometry":{"type":"Polygon","coordinates":[[[213.3532142857143,403.3045],[231.66107142857146,403.3045],[231.66107142857146,421.71549999999996],[213.3532142857143,421.71549999999996],[213.3532142857143,403.3045]]]}},{"type":"Feature","id":"P0128","properties":{"id":"P0128","layer":"ordinary_parcel","zoneId":"UF02","blockId":"B008","compatibleForms":["U03","U04","U01","U05","U06"]},"geometry":{"type":"Polygon","coordinates":[[[232.62464285714287,403.3045],[250.93250000000003,403.3045],[250.93250000000003,421.71549999999996],[232.62464285714287,421.71549999999996],[232.62464285714287,403.3045]]]}},{"type":"Feature","id":"P0129","properties":{"id":"P0129","layer":"ordinary_parcel","zoneId":"UF02","blockId":"B008","compatibleForms":["U03","U04","U01","U05","U06"]},"geometry":{"type":"Polygon","coordinates":[[[251.89607142857145,403.3045],[270.2039285714286,403.3045],[270.2039285714286,421.71549999999996],[251.89607142857145,421.71549999999996],[251.89607142857145,403.3045]]]}},{"type":"Feature","id":"B009","properties":{"id":"B009","layer":"block_cluster","zoneId":"UF02","sequenceInZone":2},"geometry":{"type":"Polygon","coordinates":[[[295.02857142857147,325.3],[372.1142857142857,325.3],[372.1142857142857,422.2],[295.02857142857147,422.2],[295.02857142857147,325.3]]]}},{"type":"Feature","id":"P0130","properties":{"id":"P0130","layer":"ordinary_parcel","zoneId":"UF02","blockId":"B009","compatibleForms":["U03","U04","U01","U05","U06"]},"geometry":{"type":"Polygon","coordinates":[[[295.41400000000004,325.78450000000004],[310.0602857142857,325.78450000000004],[310.0602857142857,344.1955],[295.41400000000004,344.1955],[295.41400000000004,325.78450000000004]]]}},{"type":"Feature","id":"P0131","properties":{"id":"P0131","layer":"ordinary_parcel","zoneId":"UF02","blockId":"B009","compatibleForms":["U03","U04","U01","U05","U06"]},"geometry":{"type":"Polygon","coordinates":[[[310.8311428571429,325.78450000000004],[325.47742857142856,325.78450000000004],[325.47742857142856,344.1955],[310.8311428571429,344.1955],[310.8311428571429,325.78450000000004]]]}},{"type":"Feature","id":"P0132","properties":{"id":"P0132","layer":"ordinary_parcel","zoneId":"UF02","blockId":"B009","compatibleForms":["U03","U04","U01","U05","U06"]},"geometry":{"type":"Polygon","coordinates":[[[326.2482857142857,325.78450000000004],[340.89457142857145,325.78450000000004],[340.89457142857145,344.1955],[326.2482857142857,344.1955],[326.2482857142857,325.78450000000004]]]}},{"type":"Feature","id":"P0133","properties":{"id":"P0133","layer":"ordinary_parcel","zoneId":"UF02","blockId":"B009","compatibleForms":["U03","U04","U01","U05","U06"]},"geometry":{"type":"Polygon","coordinates":[[[341.6654285714286,325.78450000000004],[356.3117142857143,325.78450000000004],[356.3117142857143,344.1955],[341.6654285714286,344.1955],[341.6654285714286,325.78450000000004]]]}},{"type":"Feature","id":"P0134","properties":{"id":"P0134","layer":"ordinary_parcel","zoneId":"UF02","blockId":"B009","compatibleForms":["U03","U04","U01","U05","U06"]},"geometry":{"type":"Polygon","coordinates":[[[357.08257142857144,325.78450000000004],[371.7288571428571,325.78450000000004],[371.7288571428571,344.1955],[357.08257142857144,344.1955],[357.08257142857144,325.78450000000004]]]}},{"type":"Feature","id":"P0135","properties":{"id":"P0135","layer":"ordinary_parcel","zoneId":"UF02","blockId":"B009","compatibleForms":["U03","U04","U01","U05","U06"]},"geometry":{"type":"Polygon","coordinates":[[[295.41400000000004,345.16450000000003],[310.0602857142857,345.16450000000003],[310.0602857142857,363.5755],[295.41400000000004,363.5755],[295.41400000000004,345.16450000000003]]]}},{"type":"Feature","id":"P0136","properties":{"id":"P0136","layer":"ordinary_parcel","zoneId":"UF02","blockId":"B009","compatibleForms":["U03","U04","U01","U05","U06"]},"geometry":{"type":"Polygon","coordinates":[[[310.8311428571429,345.16450000000003],[325.47742857142856,345.16450000000003],[325.47742857142856,363.5755],[310.8311428571429,363.5755],[310.8311428571429,345.16450000000003]]]}},{"type":"Feature","id":"P0137","properties":{"id":"P0137","layer":"ordinary_parcel","zoneId":"UF02","blockId":"B009","compatibleForms":["U03","U04","U01","U05","U06"]},"geometry":{"type":"Polygon","coordinates":[[[326.2482857142857,345.16450000000003],[340.89457142857145,345.16450000000003],[340.89457142857145,363.5755],[326.2482857142857,363.5755],[326.2482857142857,345.16450000000003]]]}},{"type":"Feature","id":"P0138","properties":{"id":"P0138","layer":"ordinary_parcel","zoneId":"UF02","blockId":"B009","compatibleForms":["U03","U04","U01","U05","U06"]},"geometry":{"type":"Polygon","coordinates":[[[341.6654285714286,345.16450000000003],[356.3117142857143,345.16450000000003],[356.3117142857143,363.5755],[341.6654285714286,363.5755],[341.6654285714286,345.16450000000003]]]}},{"type":"Feature","id":"P0139","properties":{"id":"P0139","layer":"ordinary_parcel","zoneId":"UF02","blockId":"B009","compatibleForms":["U03","U04","U01","U05","U06"]},"geometry":{"type":"Polygon","coordinates":[[[357.08257142857144,345.16450000000003],[371.7288571428571,345.16450000000003],[371.7288571428571,363.5755],[357.08257142857144,363.5755],[357.08257142857144,345.16450000000003]]]}},{"type":"Feature","id":"P0140","properties":{"id":"P0140","layer":"ordinary_parcel","zoneId":"UF02","blockId":"B009","compatibleForms":["U03","U04","U01","U05","U06"]},"geometry":{"type":"Polygon","coordinates":[[[295.41400000000004,364.5445],[310.0602857142857,364.5445],[310.0602857142857,382.9555],[295.41400000000004,382.9555],[295.41400000000004,364.5445]]]}},{"type":"Feature","id":"P0141","properties":{"id":"P0141","layer":"ordinary_parcel","zoneId":"UF02","blockId":"B009","compatibleForms":["U03","U04","U01","U05","U06"]},"geometry":{"type":"Polygon","coordinates":[[[310.8311428571429,364.5445],[325.47742857142856,364.5445],[325.47742857142856,382.9555],[310.8311428571429,382.9555],[310.8311428571429,364.5445]]]}},{"type":"Feature","id":"P0142","properties":{"id":"P0142","layer":"ordinary_parcel","zoneId":"UF02","blockId":"B009","compatibleForms":["U03","U04","U01","U05","U06"]},"geometry":{"type":"Polygon","coordinates":[[[326.2482857142857,364.5445],[340.89457142857145,364.5445],[340.89457142857145,382.9555],[326.2482857142857,382.9555],[326.2482857142857,364.5445]]]}},{"type":"Feature","id":"P0143","properties":{"id":"P0143","layer":"ordinary_parcel","zoneId":"UF02","blockId":"B009","compatibleForms":["U03","U04","U01","U05","U06"]},"geometry":{"type":"Polygon","coordinates":[[[341.6654285714286,364.5445],[356.3117142857143,364.5445],[356.3117142857143,382.9555],[341.6654285714286,382.9555],[341.6654285714286,364.5445]]]}},{"type":"Feature","id":"P0144","properties":{"id":"P0144","layer":"ordinary_parcel","zoneId":"UF02","blockId":"B009","compatibleForms":["U03","U04","U01","U05","U06"]},"geometry":{"type":"Polygon","coordinates":[[[357.08257142857144,364.5445],[371.7288571428571,364.5445],[371.7288571428571,382.9555],[357.08257142857144,382.9555],[357.08257142857144,364.5445]]]}},{"type":"Feature","id":"P0145","properties":{"id":"P0145","layer":"ordinary_parcel","zoneId":"UF02","blockId":"B009","compatibleForms":["U03","U04","U01","U05","U06"]},"geometry":{"type":"Polygon","coordinates":[[[295.41400000000004,383.9245],[310.0602857142857,383.9245],[310.0602857142857,402.33549999999997],[295.41400000000004,402.33549999999997],[295.41400000000004,383.9245]]]}},{"type":"Feature","id":"P0146","properties":{"id":"P0146","layer":"ordinary_parcel","zoneId":"UF02","blockId":"B009","compatibleForms":["U03","U04","U01","U05","U06"]},"geometry":{"type":"Polygon","coordinates":[[[310.8311428571429,383.9245],[325.47742857142856,383.9245],[325.47742857142856,402.33549999999997],[310.8311428571429,402.33549999999997],[310.8311428571429,383.9245]]]}},{"type":"Feature","id":"P0147","properties":{"id":"P0147","layer":"ordinary_parcel","zoneId":"UF02","blockId":"B009","compatibleForms":["U03","U04","U01","U05","U06"]},"geometry":{"type":"Polygon","coordinates":[[[326.2482857142857,383.9245],[340.89457142857145,383.9245],[340.89457142857145,402.33549999999997],[326.2482857142857,402.33549999999997],[326.2482857142857,383.9245]]]}},{"type":"Feature","id":"P0148","properties":{"id":"P0148","layer":"ordinary_parcel","zoneId":"UF02","blockId":"B009","compatibleForms":["U03","U04","U01","U05","U06"]},"geometry":{"type":"Polygon","coordinates":[[[341.6654285714286,383.9245],[356.3117142857143,383.9245],[356.3117142857143,402.33549999999997],[341.6654285714286,402.33549999999997],[341.6654285714286,383.9245]]]}},{"type":"Feature","id":"P0149","properties":{"id":"P0149","layer":"ordinary_parcel","zoneId":"UF02","blockId":"B009","compatibleForms":["U03","U04","U01","U05","U06"]},"geometry":{"type":"Polygon","coordinates":[[[357.08257142857144,383.9245],[371.7288571428571,383.9245],[371.7288571428571,402.33549999999997],[357.08257142857144,402.33549999999997],[357.08257142857144,383.9245]]]}},{"type":"Feature","id":"P0150","properties":{"id":"P0150","layer":"ordinary_parcel","zoneId":"UF02","blockId":"B009","compatibleForms":["U03","U04","U01","U05","U06"]},"geometry":{"type":"Polygon","coordinates":[[[295.5103571428572,403.3045],[313.8182142857143,403.3045],[313.8182142857143,421.71549999999996],[295.5103571428572,421.71549999999996],[295.5103571428572,403.3045]]]}},{"type":"Feature","id":"P0151","properties":{"id":"P0151","layer":"ordinary_parcel","zoneId":"UF02","blockId":"B009","compatibleForms":["U03","U04","U01","U05","U06"]},"geometry":{"type":"Polygon","coordinates":[[[314.7817857142857,403.3045],[333.08964285714285,403.3045],[333.08964285714285,421.71549999999996],[314.7817857142857,421.71549999999996],[314.7817857142857,403.3045]]]}},{"type":"Feature","id":"P0152","properties":{"id":"P0152","layer":"ordinary_parcel","zoneId":"UF02","blockId":"B009","compatibleForms":["U03","U04","U01","U05","U06"]},"geometry":{"type":"Polygon","coordinates":[[[334.05321428571426,403.3045],[352.36107142857145,403.3045],[352.36107142857145,421.71549999999996],[334.05321428571426,421.71549999999996],[334.05321428571426,403.3045]]]}},{"type":"Feature","id":"P0153","properties":{"id":"P0153","layer":"ordinary_parcel","zoneId":"UF02","blockId":"B009","compatibleForms":["U03","U04","U01","U05","U06"]},"geometry":{"type":"Polygon","coordinates":[[[353.32464285714286,403.3045],[371.6325,403.3045],[371.6325,421.71549999999996],[353.32464285714286,421.71549999999996],[353.32464285714286,403.3045]]]}},{"type":"Feature","id":"B010","properties":{"id":"B010","layer":"block_cluster","zoneId":"UF02","sequenceInZone":3},"geometry":{"type":"Polygon","coordinates":[[[396.45714285714286,325.3],[473.54285714285714,325.3],[473.54285714285714,422.2],[396.45714285714286,422.2],[396.45714285714286,325.3]]]}},{"type":"Feature","id":"P0154","properties":{"id":"P0154","layer":"ordinary_parcel","zoneId":"UF02","blockId":"B010","compatibleForms":["U03","U04","U01","U05","U06"]},"geometry":{"type":"Polygon","coordinates":[[[396.84257142857143,325.78450000000004],[411.4888571428571,325.78450000000004],[411.4888571428571,344.1955],[396.84257142857143,344.1955],[396.84257142857143,325.78450000000004]]]}},{"type":"Feature","id":"P0155","properties":{"id":"P0155","layer":"ordinary_parcel","zoneId":"UF02","blockId":"B010","compatibleForms":["U03","U04","U01","U05","U06"]},"geometry":{"type":"Polygon","coordinates":[[[412.25971428571427,325.78450000000004],[426.906,325.78450000000004],[426.906,344.1955],[412.25971428571427,344.1955],[412.25971428571427,325.78450000000004]]]}},{"type":"Feature","id":"P0156","properties":{"id":"P0156","layer":"ordinary_parcel","zoneId":"UF02","blockId":"B010","compatibleForms":["U03","U04","U01","U05","U06"]},"geometry":{"type":"Polygon","coordinates":[[[427.67685714285716,325.78450000000004],[442.32314285714284,325.78450000000004],[442.32314285714284,344.1955],[427.67685714285716,344.1955],[427.67685714285716,325.78450000000004]]]}},{"type":"Feature","id":"P0157","properties":{"id":"P0157","layer":"ordinary_parcel","zoneId":"UF02","blockId":"B010","compatibleForms":["U03","U04","U01","U05","U06"]},"geometry":{"type":"Polygon","coordinates":[[[443.094,325.78450000000004],[457.74028571428573,325.78450000000004],[457.74028571428573,344.1955],[443.094,344.1955],[443.094,325.78450000000004]]]}},{"type":"Feature","id":"P0158","properties":{"id":"P0158","layer":"ordinary_parcel","zoneId":"UF02","blockId":"B010","compatibleForms":["U03","U04","U01","U05","U06"]},"geometry":{"type":"Polygon","coordinates":[[[458.5111428571429,325.78450000000004],[473.15742857142857,325.78450000000004],[473.15742857142857,344.1955],[458.5111428571429,344.1955],[458.5111428571429,325.78450000000004]]]}},{"type":"Feature","id":"P0159","properties":{"id":"P0159","layer":"ordinary_parcel","zoneId":"UF02","blockId":"B010","compatibleForms":["U03","U04","U01","U05","U06"]},"geometry":{"type":"Polygon","coordinates":[[[396.84257142857143,345.16450000000003],[411.4888571428571,345.16450000000003],[411.4888571428571,363.5755],[396.84257142857143,363.5755],[396.84257142857143,345.16450000000003]]]}},{"type":"Feature","id":"P0160","properties":{"id":"P0160","layer":"ordinary_parcel","zoneId":"UF02","blockId":"B010","compatibleForms":["U03","U04","U01","U05","U06"]},"geometry":{"type":"Polygon","coordinates":[[[412.25971428571427,345.16450000000003],[426.906,345.16450000000003],[426.906,363.5755],[412.25971428571427,363.5755],[412.25971428571427,345.16450000000003]]]}},{"type":"Feature","id":"P0161","properties":{"id":"P0161","layer":"ordinary_parcel","zoneId":"UF02","blockId":"B010","compatibleForms":["U03","U04","U01","U05","U06"]},"geometry":{"type":"Polygon","coordinates":[[[427.67685714285716,345.16450000000003],[442.32314285714284,345.16450000000003],[442.32314285714284,363.5755],[427.67685714285716,363.5755],[427.67685714285716,345.16450000000003]]]}},{"type":"Feature","id":"P0162","properties":{"id":"P0162","layer":"ordinary_parcel","zoneId":"UF02","blockId":"B010","compatibleForms":["U03","U04","U01","U05","U06"]},"geometry":{"type":"Polygon","coordinates":[[[443.094,345.16450000000003],[457.74028571428573,345.16450000000003],[457.74028571428573,363.5755],[443.094,363.5755],[443.094,345.16450000000003]]]}},{"type":"Feature","id":"P0163","properties":{"id":"P0163","layer":"ordinary_parcel","zoneId":"UF02","blockId":"B010","compatibleForms":["U03","U04","U01","U05","U06"]},"geometry":{"type":"Polygon","coordinates":[[[458.5111428571429,345.16450000000003],[473.15742857142857,345.16450000000003],[473.15742857142857,363.5755],[458.5111428571429,363.5755],[458.5111428571429,345.16450000000003]]]}},{"type":"Feature","id":"P0164","properties":{"id":"P0164","layer":"ordinary_parcel","zoneId":"UF02","blockId":"B010","compatibleForms":["U03","U04","U01","U05","U06"]},"geometry":{"type":"Polygon","coordinates":[[[396.84257142857143,364.5445],[411.4888571428571,364.5445],[411.4888571428571,382.9555],[396.84257142857143,382.9555],[396.84257142857143,364.5445]]]}},{"type":"Feature","id":"P0165","properties":{"id":"P0165","layer":"ordinary_parcel","zoneId":"UF02","blockId":"B010","compatibleForms":["U03","U04","U01","U05","U06"]},"geometry":{"type":"Polygon","coordinates":[[[412.25971428571427,364.5445],[426.906,364.5445],[426.906,382.9555],[412.25971428571427,382.9555],[412.25971428571427,364.5445]]]}},{"type":"Feature","id":"P0166","properties":{"id":"P0166","layer":"ordinary_parcel","zoneId":"UF02","blockId":"B010","compatibleForms":["U03","U04","U01","U05","U06"]},"geometry":{"type":"Polygon","coordinates":[[[427.67685714285716,364.5445],[442.32314285714284,364.5445],[442.32314285714284,382.9555],[427.67685714285716,382.9555],[427.67685714285716,364.5445]]]}},{"type":"Feature","id":"P0167","properties":{"id":"P0167","layer":"ordinary_parcel","zoneId":"UF02","blockId":"B010","compatibleForms":["U03","U04","U01","U05","U06"]},"geometry":{"type":"Polygon","coordinates":[[[443.094,364.5445],[457.74028571428573,364.5445],[457.74028571428573,382.9555],[443.094,382.9555],[443.094,364.5445]]]}},{"type":"Feature","id":"P0168","properties":{"id":"P0168","layer":"ordinary_parcel","zoneId":"UF02","blockId":"B010","compatibleForms":["U03","U04","U01","U05","U06"]},"geometry":{"type":"Polygon","coordinates":[[[458.5111428571429,364.5445],[473.15742857142857,364.5445],[473.15742857142857,382.9555],[458.5111428571429,382.9555],[458.5111428571429,364.5445]]]}},{"type":"Feature","id":"P0169","properties":{"id":"P0169","layer":"ordinary_parcel","zoneId":"UF02","blockId":"B010","compatibleForms":["U03","U04","U01","U05","U06"]},"geometry":{"type":"Polygon","coordinates":[[[396.84257142857143,383.9245],[411.4888571428571,383.9245],[411.4888571428571,402.33549999999997],[396.84257142857143,402.33549999999997],[396.84257142857143,383.9245]]]}},{"type":"Feature","id":"P0170","properties":{"id":"P0170","layer":"ordinary_parcel","zoneId":"UF02","blockId":"B010","compatibleForms":["U03","U04","U01","U05","U06"]},"geometry":{"type":"Polygon","coordinates":[[[412.25971428571427,383.9245],[426.906,383.9245],[426.906,402.33549999999997],[412.25971428571427,402.33549999999997],[412.25971428571427,383.9245]]]}},{"type":"Feature","id":"P0171","properties":{"id":"P0171","layer":"ordinary_parcel","zoneId":"UF02","blockId":"B010","compatibleForms":["U03","U04","U01","U05","U06"]},"geometry":{"type":"Polygon","coordinates":[[[427.67685714285716,383.9245],[442.32314285714284,383.9245],[442.32314285714284,402.33549999999997],[427.67685714285716,402.33549999999997],[427.67685714285716,383.9245]]]}},{"type":"Feature","id":"P0172","properties":{"id":"P0172","layer":"ordinary_parcel","zoneId":"UF02","blockId":"B010","compatibleForms":["U03","U04","U01","U05","U06"]},"geometry":{"type":"Polygon","coordinates":[[[443.094,383.9245],[457.74028571428573,383.9245],[457.74028571428573,402.33549999999997],[443.094,402.33549999999997],[443.094,383.9245]]]}},{"type":"Feature","id":"P0173","properties":{"id":"P0173","layer":"ordinary_parcel","zoneId":"UF02","blockId":"B010","compatibleForms":["U03","U04","U01","U05","U06"]},"geometry":{"type":"Polygon","coordinates":[[[458.5111428571429,383.9245],[473.15742857142857,383.9245],[473.15742857142857,402.33549999999997],[458.5111428571429,402.33549999999997],[458.5111428571429,383.9245]]]}},{"type":"Feature","id":"P0174","properties":{"id":"P0174","layer":"ordinary_parcel","zoneId":"UF02","blockId":"B010","compatibleForms":["U03","U04","U01","U05","U06"]},"geometry":{"type":"Polygon","coordinates":[[[396.93892857142856,403.3045],[415.2467857142857,403.3045],[415.2467857142857,421.71549999999996],[396.93892857142856,421.71549999999996],[396.93892857142856,403.3045]]]}},{"type":"Feature","id":"P0175","properties":{"id":"P0175","layer":"ordinary_parcel","zoneId":"UF02","blockId":"B010","compatibleForms":["U03","U04","U01","U05","U06"]},"geometry":{"type":"Polygon","coordinates":[[[416.2103571428571,403.3045],[434.5182142857143,403.3045],[434.5182142857143,421.71549999999996],[416.2103571428571,421.71549999999996],[416.2103571428571,403.3045]]]}},{"type":"Feature","id":"P0176","properties":{"id":"P0176","layer":"ordinary_parcel","zoneId":"UF02","blockId":"B010","compatibleForms":["U03","U04","U01","U05","U06"]},"geometry":{"type":"Polygon","coordinates":[[[435.4817857142857,403.3045],[453.7896428571429,403.3045],[453.7896428571429,421.71549999999996],[435.4817857142857,421.71549999999996],[435.4817857142857,403.3045]]]}},{"type":"Feature","id":"P0177","properties":{"id":"P0177","layer":"ordinary_parcel","zoneId":"UF02","blockId":"B010","compatibleForms":["U03","U04","U01","U05","U06"]},"geometry":{"type":"Polygon","coordinates":[[[454.7532142857143,403.3045],[473.06107142857144,403.3045],[473.06107142857144,421.71549999999996],[454.7532142857143,421.71549999999996],[454.7532142857143,403.3045]]]}},{"type":"Feature","id":"B011","properties":{"id":"B011","layer":"block_cluster","zoneId":"UF02","sequenceInZone":4},"geometry":{"type":"Polygon","coordinates":[[[193.60000000000002,452.8],[270.6857142857143,452.8],[270.6857142857143,549.7],[193.60000000000002,549.7],[193.60000000000002,452.8]]]}},{"type":"Feature","id":"P0178","properties":{"id":"P0178","layer":"ordinary_parcel","zoneId":"UF02","blockId":"B011","compatibleForms":["U03","U04","U01","U05","U06"]},"geometry":{"type":"Polygon","coordinates":[[[193.9854285714286,453.28450000000004],[208.6317142857143,453.28450000000004],[208.6317142857143,471.6955],[193.9854285714286,471.6955],[193.9854285714286,453.28450000000004]]]}},{"type":"Feature","id":"P0179","properties":{"id":"P0179","layer":"ordinary_parcel","zoneId":"UF02","blockId":"B011","compatibleForms":["U03","U04","U01","U05","U06"]},"geometry":{"type":"Polygon","coordinates":[[[209.40257142857146,453.28450000000004],[224.04885714285717,453.28450000000004],[224.04885714285717,471.6955],[209.40257142857146,471.6955],[209.40257142857146,453.28450000000004]]]}},{"type":"Feature","id":"P0180","properties":{"id":"P0180","layer":"ordinary_parcel","zoneId":"UF02","blockId":"B011","compatibleForms":["U03","U04","U01","U05","U06"]},"geometry":{"type":"Polygon","coordinates":[[[224.81971428571433,453.28450000000004],[239.466,453.28450000000004],[239.466,471.6955],[224.81971428571433,471.6955],[224.81971428571433,453.28450000000004]]]}},{"type":"Feature","id":"P0181","properties":{"id":"P0181","layer":"ordinary_parcel","zoneId":"UF02","blockId":"B011","compatibleForms":["U03","U04","U01","U05","U06"]},"geometry":{"type":"Polygon","coordinates":[[[240.23685714285716,453.28450000000004],[254.88314285714287,453.28450000000004],[254.88314285714287,471.6955],[240.23685714285716,471.6955],[240.23685714285716,453.28450000000004]]]}},{"type":"Feature","id":"P0182","properties":{"id":"P0182","layer":"ordinary_parcel","zoneId":"UF02","blockId":"B011","compatibleForms":["U03","U04","U01","U05","U06"]},"geometry":{"type":"Polygon","coordinates":[[[255.65400000000002,453.28450000000004],[270.30028571428574,453.28450000000004],[270.30028571428574,471.6955],[255.65400000000002,471.6955],[255.65400000000002,453.28450000000004]]]}},{"type":"Feature","id":"P0183","properties":{"id":"P0183","layer":"ordinary_parcel","zoneId":"UF02","blockId":"B011","compatibleForms":["U03","U04","U01","U05","U06"]},"geometry":{"type":"Polygon","coordinates":[[[193.9854285714286,472.66450000000003],[208.6317142857143,472.66450000000003],[208.6317142857143,491.0755],[193.9854285714286,491.0755],[193.9854285714286,472.66450000000003]]]}},{"type":"Feature","id":"P0184","properties":{"id":"P0184","layer":"ordinary_parcel","zoneId":"UF02","blockId":"B011","compatibleForms":["U03","U04","U01","U05","U06"]},"geometry":{"type":"Polygon","coordinates":[[[209.40257142857146,472.66450000000003],[224.04885714285717,472.66450000000003],[224.04885714285717,491.0755],[209.40257142857146,491.0755],[209.40257142857146,472.66450000000003]]]}},{"type":"Feature","id":"P0185","properties":{"id":"P0185","layer":"ordinary_parcel","zoneId":"UF02","blockId":"B011","compatibleForms":["U03","U04","U01","U05","U06"]},"geometry":{"type":"Polygon","coordinates":[[[224.81971428571433,472.66450000000003],[239.466,472.66450000000003],[239.466,491.0755],[224.81971428571433,491.0755],[224.81971428571433,472.66450000000003]]]}},{"type":"Feature","id":"P0186","properties":{"id":"P0186","layer":"ordinary_parcel","zoneId":"UF02","blockId":"B011","compatibleForms":["U03","U04","U01","U05","U06"]},"geometry":{"type":"Polygon","coordinates":[[[240.23685714285716,472.66450000000003],[254.88314285714287,472.66450000000003],[254.88314285714287,491.0755],[240.23685714285716,491.0755],[240.23685714285716,472.66450000000003]]]}},{"type":"Feature","id":"P0187","properties":{"id":"P0187","layer":"ordinary_parcel","zoneId":"UF02","blockId":"B011","compatibleForms":["U03","U04","U01","U05","U06"]},"geometry":{"type":"Polygon","coordinates":[[[255.65400000000002,472.66450000000003],[270.30028571428574,472.66450000000003],[270.30028571428574,491.0755],[255.65400000000002,491.0755],[255.65400000000002,472.66450000000003]]]}},{"type":"Feature","id":"P0188","properties":{"id":"P0188","layer":"ordinary_parcel","zoneId":"UF02","blockId":"B011","compatibleForms":["U03","U04","U01","U05","U06"]},"geometry":{"type":"Polygon","coordinates":[[[193.9854285714286,492.0445],[208.6317142857143,492.0445],[208.6317142857143,510.45550000000003],[193.9854285714286,510.45550000000003],[193.9854285714286,492.0445]]]}},{"type":"Feature","id":"P0189","properties":{"id":"P0189","layer":"ordinary_parcel","zoneId":"UF02","blockId":"B011","compatibleForms":["U03","U04","U01","U05","U06"]},"geometry":{"type":"Polygon","coordinates":[[[209.40257142857146,492.0445],[224.04885714285717,492.0445],[224.04885714285717,510.45550000000003],[209.40257142857146,510.45550000000003],[209.40257142857146,492.0445]]]}},{"type":"Feature","id":"P0190","properties":{"id":"P0190","layer":"ordinary_parcel","zoneId":"UF02","blockId":"B011","compatibleForms":["U03","U04","U01","U05","U06"]},"geometry":{"type":"Polygon","coordinates":[[[224.81971428571433,492.0445],[239.466,492.0445],[239.466,510.45550000000003],[224.81971428571433,510.45550000000003],[224.81971428571433,492.0445]]]}},{"type":"Feature","id":"P0191","properties":{"id":"P0191","layer":"ordinary_parcel","zoneId":"UF02","blockId":"B011","compatibleForms":["U03","U04","U01","U05","U06"]},"geometry":{"type":"Polygon","coordinates":[[[240.23685714285716,492.0445],[254.88314285714287,492.0445],[254.88314285714287,510.45550000000003],[240.23685714285716,510.45550000000003],[240.23685714285716,492.0445]]]}},{"type":"Feature","id":"P0192","properties":{"id":"P0192","layer":"ordinary_parcel","zoneId":"UF02","blockId":"B011","compatibleForms":["U03","U04","U01","U05","U06"]},"geometry":{"type":"Polygon","coordinates":[[[255.65400000000002,492.0445],[270.30028571428574,492.0445],[270.30028571428574,510.45550000000003],[255.65400000000002,510.45550000000003],[255.65400000000002,492.0445]]]}},{"type":"Feature","id":"P0193","properties":{"id":"P0193","layer":"ordinary_parcel","zoneId":"UF02","blockId":"B011","compatibleForms":["U03","U04","U01","U05","U06"]},"geometry":{"type":"Polygon","coordinates":[[[193.9854285714286,511.4245000000001],[208.6317142857143,511.4245000000001],[208.6317142857143,529.8355],[193.9854285714286,529.8355],[193.9854285714286,511.4245000000001]]]}},{"type":"Feature","id":"P0194","properties":{"id":"P0194","layer":"ordinary_parcel","zoneId":"UF02","blockId":"B011","compatibleForms":["U03","U04","U01","U05","U06"]},"geometry":{"type":"Polygon","coordinates":[[[209.40257142857146,511.4245000000001],[224.04885714285717,511.4245000000001],[224.04885714285717,529.8355],[209.40257142857146,529.8355],[209.40257142857146,511.4245000000001]]]}},{"type":"Feature","id":"P0195","properties":{"id":"P0195","layer":"ordinary_parcel","zoneId":"UF02","blockId":"B011","compatibleForms":["U03","U04","U01","U05","U06"]},"geometry":{"type":"Polygon","coordinates":[[[224.81971428571433,511.4245000000001],[239.466,511.4245000000001],[239.466,529.8355],[224.81971428571433,529.8355],[224.81971428571433,511.4245000000001]]]}},{"type":"Feature","id":"P0196","properties":{"id":"P0196","layer":"ordinary_parcel","zoneId":"UF02","blockId":"B011","compatibleForms":["U03","U04","U01","U05","U06"]},"geometry":{"type":"Polygon","coordinates":[[[240.23685714285716,511.4245000000001],[254.88314285714287,511.4245000000001],[254.88314285714287,529.8355],[240.23685714285716,529.8355],[240.23685714285716,511.4245000000001]]]}},{"type":"Feature","id":"P0197","properties":{"id":"P0197","layer":"ordinary_parcel","zoneId":"UF02","blockId":"B011","compatibleForms":["U03","U04","U01","U05","U06"]},"geometry":{"type":"Polygon","coordinates":[[[255.65400000000002,511.4245000000001],[270.30028571428574,511.4245000000001],[270.30028571428574,529.8355],[255.65400000000002,529.8355],[255.65400000000002,511.4245000000001]]]}},{"type":"Feature","id":"P0198","properties":{"id":"P0198","layer":"ordinary_parcel","zoneId":"UF02","blockId":"B011","compatibleForms":["U03","U04","U01","U05","U06"]},"geometry":{"type":"Polygon","coordinates":[[[194.08178571428573,530.8045000000001],[212.3896428571429,530.8045000000001],[212.3896428571429,549.2155],[194.08178571428573,549.2155],[194.08178571428573,530.8045000000001]]]}},{"type":"Feature","id":"P0199","properties":{"id":"P0199","layer":"ordinary_parcel","zoneId":"UF02","blockId":"B011","compatibleForms":["U03","U04","U01","U05","U06"]},"geometry":{"type":"Polygon","coordinates":[[[213.3532142857143,530.8045000000001],[231.66107142857146,530.8045000000001],[231.66107142857146,549.2155],[213.3532142857143,549.2155],[213.3532142857143,530.8045000000001]]]}},{"type":"Feature","id":"P0200","properties":{"id":"P0200","layer":"ordinary_parcel","zoneId":"UF02","blockId":"B011","compatibleForms":["U03","U04","U01","U05","U06"]},"geometry":{"type":"Polygon","coordinates":[[[232.62464285714287,530.8045000000001],[250.93250000000003,530.8045000000001],[250.93250000000003,549.2155],[232.62464285714287,549.2155],[232.62464285714287,530.8045000000001]]]}},{"type":"Feature","id":"P0201","properties":{"id":"P0201","layer":"ordinary_parcel","zoneId":"UF02","blockId":"B011","compatibleForms":["U03","U04","U01","U05","U06"]},"geometry":{"type":"Polygon","coordinates":[[[251.89607142857145,530.8045000000001],[270.2039285714286,530.8045000000001],[270.2039285714286,549.2155],[251.89607142857145,549.2155],[251.89607142857145,530.8045000000001]]]}},{"type":"Feature","id":"B012","properties":{"id":"B012","layer":"block_cluster","zoneId":"UF02","sequenceInZone":5},"geometry":{"type":"Polygon","coordinates":[[[295.02857142857147,452.8],[372.1142857142857,452.8],[372.1142857142857,549.7],[295.02857142857147,549.7],[295.02857142857147,452.8]]]}},{"type":"Feature","id":"P0202","properties":{"id":"P0202","layer":"ordinary_parcel","zoneId":"UF02","blockId":"B012","compatibleForms":["U03","U04","U01","U05","U06"]},"geometry":{"type":"Polygon","coordinates":[[[295.41400000000004,453.28450000000004],[310.0602857142857,453.28450000000004],[310.0602857142857,471.6955],[295.41400000000004,471.6955],[295.41400000000004,453.28450000000004]]]}},{"type":"Feature","id":"P0203","properties":{"id":"P0203","layer":"ordinary_parcel","zoneId":"UF02","blockId":"B012","compatibleForms":["U03","U04","U01","U05","U06"]},"geometry":{"type":"Polygon","coordinates":[[[310.8311428571429,453.28450000000004],[325.47742857142856,453.28450000000004],[325.47742857142856,471.6955],[310.8311428571429,471.6955],[310.8311428571429,453.28450000000004]]]}},{"type":"Feature","id":"P0204","properties":{"id":"P0204","layer":"ordinary_parcel","zoneId":"UF02","blockId":"B012","compatibleForms":["U03","U04","U01","U05","U06"]},"geometry":{"type":"Polygon","coordinates":[[[326.2482857142857,453.28450000000004],[340.89457142857145,453.28450000000004],[340.89457142857145,471.6955],[326.2482857142857,471.6955],[326.2482857142857,453.28450000000004]]]}},{"type":"Feature","id":"P0205","properties":{"id":"P0205","layer":"ordinary_parcel","zoneId":"UF02","blockId":"B012","compatibleForms":["U03","U04","U01","U05","U06"]},"geometry":{"type":"Polygon","coordinates":[[[341.6654285714286,453.28450000000004],[356.3117142857143,453.28450000000004],[356.3117142857143,471.6955],[341.6654285714286,471.6955],[341.6654285714286,453.28450000000004]]]}},{"type":"Feature","id":"P0206","properties":{"id":"P0206","layer":"ordinary_parcel","zoneId":"UF02","blockId":"B012","compatibleForms":["U03","U04","U01","U05","U06"]},"geometry":{"type":"Polygon","coordinates":[[[357.08257142857144,453.28450000000004],[371.7288571428571,453.28450000000004],[371.7288571428571,471.6955],[357.08257142857144,471.6955],[357.08257142857144,453.28450000000004]]]}},{"type":"Feature","id":"P0207","properties":{"id":"P0207","layer":"ordinary_parcel","zoneId":"UF02","blockId":"B012","compatibleForms":["U03","U04","U01","U05","U06"]},"geometry":{"type":"Polygon","coordinates":[[[295.41400000000004,472.66450000000003],[310.0602857142857,472.66450000000003],[310.0602857142857,491.0755],[295.41400000000004,491.0755],[295.41400000000004,472.66450000000003]]]}},{"type":"Feature","id":"P0208","properties":{"id":"P0208","layer":"ordinary_parcel","zoneId":"UF02","blockId":"B012","compatibleForms":["U03","U04","U01","U05","U06"]},"geometry":{"type":"Polygon","coordinates":[[[310.8311428571429,472.66450000000003],[325.47742857142856,472.66450000000003],[325.47742857142856,491.0755],[310.8311428571429,491.0755],[310.8311428571429,472.66450000000003]]]}},{"type":"Feature","id":"P0209","properties":{"id":"P0209","layer":"ordinary_parcel","zoneId":"UF02","blockId":"B012","compatibleForms":["U03","U04","U01","U05","U06"]},"geometry":{"type":"Polygon","coordinates":[[[326.2482857142857,472.66450000000003],[340.89457142857145,472.66450000000003],[340.89457142857145,491.0755],[326.2482857142857,491.0755],[326.2482857142857,472.66450000000003]]]}},{"type":"Feature","id":"P0210","properties":{"id":"P0210","layer":"ordinary_parcel","zoneId":"UF02","blockId":"B012","compatibleForms":["U03","U04","U01","U05","U06"]},"geometry":{"type":"Polygon","coordinates":[[[341.6654285714286,472.66450000000003],[356.3117142857143,472.66450000000003],[356.3117142857143,491.0755],[341.6654285714286,491.0755],[341.6654285714286,472.66450000000003]]]}},{"type":"Feature","id":"P0211","properties":{"id":"P0211","layer":"ordinary_parcel","zoneId":"UF02","blockId":"B012","compatibleForms":["U03","U04","U01","U05","U06"]},"geometry":{"type":"Polygon","coordinates":[[[357.08257142857144,472.66450000000003],[371.7288571428571,472.66450000000003],[371.7288571428571,491.0755],[357.08257142857144,491.0755],[357.08257142857144,472.66450000000003]]]}},{"type":"Feature","id":"P0212","properties":{"id":"P0212","layer":"ordinary_parcel","zoneId":"UF02","blockId":"B012","compatibleForms":["U03","U04","U01","U05","U06"]},"geometry":{"type":"Polygon","coordinates":[[[295.41400000000004,492.0445],[310.0602857142857,492.0445],[310.0602857142857,510.45550000000003],[295.41400000000004,510.45550000000003],[295.41400000000004,492.0445]]]}},{"type":"Feature","id":"P0213","properties":{"id":"P0213","layer":"ordinary_parcel","zoneId":"UF02","blockId":"B012","compatibleForms":["U03","U04","U01","U05","U06"]},"geometry":{"type":"Polygon","coordinates":[[[310.8311428571429,492.0445],[325.47742857142856,492.0445],[325.47742857142856,510.45550000000003],[310.8311428571429,510.45550000000003],[310.8311428571429,492.0445]]]}},{"type":"Feature","id":"P0214","properties":{"id":"P0214","layer":"ordinary_parcel","zoneId":"UF02","blockId":"B012","compatibleForms":["U03","U04","U01","U05","U06"]},"geometry":{"type":"Polygon","coordinates":[[[326.2482857142857,492.0445],[340.89457142857145,492.0445],[340.89457142857145,510.45550000000003],[326.2482857142857,510.45550000000003],[326.2482857142857,492.0445]]]}},{"type":"Feature","id":"P0215","properties":{"id":"P0215","layer":"ordinary_parcel","zoneId":"UF02","blockId":"B012","compatibleForms":["U03","U04","U01","U05","U06"]},"geometry":{"type":"Polygon","coordinates":[[[341.6654285714286,492.0445],[356.3117142857143,492.0445],[356.3117142857143,510.45550000000003],[341.6654285714286,510.45550000000003],[341.6654285714286,492.0445]]]}},{"type":"Feature","id":"P0216","properties":{"id":"P0216","layer":"ordinary_parcel","zoneId":"UF02","blockId":"B012","compatibleForms":["U03","U04","U01","U05","U06"]},"geometry":{"type":"Polygon","coordinates":[[[357.08257142857144,492.0445],[371.7288571428571,492.0445],[371.7288571428571,510.45550000000003],[357.08257142857144,510.45550000000003],[357.08257142857144,492.0445]]]}},{"type":"Feature","id":"P0217","properties":{"id":"P0217","layer":"ordinary_parcel","zoneId":"UF02","blockId":"B012","compatibleForms":["U03","U04","U01","U05","U06"]},"geometry":{"type":"Polygon","coordinates":[[[295.41400000000004,511.4245000000001],[310.0602857142857,511.4245000000001],[310.0602857142857,529.8355],[295.41400000000004,529.8355],[295.41400000000004,511.4245000000001]]]}},{"type":"Feature","id":"P0218","properties":{"id":"P0218","layer":"ordinary_parcel","zoneId":"UF02","blockId":"B012","compatibleForms":["U03","U04","U01","U05","U06"]},"geometry":{"type":"Polygon","coordinates":[[[310.8311428571429,511.4245000000001],[325.47742857142856,511.4245000000001],[325.47742857142856,529.8355],[310.8311428571429,529.8355],[310.8311428571429,511.4245000000001]]]}},{"type":"Feature","id":"P0219","properties":{"id":"P0219","layer":"ordinary_parcel","zoneId":"UF02","blockId":"B012","compatibleForms":["U03","U04","U01","U05","U06"]},"geometry":{"type":"Polygon","coordinates":[[[326.2482857142857,511.4245000000001],[340.89457142857145,511.4245000000001],[340.89457142857145,529.8355],[326.2482857142857,529.8355],[326.2482857142857,511.4245000000001]]]}},{"type":"Feature","id":"P0220","properties":{"id":"P0220","layer":"ordinary_parcel","zoneId":"UF02","blockId":"B012","compatibleForms":["U03","U04","U01","U05","U06"]},"geometry":{"type":"Polygon","coordinates":[[[341.6654285714286,511.4245000000001],[356.3117142857143,511.4245000000001],[356.3117142857143,529.8355],[341.6654285714286,529.8355],[341.6654285714286,511.4245000000001]]]}},{"type":"Feature","id":"P0221","properties":{"id":"P0221","layer":"ordinary_parcel","zoneId":"UF02","blockId":"B012","compatibleForms":["U03","U04","U01","U05","U06"]},"geometry":{"type":"Polygon","coordinates":[[[357.08257142857144,511.4245000000001],[371.7288571428571,511.4245000000001],[371.7288571428571,529.8355],[357.08257142857144,529.8355],[357.08257142857144,511.4245000000001]]]}},{"type":"Feature","id":"P0222","properties":{"id":"P0222","layer":"ordinary_parcel","zoneId":"UF02","blockId":"B012","compatibleForms":["U03","U04","U01","U05","U06"]},"geometry":{"type":"Polygon","coordinates":[[[295.5103571428572,530.8045000000001],[313.8182142857143,530.8045000000001],[313.8182142857143,549.2155],[295.5103571428572,549.2155],[295.5103571428572,530.8045000000001]]]}},{"type":"Feature","id":"P0223","properties":{"id":"P0223","layer":"ordinary_parcel","zoneId":"UF02","blockId":"B012","compatibleForms":["U03","U04","U01","U05","U06"]},"geometry":{"type":"Polygon","coordinates":[[[314.7817857142857,530.8045000000001],[333.08964285714285,530.8045000000001],[333.08964285714285,549.2155],[314.7817857142857,549.2155],[314.7817857142857,530.8045000000001]]]}},{"type":"Feature","id":"P0224","properties":{"id":"P0224","layer":"ordinary_parcel","zoneId":"UF02","blockId":"B012","compatibleForms":["U03","U04","U01","U05","U06"]},"geometry":{"type":"Polygon","coordinates":[[[334.05321428571426,530.8045000000001],[352.36107142857145,530.8045000000001],[352.36107142857145,549.2155],[334.05321428571426,549.2155],[334.05321428571426,530.8045000000001]]]}},{"type":"Feature","id":"P0225","properties":{"id":"P0225","layer":"ordinary_parcel","zoneId":"UF02","blockId":"B012","compatibleForms":["U03","U04","U01","U05","U06"]},"geometry":{"type":"Polygon","coordinates":[[[353.32464285714286,530.8045000000001],[371.6325,530.8045000000001],[371.6325,549.2155],[353.32464285714286,549.2155],[353.32464285714286,530.8045000000001]]]}},{"type":"Feature","id":"B013","properties":{"id":"B013","layer":"block_cluster","zoneId":"UF02","sequenceInZone":6},"geometry":{"type":"Polygon","coordinates":[[[396.45714285714286,452.8],[473.54285714285714,452.8],[473.54285714285714,549.7],[396.45714285714286,549.7],[396.45714285714286,452.8]]]}},{"type":"Feature","id":"P0226","properties":{"id":"P0226","layer":"ordinary_parcel","zoneId":"UF02","blockId":"B013","compatibleForms":["U03","U04","U01","U05","U06"]},"geometry":{"type":"Polygon","coordinates":[[[396.84257142857143,453.28450000000004],[411.4888571428571,453.28450000000004],[411.4888571428571,471.6955],[396.84257142857143,471.6955],[396.84257142857143,453.28450000000004]]]}},{"type":"Feature","id":"P0227","properties":{"id":"P0227","layer":"ordinary_parcel","zoneId":"UF02","blockId":"B013","compatibleForms":["U03","U04","U01","U05","U06"]},"geometry":{"type":"Polygon","coordinates":[[[412.25971428571427,453.28450000000004],[426.906,453.28450000000004],[426.906,471.6955],[412.25971428571427,471.6955],[412.25971428571427,453.28450000000004]]]}},{"type":"Feature","id":"P0228","properties":{"id":"P0228","layer":"ordinary_parcel","zoneId":"UF02","blockId":"B013","compatibleForms":["U03","U04","U01","U05","U06"]},"geometry":{"type":"Polygon","coordinates":[[[427.67685714285716,453.28450000000004],[442.32314285714284,453.28450000000004],[442.32314285714284,471.6955],[427.67685714285716,471.6955],[427.67685714285716,453.28450000000004]]]}},{"type":"Feature","id":"P0229","properties":{"id":"P0229","layer":"ordinary_parcel","zoneId":"UF02","blockId":"B013","compatibleForms":["U03","U04","U01","U05","U06"]},"geometry":{"type":"Polygon","coordinates":[[[443.094,453.28450000000004],[457.74028571428573,453.28450000000004],[457.74028571428573,471.6955],[443.094,471.6955],[443.094,453.28450000000004]]]}},{"type":"Feature","id":"P0230","properties":{"id":"P0230","layer":"ordinary_parcel","zoneId":"UF02","blockId":"B013","compatibleForms":["U03","U04","U01","U05","U06"]},"geometry":{"type":"Polygon","coordinates":[[[458.5111428571429,453.28450000000004],[473.15742857142857,453.28450000000004],[473.15742857142857,471.6955],[458.5111428571429,471.6955],[458.5111428571429,453.28450000000004]]]}},{"type":"Feature","id":"P0231","properties":{"id":"P0231","layer":"ordinary_parcel","zoneId":"UF02","blockId":"B013","compatibleForms":["U03","U04","U01","U05","U06"]},"geometry":{"type":"Polygon","coordinates":[[[396.84257142857143,472.66450000000003],[411.4888571428571,472.66450000000003],[411.4888571428571,491.0755],[396.84257142857143,491.0755],[396.84257142857143,472.66450000000003]]]}},{"type":"Feature","id":"P0232","properties":{"id":"P0232","layer":"ordinary_parcel","zoneId":"UF02","blockId":"B013","compatibleForms":["U03","U04","U01","U05","U06"]},"geometry":{"type":"Polygon","coordinates":[[[412.25971428571427,472.66450000000003],[426.906,472.66450000000003],[426.906,491.0755],[412.25971428571427,491.0755],[412.25971428571427,472.66450000000003]]]}},{"type":"Feature","id":"P0233","properties":{"id":"P0233","layer":"ordinary_parcel","zoneId":"UF02","blockId":"B013","compatibleForms":["U03","U04","U01","U05","U06"]},"geometry":{"type":"Polygon","coordinates":[[[427.67685714285716,472.66450000000003],[442.32314285714284,472.66450000000003],[442.32314285714284,491.0755],[427.67685714285716,491.0755],[427.67685714285716,472.66450000000003]]]}},{"type":"Feature","id":"P0234","properties":{"id":"P0234","layer":"ordinary_parcel","zoneId":"UF02","blockId":"B013","compatibleForms":["U03","U04","U01","U05","U06"]},"geometry":{"type":"Polygon","coordinates":[[[443.094,472.66450000000003],[457.74028571428573,472.66450000000003],[457.74028571428573,491.0755],[443.094,491.0755],[443.094,472.66450000000003]]]}},{"type":"Feature","id":"P0235","properties":{"id":"P0235","layer":"ordinary_parcel","zoneId":"UF02","blockId":"B013","compatibleForms":["U03","U04","U01","U05","U06"]},"geometry":{"type":"Polygon","coordinates":[[[458.5111428571429,472.66450000000003],[473.15742857142857,472.66450000000003],[473.15742857142857,491.0755],[458.5111428571429,491.0755],[458.5111428571429,472.66450000000003]]]}},{"type":"Feature","id":"P0236","properties":{"id":"P0236","layer":"ordinary_parcel","zoneId":"UF02","blockId":"B013","compatibleForms":["U03","U04","U01","U05","U06"]},"geometry":{"type":"Polygon","coordinates":[[[396.84257142857143,492.0445],[411.4888571428571,492.0445],[411.4888571428571,510.45550000000003],[396.84257142857143,510.45550000000003],[396.84257142857143,492.0445]]]}},{"type":"Feature","id":"P0237","properties":{"id":"P0237","layer":"ordinary_parcel","zoneId":"UF02","blockId":"B013","compatibleForms":["U03","U04","U01","U05","U06"]},"geometry":{"type":"Polygon","coordinates":[[[412.25971428571427,492.0445],[426.906,492.0445],[426.906,510.45550000000003],[412.25971428571427,510.45550000000003],[412.25971428571427,492.0445]]]}},{"type":"Feature","id":"P0238","properties":{"id":"P0238","layer":"ordinary_parcel","zoneId":"UF02","blockId":"B013","compatibleForms":["U03","U04","U01","U05","U06"]},"geometry":{"type":"Polygon","coordinates":[[[427.67685714285716,492.0445],[442.32314285714284,492.0445],[442.32314285714284,510.45550000000003],[427.67685714285716,510.45550000000003],[427.67685714285716,492.0445]]]}},{"type":"Feature","id":"P0239","properties":{"id":"P0239","layer":"ordinary_parcel","zoneId":"UF02","blockId":"B013","compatibleForms":["U03","U04","U01","U05","U06"]},"geometry":{"type":"Polygon","coordinates":[[[443.094,492.0445],[457.74028571428573,492.0445],[457.74028571428573,510.45550000000003],[443.094,510.45550000000003],[443.094,492.0445]]]}},{"type":"Feature","id":"P0240","properties":{"id":"P0240","layer":"ordinary_parcel","zoneId":"UF02","blockId":"B013","compatibleForms":["U03","U04","U01","U05","U06"]},"geometry":{"type":"Polygon","coordinates":[[[458.5111428571429,492.0445],[473.15742857142857,492.0445],[473.15742857142857,510.45550000000003],[458.5111428571429,510.45550000000003],[458.5111428571429,492.0445]]]}},{"type":"Feature","id":"P0241","properties":{"id":"P0241","layer":"ordinary_parcel","zoneId":"UF02","blockId":"B013","compatibleForms":["U03","U04","U01","U05","U06"]},"geometry":{"type":"Polygon","coordinates":[[[396.84257142857143,511.4245000000001],[411.4888571428571,511.4245000000001],[411.4888571428571,529.8355],[396.84257142857143,529.8355],[396.84257142857143,511.4245000000001]]]}},{"type":"Feature","id":"P0242","properties":{"id":"P0242","layer":"ordinary_parcel","zoneId":"UF02","blockId":"B013","compatibleForms":["U03","U04","U01","U05","U06"]},"geometry":{"type":"Polygon","coordinates":[[[412.25971428571427,511.4245000000001],[426.906,511.4245000000001],[426.906,529.8355],[412.25971428571427,529.8355],[412.25971428571427,511.4245000000001]]]}},{"type":"Feature","id":"P0243","properties":{"id":"P0243","layer":"ordinary_parcel","zoneId":"UF02","blockId":"B013","compatibleForms":["U03","U04","U01","U05","U06"]},"geometry":{"type":"Polygon","coordinates":[[[427.67685714285716,511.4245000000001],[442.32314285714284,511.4245000000001],[442.32314285714284,529.8355],[427.67685714285716,529.8355],[427.67685714285716,511.4245000000001]]]}},{"type":"Feature","id":"P0244","properties":{"id":"P0244","layer":"ordinary_parcel","zoneId":"UF02","blockId":"B013","compatibleForms":["U03","U04","U01","U05","U06"]},"geometry":{"type":"Polygon","coordinates":[[[443.094,511.4245000000001],[457.74028571428573,511.4245000000001],[457.74028571428573,529.8355],[443.094,529.8355],[443.094,511.4245000000001]]]}},{"type":"Feature","id":"P0245","properties":{"id":"P0245","layer":"ordinary_parcel","zoneId":"UF02","blockId":"B013","compatibleForms":["U03","U04","U01","U05","U06"]},"geometry":{"type":"Polygon","coordinates":[[[458.5111428571429,511.4245000000001],[473.15742857142857,511.4245000000001],[473.15742857142857,529.8355],[458.5111428571429,529.8355],[458.5111428571429,511.4245000000001]]]}},{"type":"Feature","id":"P0246","properties":{"id":"P0246","layer":"ordinary_parcel","zoneId":"UF02","blockId":"B013","compatibleForms":["U03","U04","U01","U05","U06"]},"geometry":{"type":"Polygon","coordinates":[[[396.93892857142856,530.8045000000001],[415.2467857142857,530.8045000000001],[415.2467857142857,549.2155],[396.93892857142856,549.2155],[396.93892857142856,530.8045000000001]]]}},{"type":"Feature","id":"P0247","properties":{"id":"P0247","layer":"ordinary_parcel","zoneId":"UF02","blockId":"B013","compatibleForms":["U03","U04","U01","U05","U06"]},"geometry":{"type":"Polygon","coordinates":[[[416.2103571428571,530.8045000000001],[434.5182142857143,530.8045000000001],[434.5182142857143,549.2155],[416.2103571428571,549.2155],[416.2103571428571,530.8045000000001]]]}},{"type":"Feature","id":"P0248","properties":{"id":"P0248","layer":"ordinary_parcel","zoneId":"UF02","blockId":"B013","compatibleForms":["U03","U04","U01","U05","U06"]},"geometry":{"type":"Polygon","coordinates":[[[435.4817857142857,530.8045000000001],[453.7896428571429,530.8045000000001],[453.7896428571429,549.2155],[435.4817857142857,549.2155],[435.4817857142857,530.8045000000001]]]}},{"type":"Feature","id":"P0249","properties":{"id":"P0249","layer":"ordinary_parcel","zoneId":"UF02","blockId":"B013","compatibleForms":["U03","U04","U01","U05","U06"]},"geometry":{"type":"Polygon","coordinates":[[[454.7532142857143,530.8045000000001],[473.06107142857144,530.8045000000001],[473.06107142857144,549.2155],[454.7532142857143,549.2155],[454.7532142857143,530.8045000000001]]]}},{"type":"Feature","id":"B014","properties":{"id":"B014","layer":"block_cluster","zoneId":"UF02","sequenceInZone":7},"geometry":{"type":"Polygon","coordinates":[[[497.8857142857143,452.8],[574.9714285714285,452.8],[574.9714285714285,549.7],[497.8857142857143,549.7],[497.8857142857143,452.8]]]}},{"type":"Feature","id":"P0250","properties":{"id":"P0250","layer":"ordinary_parcel","zoneId":"UF02","blockId":"B014","compatibleForms":["U03","U04","U01","U05","U06"]},"geometry":{"type":"Polygon","coordinates":[[[498.2711428571429,453.28450000000004],[512.9174285714287,453.28450000000004],[512.9174285714287,471.6955],[498.2711428571429,471.6955],[498.2711428571429,453.28450000000004]]]}},{"type":"Feature","id":"P0251","properties":{"id":"P0251","layer":"ordinary_parcel","zoneId":"UF02","blockId":"B014","compatibleForms":["U03","U04","U01","U05","U06"]},"geometry":{"type":"Polygon","coordinates":[[[513.6882857142857,453.28450000000004],[528.3345714285715,453.28450000000004],[528.3345714285715,471.6955],[513.6882857142857,471.6955],[513.6882857142857,453.28450000000004]]]}},{"type":"Feature","id":"P0252","properties":{"id":"P0252","layer":"ordinary_parcel","zoneId":"UF02","blockId":"B014","compatibleForms":["U03","U04","U01","U05","U06"]},"geometry":{"type":"Polygon","coordinates":[[[529.1054285714285,453.28450000000004],[543.7517142857143,453.28450000000004],[543.7517142857143,471.6955],[529.1054285714285,471.6955],[529.1054285714285,453.28450000000004]]]}},{"type":"Feature","id":"P0253","properties":{"id":"P0253","layer":"ordinary_parcel","zoneId":"UF02","blockId":"B014","compatibleForms":["U03","U04","U01","U05","U06"]},"geometry":{"type":"Polygon","coordinates":[[[544.5225714285714,453.28450000000004],[559.1688571428572,453.28450000000004],[559.1688571428572,471.6955],[544.5225714285714,471.6955],[544.5225714285714,453.28450000000004]]]}},{"type":"Feature","id":"P0254","properties":{"id":"P0254","layer":"ordinary_parcel","zoneId":"UF02","blockId":"B014","compatibleForms":["U03","U04","U01","U05","U06"]},"geometry":{"type":"Polygon","coordinates":[[[559.9397142857142,453.28450000000004],[574.586,453.28450000000004],[574.586,471.6955],[559.9397142857142,471.6955],[559.9397142857142,453.28450000000004]]]}},{"type":"Feature","id":"P0255","properties":{"id":"P0255","layer":"ordinary_parcel","zoneId":"UF02","blockId":"B014","compatibleForms":["U03","U04","U01","U05","U06"]},"geometry":{"type":"Polygon","coordinates":[[[498.2711428571429,472.66450000000003],[512.9174285714287,472.66450000000003],[512.9174285714287,491.0755],[498.2711428571429,491.0755],[498.2711428571429,472.66450000000003]]]}},{"type":"Feature","id":"P0256","properties":{"id":"P0256","layer":"ordinary_parcel","zoneId":"UF02","blockId":"B014","compatibleForms":["U03","U04","U01","U05","U06"]},"geometry":{"type":"Polygon","coordinates":[[[513.6882857142857,472.66450000000003],[528.3345714285715,472.66450000000003],[528.3345714285715,491.0755],[513.6882857142857,491.0755],[513.6882857142857,472.66450000000003]]]}},{"type":"Feature","id":"P0257","properties":{"id":"P0257","layer":"ordinary_parcel","zoneId":"UF02","blockId":"B014","compatibleForms":["U03","U04","U01","U05","U06"]},"geometry":{"type":"Polygon","coordinates":[[[529.1054285714285,472.66450000000003],[543.7517142857143,472.66450000000003],[543.7517142857143,491.0755],[529.1054285714285,491.0755],[529.1054285714285,472.66450000000003]]]}},{"type":"Feature","id":"P0258","properties":{"id":"P0258","layer":"ordinary_parcel","zoneId":"UF02","blockId":"B014","compatibleForms":["U03","U04","U01","U05","U06"]},"geometry":{"type":"Polygon","coordinates":[[[544.5225714285714,472.66450000000003],[559.1688571428572,472.66450000000003],[559.1688571428572,491.0755],[544.5225714285714,491.0755],[544.5225714285714,472.66450000000003]]]}},{"type":"Feature","id":"P0259","properties":{"id":"P0259","layer":"ordinary_parcel","zoneId":"UF02","blockId":"B014","compatibleForms":["U03","U04","U01","U05","U06"]},"geometry":{"type":"Polygon","coordinates":[[[559.9397142857142,472.66450000000003],[574.586,472.66450000000003],[574.586,491.0755],[559.9397142857142,491.0755],[559.9397142857142,472.66450000000003]]]}},{"type":"Feature","id":"P0260","properties":{"id":"P0260","layer":"ordinary_parcel","zoneId":"UF02","blockId":"B014","compatibleForms":["U03","U04","U01","U05","U06"]},"geometry":{"type":"Polygon","coordinates":[[[498.2711428571429,492.0445],[512.9174285714287,492.0445],[512.9174285714287,510.45550000000003],[498.2711428571429,510.45550000000003],[498.2711428571429,492.0445]]]}},{"type":"Feature","id":"P0261","properties":{"id":"P0261","layer":"ordinary_parcel","zoneId":"UF02","blockId":"B014","compatibleForms":["U03","U04","U01","U05","U06"]},"geometry":{"type":"Polygon","coordinates":[[[513.6882857142857,492.0445],[528.3345714285715,492.0445],[528.3345714285715,510.45550000000003],[513.6882857142857,510.45550000000003],[513.6882857142857,492.0445]]]}},{"type":"Feature","id":"P0262","properties":{"id":"P0262","layer":"ordinary_parcel","zoneId":"UF02","blockId":"B014","compatibleForms":["U03","U04","U01","U05","U06"]},"geometry":{"type":"Polygon","coordinates":[[[529.1054285714285,492.0445],[543.7517142857143,492.0445],[543.7517142857143,510.45550000000003],[529.1054285714285,510.45550000000003],[529.1054285714285,492.0445]]]}},{"type":"Feature","id":"P0263","properties":{"id":"P0263","layer":"ordinary_parcel","zoneId":"UF02","blockId":"B014","compatibleForms":["U03","U04","U01","U05","U06"]},"geometry":{"type":"Polygon","coordinates":[[[544.5225714285714,492.0445],[559.1688571428572,492.0445],[559.1688571428572,510.45550000000003],[544.5225714285714,510.45550000000003],[544.5225714285714,492.0445]]]}},{"type":"Feature","id":"P0264","properties":{"id":"P0264","layer":"ordinary_parcel","zoneId":"UF02","blockId":"B014","compatibleForms":["U03","U04","U01","U05","U06"]},"geometry":{"type":"Polygon","coordinates":[[[559.9397142857142,492.0445],[574.586,492.0445],[574.586,510.45550000000003],[559.9397142857142,510.45550000000003],[559.9397142857142,492.0445]]]}},{"type":"Feature","id":"P0265","properties":{"id":"P0265","layer":"ordinary_parcel","zoneId":"UF02","blockId":"B014","compatibleForms":["U03","U04","U01","U05","U06"]},"geometry":{"type":"Polygon","coordinates":[[[498.2711428571429,511.4245000000001],[512.9174285714287,511.4245000000001],[512.9174285714287,529.8355],[498.2711428571429,529.8355],[498.2711428571429,511.4245000000001]]]}},{"type":"Feature","id":"P0266","properties":{"id":"P0266","layer":"ordinary_parcel","zoneId":"UF02","blockId":"B014","compatibleForms":["U03","U04","U01","U05","U06"]},"geometry":{"type":"Polygon","coordinates":[[[513.6882857142857,511.4245000000001],[528.3345714285715,511.4245000000001],[528.3345714285715,529.8355],[513.6882857142857,529.8355],[513.6882857142857,511.4245000000001]]]}},{"type":"Feature","id":"P0267","properties":{"id":"P0267","layer":"ordinary_parcel","zoneId":"UF02","blockId":"B014","compatibleForms":["U03","U04","U01","U05","U06"]},"geometry":{"type":"Polygon","coordinates":[[[529.1054285714285,511.4245000000001],[543.7517142857143,511.4245000000001],[543.7517142857143,529.8355],[529.1054285714285,529.8355],[529.1054285714285,511.4245000000001]]]}},{"type":"Feature","id":"P0268","properties":{"id":"P0268","layer":"ordinary_parcel","zoneId":"UF02","blockId":"B014","compatibleForms":["U03","U04","U01","U05","U06"]},"geometry":{"type":"Polygon","coordinates":[[[544.5225714285714,511.4245000000001],[559.1688571428572,511.4245000000001],[559.1688571428572,529.8355],[544.5225714285714,529.8355],[544.5225714285714,511.4245000000001]]]}},{"type":"Feature","id":"P0269","properties":{"id":"P0269","layer":"ordinary_parcel","zoneId":"UF02","blockId":"B014","compatibleForms":["U03","U04","U01","U05","U06"]},"geometry":{"type":"Polygon","coordinates":[[[559.9397142857142,511.4245000000001],[574.586,511.4245000000001],[574.586,529.8355],[559.9397142857142,529.8355],[559.9397142857142,511.4245000000001]]]}},{"type":"Feature","id":"P0270","properties":{"id":"P0270","layer":"ordinary_parcel","zoneId":"UF02","blockId":"B014","compatibleForms":["U03","U04","U01","U05","U06"]},"geometry":{"type":"Polygon","coordinates":[[[498.3675,530.8045000000001],[516.6753571428571,530.8045000000001],[516.6753571428571,549.2155],[498.3675,549.2155],[498.3675,530.8045000000001]]]}},{"type":"Feature","id":"P0271","properties":{"id":"P0271","layer":"ordinary_parcel","zoneId":"UF02","blockId":"B014","compatibleForms":["U03","U04","U01","U05","U06"]},"geometry":{"type":"Polygon","coordinates":[[[517.6389285714286,530.8045000000001],[535.9467857142857,530.8045000000001],[535.9467857142857,549.2155],[517.6389285714286,549.2155],[517.6389285714286,530.8045000000001]]]}},{"type":"Feature","id":"P0272","properties":{"id":"P0272","layer":"ordinary_parcel","zoneId":"UF02","blockId":"B014","compatibleForms":["U03","U04","U01","U05","U06"]},"geometry":{"type":"Polygon","coordinates":[[[536.9103571428572,530.8045000000001],[555.2182142857142,530.8045000000001],[555.2182142857142,549.2155],[536.9103571428572,549.2155],[536.9103571428572,530.8045000000001]]]}},{"type":"Feature","id":"P0273","properties":{"id":"P0273","layer":"ordinary_parcel","zoneId":"UF02","blockId":"B014","compatibleForms":["U03","U04","U01","U05","U06"]},"geometry":{"type":"Polygon","coordinates":[[[556.1817857142856,530.8045000000001],[574.4896428571428,530.8045000000001],[574.4896428571428,549.2155],[556.1817857142856,549.2155],[556.1817857142856,530.8045000000001]]]}},{"type":"Feature","id":"B015","properties":{"id":"B015","layer":"block_cluster","zoneId":"UF02","sequenceInZone":8},"geometry":{"type":"Polygon","coordinates":[[[599.3142857142857,452.8],[676.4,452.8],[676.4,549.7],[599.3142857142857,549.7],[599.3142857142857,452.8]]]}},{"type":"Feature","id":"P0274","properties":{"id":"P0274","layer":"ordinary_parcel","zoneId":"UF02","blockId":"B015","compatibleForms":["U03","U04","U01","U05","U06"]},"geometry":{"type":"Polygon","coordinates":[[[599.6997142857142,453.28450000000004],[614.346,453.28450000000004],[614.346,471.6955],[599.6997142857142,471.6955],[599.6997142857142,453.28450000000004]]]}},{"type":"Feature","id":"P0275","properties":{"id":"P0275","layer":"ordinary_parcel","zoneId":"UF02","blockId":"B015","compatibleForms":["U03","U04","U01","U05","U06"]},"geometry":{"type":"Polygon","coordinates":[[[615.116857142857,453.28450000000004],[629.7631428571428,453.28450000000004],[629.7631428571428,471.6955],[615.116857142857,471.6955],[615.116857142857,453.28450000000004]]]}},{"type":"Feature","id":"P0276","properties":{"id":"P0276","layer":"ordinary_parcel","zoneId":"UF02","blockId":"B015","compatibleForms":["U03","U04","U01","U05","U06"]},"geometry":{"type":"Polygon","coordinates":[[[630.5339999999999,453.28450000000004],[645.1802857142858,453.28450000000004],[645.1802857142858,471.6955],[630.5339999999999,471.6955],[630.5339999999999,453.28450000000004]]]}},{"type":"Feature","id":"P0277","properties":{"id":"P0277","layer":"ordinary_parcel","zoneId":"UF02","blockId":"B015","compatibleForms":["U03","U04","U01","U05","U06"]},"geometry":{"type":"Polygon","coordinates":[[[645.9511428571428,453.28450000000004],[660.5974285714286,453.28450000000004],[660.5974285714286,471.6955],[645.9511428571428,471.6955],[645.9511428571428,453.28450000000004]]]}},{"type":"Feature","id":"P0278","properties":{"id":"P0278","layer":"ordinary_parcel","zoneId":"UF02","blockId":"B015","compatibleForms":["U03","U04","U01","U05","U06"]},"geometry":{"type":"Polygon","coordinates":[[[661.3682857142857,453.28450000000004],[676.0145714285715,453.28450000000004],[676.0145714285715,471.6955],[661.3682857142857,471.6955],[661.3682857142857,453.28450000000004]]]}},{"type":"Feature","id":"P0279","properties":{"id":"P0279","layer":"ordinary_parcel","zoneId":"UF02","blockId":"B015","compatibleForms":["U03","U04","U01","U05","U06"]},"geometry":{"type":"Polygon","coordinates":[[[599.6997142857142,472.66450000000003],[614.346,472.66450000000003],[614.346,491.0755],[599.6997142857142,491.0755],[599.6997142857142,472.66450000000003]]]}},{"type":"Feature","id":"P0280","properties":{"id":"P0280","layer":"ordinary_parcel","zoneId":"UF02","blockId":"B015","compatibleForms":["U03","U04","U01","U05","U06"]},"geometry":{"type":"Polygon","coordinates":[[[615.116857142857,472.66450000000003],[629.7631428571428,472.66450000000003],[629.7631428571428,491.0755],[615.116857142857,491.0755],[615.116857142857,472.66450000000003]]]}},{"type":"Feature","id":"P0281","properties":{"id":"P0281","layer":"ordinary_parcel","zoneId":"UF02","blockId":"B015","compatibleForms":["U03","U04","U01","U05","U06"]},"geometry":{"type":"Polygon","coordinates":[[[630.5339999999999,472.66450000000003],[645.1802857142858,472.66450000000003],[645.1802857142858,491.0755],[630.5339999999999,491.0755],[630.5339999999999,472.66450000000003]]]}},{"type":"Feature","id":"P0282","properties":{"id":"P0282","layer":"ordinary_parcel","zoneId":"UF02","blockId":"B015","compatibleForms":["U03","U04","U01","U05","U06"]},"geometry":{"type":"Polygon","coordinates":[[[645.9511428571428,472.66450000000003],[660.5974285714286,472.66450000000003],[660.5974285714286,491.0755],[645.9511428571428,491.0755],[645.9511428571428,472.66450000000003]]]}},{"type":"Feature","id":"P0283","properties":{"id":"P0283","layer":"ordinary_parcel","zoneId":"UF02","blockId":"B015","compatibleForms":["U03","U04","U01","U05","U06"]},"geometry":{"type":"Polygon","coordinates":[[[661.3682857142857,472.66450000000003],[676.0145714285715,472.66450000000003],[676.0145714285715,491.0755],[661.3682857142857,491.0755],[661.3682857142857,472.66450000000003]]]}},{"type":"Feature","id":"P0284","properties":{"id":"P0284","layer":"ordinary_parcel","zoneId":"UF02","blockId":"B015","compatibleForms":["U03","U04","U01","U05","U06"]},"geometry":{"type":"Polygon","coordinates":[[[599.6997142857142,492.0445],[614.346,492.0445],[614.346,510.45550000000003],[599.6997142857142,510.45550000000003],[599.6997142857142,492.0445]]]}},{"type":"Feature","id":"P0285","properties":{"id":"P0285","layer":"ordinary_parcel","zoneId":"UF02","blockId":"B015","compatibleForms":["U03","U04","U01","U05","U06"]},"geometry":{"type":"Polygon","coordinates":[[[615.116857142857,492.0445],[629.7631428571428,492.0445],[629.7631428571428,510.45550000000003],[615.116857142857,510.45550000000003],[615.116857142857,492.0445]]]}},{"type":"Feature","id":"P0286","properties":{"id":"P0286","layer":"ordinary_parcel","zoneId":"UF02","blockId":"B015","compatibleForms":["U03","U04","U01","U05","U06"]},"geometry":{"type":"Polygon","coordinates":[[[630.5339999999999,492.0445],[645.1802857142858,492.0445],[645.1802857142858,510.45550000000003],[630.5339999999999,510.45550000000003],[630.5339999999999,492.0445]]]}},{"type":"Feature","id":"P0287","properties":{"id":"P0287","layer":"ordinary_parcel","zoneId":"UF02","blockId":"B015","compatibleForms":["U03","U04","U01","U05","U06"]},"geometry":{"type":"Polygon","coordinates":[[[645.9511428571428,492.0445],[660.5974285714286,492.0445],[660.5974285714286,510.45550000000003],[645.9511428571428,510.45550000000003],[645.9511428571428,492.0445]]]}},{"type":"Feature","id":"P0288","properties":{"id":"P0288","layer":"ordinary_parcel","zoneId":"UF02","blockId":"B015","compatibleForms":["U03","U04","U01","U05","U06"]},"geometry":{"type":"Polygon","coordinates":[[[661.3682857142857,492.0445],[676.0145714285715,492.0445],[676.0145714285715,510.45550000000003],[661.3682857142857,510.45550000000003],[661.3682857142857,492.0445]]]}},{"type":"Feature","id":"P0289","properties":{"id":"P0289","layer":"ordinary_parcel","zoneId":"UF02","blockId":"B015","compatibleForms":["U03","U04","U01","U05","U06"]},"geometry":{"type":"Polygon","coordinates":[[[599.6997142857142,511.4245000000001],[614.346,511.4245000000001],[614.346,529.8355],[599.6997142857142,529.8355],[599.6997142857142,511.4245000000001]]]}},{"type":"Feature","id":"P0290","properties":{"id":"P0290","layer":"ordinary_parcel","zoneId":"UF02","blockId":"B015","compatibleForms":["U03","U04","U01","U05","U06"]},"geometry":{"type":"Polygon","coordinates":[[[615.116857142857,511.4245000000001],[629.7631428571428,511.4245000000001],[629.7631428571428,529.8355],[615.116857142857,529.8355],[615.116857142857,511.4245000000001]]]}},{"type":"Feature","id":"P0291","properties":{"id":"P0291","layer":"ordinary_parcel","zoneId":"UF02","blockId":"B015","compatibleForms":["U03","U04","U01","U05","U06"]},"geometry":{"type":"Polygon","coordinates":[[[630.5339999999999,511.4245000000001],[645.1802857142858,511.4245000000001],[645.1802857142858,529.8355],[630.5339999999999,529.8355],[630.5339999999999,511.4245000000001]]]}},{"type":"Feature","id":"P0292","properties":{"id":"P0292","layer":"ordinary_parcel","zoneId":"UF02","blockId":"B015","compatibleForms":["U03","U04","U01","U05","U06"]},"geometry":{"type":"Polygon","coordinates":[[[645.9511428571428,511.4245000000001],[660.5974285714286,511.4245000000001],[660.5974285714286,529.8355],[645.9511428571428,529.8355],[645.9511428571428,511.4245000000001]]]}},{"type":"Feature","id":"P0293","properties":{"id":"P0293","layer":"ordinary_parcel","zoneId":"UF02","blockId":"B015","compatibleForms":["U03","U04","U01","U05","U06"]},"geometry":{"type":"Polygon","coordinates":[[[661.3682857142857,511.4245000000001],[676.0145714285715,511.4245000000001],[676.0145714285715,529.8355],[661.3682857142857,529.8355],[661.3682857142857,511.4245000000001]]]}},{"type":"Feature","id":"P0294","properties":{"id":"P0294","layer":"ordinary_parcel","zoneId":"UF02","blockId":"B015","compatibleForms":["U03","U04","U01","U05","U06"]},"geometry":{"type":"Polygon","coordinates":[[[599.7960714285714,530.8045000000001],[618.1039285714286,530.8045000000001],[618.1039285714286,549.2155],[599.7960714285714,549.2155],[599.7960714285714,530.8045000000001]]]}},{"type":"Feature","id":"P0295","properties":{"id":"P0295","layer":"ordinary_parcel","zoneId":"UF02","blockId":"B015","compatibleForms":["U03","U04","U01","U05","U06"]},"geometry":{"type":"Polygon","coordinates":[[[619.0675,530.8045000000001],[637.3753571428572,530.8045000000001],[637.3753571428572,549.2155],[619.0675,549.2155],[619.0675,530.8045000000001]]]}},{"type":"Feature","id":"P0296","properties":{"id":"P0296","layer":"ordinary_parcel","zoneId":"UF02","blockId":"B015","compatibleForms":["U03","U04","U01","U05","U06"]},"geometry":{"type":"Polygon","coordinates":[[[638.3389285714286,530.8045000000001],[656.6467857142857,530.8045000000001],[656.6467857142857,549.2155],[638.3389285714286,549.2155],[638.3389285714286,530.8045000000001]]]}},{"type":"Feature","id":"P0297","properties":{"id":"P0297","layer":"ordinary_parcel","zoneId":"UF02","blockId":"B015","compatibleForms":["U03","U04","U01","U05","U06"]},"geometry":{"type":"Polygon","coordinates":[[[657.6103571428571,530.8045000000001],[675.9182142857143,530.8045000000001],[675.9182142857143,549.2155],[657.6103571428571,549.2155],[657.6103571428571,530.8045000000001]]]}},{"type":"Feature","id":"B016","properties":{"id":"B016","layer":"block_cluster","zoneId":"UF02","sequenceInZone":9},"geometry":{"type":"Polygon","coordinates":[[[193.60000000000002,580.3],[270.6857142857143,580.3],[270.6857142857143,677.2],[193.60000000000002,677.2],[193.60000000000002,580.3]]]}},{"type":"Feature","id":"P0298","properties":{"id":"P0298","layer":"ordinary_parcel","zoneId":"UF02","blockId":"B016","compatibleForms":["U03","U04","U01","U05","U06"]},"geometry":{"type":"Polygon","coordinates":[[[193.9854285714286,580.7845],[208.6317142857143,580.7845],[208.6317142857143,599.1954999999999],[193.9854285714286,599.1954999999999],[193.9854285714286,580.7845]]]}},{"type":"Feature","id":"P0299","properties":{"id":"P0299","layer":"ordinary_parcel","zoneId":"UF02","blockId":"B016","compatibleForms":["U03","U04","U01","U05","U06"]},"geometry":{"type":"Polygon","coordinates":[[[209.40257142857146,580.7845],[224.04885714285717,580.7845],[224.04885714285717,599.1954999999999],[209.40257142857146,599.1954999999999],[209.40257142857146,580.7845]]]}},{"type":"Feature","id":"P0300","properties":{"id":"P0300","layer":"ordinary_parcel","zoneId":"UF02","blockId":"B016","compatibleForms":["U03","U04","U01","U05","U06"]},"geometry":{"type":"Polygon","coordinates":[[[224.81971428571433,580.7845],[239.466,580.7845],[239.466,599.1954999999999],[224.81971428571433,599.1954999999999],[224.81971428571433,580.7845]]]}},{"type":"Feature","id":"P0301","properties":{"id":"P0301","layer":"ordinary_parcel","zoneId":"UF02","blockId":"B016","compatibleForms":["U03","U04","U01","U05","U06"]},"geometry":{"type":"Polygon","coordinates":[[[240.23685714285716,580.7845],[254.88314285714287,580.7845],[254.88314285714287,599.1954999999999],[240.23685714285716,599.1954999999999],[240.23685714285716,580.7845]]]}},{"type":"Feature","id":"P0302","properties":{"id":"P0302","layer":"ordinary_parcel","zoneId":"UF02","blockId":"B016","compatibleForms":["U03","U04","U01","U05","U06"]},"geometry":{"type":"Polygon","coordinates":[[[255.65400000000002,580.7845],[270.30028571428574,580.7845],[270.30028571428574,599.1954999999999],[255.65400000000002,599.1954999999999],[255.65400000000002,580.7845]]]}},{"type":"Feature","id":"P0303","properties":{"id":"P0303","layer":"ordinary_parcel","zoneId":"UF02","blockId":"B016","compatibleForms":["U03","U04","U01","U05","U06"]},"geometry":{"type":"Polygon","coordinates":[[[193.9854285714286,600.1645],[208.6317142857143,600.1645],[208.6317142857143,618.5754999999999],[193.9854285714286,618.5754999999999],[193.9854285714286,600.1645]]]}},{"type":"Feature","id":"P0304","properties":{"id":"P0304","layer":"ordinary_parcel","zoneId":"UF02","blockId":"B016","compatibleForms":["U03","U04","U01","U05","U06"]},"geometry":{"type":"Polygon","coordinates":[[[209.40257142857146,600.1645],[224.04885714285717,600.1645],[224.04885714285717,618.5754999999999],[209.40257142857146,618.5754999999999],[209.40257142857146,600.1645]]]}},{"type":"Feature","id":"P0305","properties":{"id":"P0305","layer":"ordinary_parcel","zoneId":"UF02","blockId":"B016","compatibleForms":["U03","U04","U01","U05","U06"]},"geometry":{"type":"Polygon","coordinates":[[[224.81971428571433,600.1645],[239.466,600.1645],[239.466,618.5754999999999],[224.81971428571433,618.5754999999999],[224.81971428571433,600.1645]]]}},{"type":"Feature","id":"P0306","properties":{"id":"P0306","layer":"ordinary_parcel","zoneId":"UF02","blockId":"B016","compatibleForms":["U03","U04","U01","U05","U06"]},"geometry":{"type":"Polygon","coordinates":[[[240.23685714285716,600.1645],[254.88314285714287,600.1645],[254.88314285714287,618.5754999999999],[240.23685714285716,618.5754999999999],[240.23685714285716,600.1645]]]}},{"type":"Feature","id":"P0307","properties":{"id":"P0307","layer":"ordinary_parcel","zoneId":"UF02","blockId":"B016","compatibleForms":["U03","U04","U01","U05","U06"]},"geometry":{"type":"Polygon","coordinates":[[[255.65400000000002,600.1645],[270.30028571428574,600.1645],[270.30028571428574,618.5754999999999],[255.65400000000002,618.5754999999999],[255.65400000000002,600.1645]]]}},{"type":"Feature","id":"P0308","properties":{"id":"P0308","layer":"ordinary_parcel","zoneId":"UF02","blockId":"B016","compatibleForms":["U03","U04","U01","U05","U06"]},"geometry":{"type":"Polygon","coordinates":[[[193.9854285714286,619.5445],[208.6317142857143,619.5445],[208.6317142857143,637.9555],[193.9854285714286,637.9555],[193.9854285714286,619.5445]]]}},{"type":"Feature","id":"P0309","properties":{"id":"P0309","layer":"ordinary_parcel","zoneId":"UF02","blockId":"B016","compatibleForms":["U03","U04","U01","U05","U06"]},"geometry":{"type":"Polygon","coordinates":[[[209.40257142857146,619.5445],[224.04885714285717,619.5445],[224.04885714285717,637.9555],[209.40257142857146,637.9555],[209.40257142857146,619.5445]]]}},{"type":"Feature","id":"P0310","properties":{"id":"P0310","layer":"ordinary_parcel","zoneId":"UF02","blockId":"B016","compatibleForms":["U03","U04","U01","U05","U06"]},"geometry":{"type":"Polygon","coordinates":[[[224.81971428571433,619.5445],[239.466,619.5445],[239.466,637.9555],[224.81971428571433,637.9555],[224.81971428571433,619.5445]]]}},{"type":"Feature","id":"P0311","properties":{"id":"P0311","layer":"ordinary_parcel","zoneId":"UF02","blockId":"B016","compatibleForms":["U03","U04","U01","U05","U06"]},"geometry":{"type":"Polygon","coordinates":[[[240.23685714285716,619.5445],[254.88314285714287,619.5445],[254.88314285714287,637.9555],[240.23685714285716,637.9555],[240.23685714285716,619.5445]]]}},{"type":"Feature","id":"P0312","properties":{"id":"P0312","layer":"ordinary_parcel","zoneId":"UF02","blockId":"B016","compatibleForms":["U03","U04","U01","U05","U06"]},"geometry":{"type":"Polygon","coordinates":[[[255.65400000000002,619.5445],[270.30028571428574,619.5445],[270.30028571428574,637.9555],[255.65400000000002,637.9555],[255.65400000000002,619.5445]]]}},{"type":"Feature","id":"P0313","properties":{"id":"P0313","layer":"ordinary_parcel","zoneId":"UF02","blockId":"B016","compatibleForms":["U03","U04","U01","U05","U06"]},"geometry":{"type":"Polygon","coordinates":[[[193.9854285714286,638.9245000000001],[208.6317142857143,638.9245000000001],[208.6317142857143,657.3355],[193.9854285714286,657.3355],[193.9854285714286,638.9245000000001]]]}},{"type":"Feature","id":"P0314","properties":{"id":"P0314","layer":"ordinary_parcel","zoneId":"UF02","blockId":"B016","compatibleForms":["U03","U04","U01","U05","U06"]},"geometry":{"type":"Polygon","coordinates":[[[209.40257142857146,638.9245000000001],[224.04885714285717,638.9245000000001],[224.04885714285717,657.3355],[209.40257142857146,657.3355],[209.40257142857146,638.9245000000001]]]}},{"type":"Feature","id":"P0315","properties":{"id":"P0315","layer":"ordinary_parcel","zoneId":"UF02","blockId":"B016","compatibleForms":["U03","U04","U01","U05","U06"]},"geometry":{"type":"Polygon","coordinates":[[[224.81971428571433,638.9245000000001],[239.466,638.9245000000001],[239.466,657.3355],[224.81971428571433,657.3355],[224.81971428571433,638.9245000000001]]]}},{"type":"Feature","id":"P0316","properties":{"id":"P0316","layer":"ordinary_parcel","zoneId":"UF02","blockId":"B016","compatibleForms":["U03","U04","U01","U05","U06"]},"geometry":{"type":"Polygon","coordinates":[[[240.23685714285716,638.9245000000001],[254.88314285714287,638.9245000000001],[254.88314285714287,657.3355],[240.23685714285716,657.3355],[240.23685714285716,638.9245000000001]]]}},{"type":"Feature","id":"P0317","properties":{"id":"P0317","layer":"ordinary_parcel","zoneId":"UF02","blockId":"B016","compatibleForms":["U03","U04","U01","U05","U06"]},"geometry":{"type":"Polygon","coordinates":[[[255.65400000000002,638.9245000000001],[270.30028571428574,638.9245000000001],[270.30028571428574,657.3355],[255.65400000000002,657.3355],[255.65400000000002,638.9245000000001]]]}},{"type":"Feature","id":"P0318","properties":{"id":"P0318","layer":"ordinary_parcel","zoneId":"UF02","blockId":"B016","compatibleForms":["U03","U04","U01","U05","U06"]},"geometry":{"type":"Polygon","coordinates":[[[194.08178571428573,658.3045000000001],[212.3896428571429,658.3045000000001],[212.3896428571429,676.7155],[194.08178571428573,676.7155],[194.08178571428573,658.3045000000001]]]}},{"type":"Feature","id":"P0319","properties":{"id":"P0319","layer":"ordinary_parcel","zoneId":"UF02","blockId":"B016","compatibleForms":["U03","U04","U01","U05","U06"]},"geometry":{"type":"Polygon","coordinates":[[[213.3532142857143,658.3045000000001],[231.66107142857146,658.3045000000001],[231.66107142857146,676.7155],[213.3532142857143,676.7155],[213.3532142857143,658.3045000000001]]]}},{"type":"Feature","id":"P0320","properties":{"id":"P0320","layer":"ordinary_parcel","zoneId":"UF02","blockId":"B016","compatibleForms":["U03","U04","U01","U05","U06"]},"geometry":{"type":"Polygon","coordinates":[[[232.62464285714287,658.3045000000001],[250.93250000000003,658.3045000000001],[250.93250000000003,676.7155],[232.62464285714287,676.7155],[232.62464285714287,658.3045000000001]]]}},{"type":"Feature","id":"P0321","properties":{"id":"P0321","layer":"ordinary_parcel","zoneId":"UF02","blockId":"B016","compatibleForms":["U03","U04","U01","U05","U06"]},"geometry":{"type":"Polygon","coordinates":[[[251.89607142857145,658.3045000000001],[270.2039285714286,658.3045000000001],[270.2039285714286,676.7155],[251.89607142857145,676.7155],[251.89607142857145,658.3045000000001]]]}},{"type":"Feature","id":"B017","properties":{"id":"B017","layer":"block_cluster","zoneId":"UF02","sequenceInZone":10},"geometry":{"type":"Polygon","coordinates":[[[295.02857142857147,580.3],[372.1142857142857,580.3],[372.1142857142857,677.2],[295.02857142857147,677.2],[295.02857142857147,580.3]]]}},{"type":"Feature","id":"P0322","properties":{"id":"P0322","layer":"ordinary_parcel","zoneId":"UF02","blockId":"B017","compatibleForms":["U03","U04","U01","U05","U06"]},"geometry":{"type":"Polygon","coordinates":[[[295.41400000000004,580.7845],[310.0602857142857,580.7845],[310.0602857142857,599.1954999999999],[295.41400000000004,599.1954999999999],[295.41400000000004,580.7845]]]}},{"type":"Feature","id":"P0323","properties":{"id":"P0323","layer":"ordinary_parcel","zoneId":"UF02","blockId":"B017","compatibleForms":["U03","U04","U01","U05","U06"]},"geometry":{"type":"Polygon","coordinates":[[[310.8311428571429,580.7845],[325.47742857142856,580.7845],[325.47742857142856,599.1954999999999],[310.8311428571429,599.1954999999999],[310.8311428571429,580.7845]]]}},{"type":"Feature","id":"P0324","properties":{"id":"P0324","layer":"ordinary_parcel","zoneId":"UF02","blockId":"B017","compatibleForms":["U03","U04","U01","U05","U06"]},"geometry":{"type":"Polygon","coordinates":[[[326.2482857142857,580.7845],[340.89457142857145,580.7845],[340.89457142857145,599.1954999999999],[326.2482857142857,599.1954999999999],[326.2482857142857,580.7845]]]}},{"type":"Feature","id":"P0325","properties":{"id":"P0325","layer":"ordinary_parcel","zoneId":"UF02","blockId":"B017","compatibleForms":["U03","U04","U01","U05","U06"]},"geometry":{"type":"Polygon","coordinates":[[[341.6654285714286,580.7845],[356.3117142857143,580.7845],[356.3117142857143,599.1954999999999],[341.6654285714286,599.1954999999999],[341.6654285714286,580.7845]]]}},{"type":"Feature","id":"P0326","properties":{"id":"P0326","layer":"ordinary_parcel","zoneId":"UF02","blockId":"B017","compatibleForms":["U03","U04","U01","U05","U06"]},"geometry":{"type":"Polygon","coordinates":[[[357.08257142857144,580.7845],[371.7288571428571,580.7845],[371.7288571428571,599.1954999999999],[357.08257142857144,599.1954999999999],[357.08257142857144,580.7845]]]}},{"type":"Feature","id":"P0327","properties":{"id":"P0327","layer":"ordinary_parcel","zoneId":"UF02","blockId":"B017","compatibleForms":["U03","U04","U01","U05","U06"]},"geometry":{"type":"Polygon","coordinates":[[[295.41400000000004,600.1645],[310.0602857142857,600.1645],[310.0602857142857,618.5754999999999],[295.41400000000004,618.5754999999999],[295.41400000000004,600.1645]]]}},{"type":"Feature","id":"P0328","properties":{"id":"P0328","layer":"ordinary_parcel","zoneId":"UF02","blockId":"B017","compatibleForms":["U03","U04","U01","U05","U06"]},"geometry":{"type":"Polygon","coordinates":[[[310.8311428571429,600.1645],[325.47742857142856,600.1645],[325.47742857142856,618.5754999999999],[310.8311428571429,618.5754999999999],[310.8311428571429,600.1645]]]}},{"type":"Feature","id":"P0329","properties":{"id":"P0329","layer":"ordinary_parcel","zoneId":"UF02","blockId":"B017","compatibleForms":["U03","U04","U01","U05","U06"]},"geometry":{"type":"Polygon","coordinates":[[[326.2482857142857,600.1645],[340.89457142857145,600.1645],[340.89457142857145,618.5754999999999],[326.2482857142857,618.5754999999999],[326.2482857142857,600.1645]]]}},{"type":"Feature","id":"P0330","properties":{"id":"P0330","layer":"ordinary_parcel","zoneId":"UF02","blockId":"B017","compatibleForms":["U03","U04","U01","U05","U06"]},"geometry":{"type":"Polygon","coordinates":[[[341.6654285714286,600.1645],[356.3117142857143,600.1645],[356.3117142857143,618.5754999999999],[341.6654285714286,618.5754999999999],[341.6654285714286,600.1645]]]}},{"type":"Feature","id":"P0331","properties":{"id":"P0331","layer":"ordinary_parcel","zoneId":"UF02","blockId":"B017","compatibleForms":["U03","U04","U01","U05","U06"]},"geometry":{"type":"Polygon","coordinates":[[[357.08257142857144,600.1645],[371.7288571428571,600.1645],[371.7288571428571,618.5754999999999],[357.08257142857144,618.5754999999999],[357.08257142857144,600.1645]]]}},{"type":"Feature","id":"P0332","properties":{"id":"P0332","layer":"ordinary_parcel","zoneId":"UF02","blockId":"B017","compatibleForms":["U03","U04","U01","U05","U06"]},"geometry":{"type":"Polygon","coordinates":[[[295.41400000000004,619.5445],[310.0602857142857,619.5445],[310.0602857142857,637.9555],[295.41400000000004,637.9555],[295.41400000000004,619.5445]]]}},{"type":"Feature","id":"P0333","properties":{"id":"P0333","layer":"ordinary_parcel","zoneId":"UF02","blockId":"B017","compatibleForms":["U03","U04","U01","U05","U06"]},"geometry":{"type":"Polygon","coordinates":[[[310.8311428571429,619.5445],[325.47742857142856,619.5445],[325.47742857142856,637.9555],[310.8311428571429,637.9555],[310.8311428571429,619.5445]]]}},{"type":"Feature","id":"P0334","properties":{"id":"P0334","layer":"ordinary_parcel","zoneId":"UF02","blockId":"B017","compatibleForms":["U03","U04","U01","U05","U06"]},"geometry":{"type":"Polygon","coordinates":[[[326.2482857142857,619.5445],[340.89457142857145,619.5445],[340.89457142857145,637.9555],[326.2482857142857,637.9555],[326.2482857142857,619.5445]]]}},{"type":"Feature","id":"P0335","properties":{"id":"P0335","layer":"ordinary_parcel","zoneId":"UF02","blockId":"B017","compatibleForms":["U03","U04","U01","U05","U06"]},"geometry":{"type":"Polygon","coordinates":[[[341.6654285714286,619.5445],[356.3117142857143,619.5445],[356.3117142857143,637.9555],[341.6654285714286,637.9555],[341.6654285714286,619.5445]]]}},{"type":"Feature","id":"P0336","properties":{"id":"P0336","layer":"ordinary_parcel","zoneId":"UF02","blockId":"B017","compatibleForms":["U03","U04","U01","U05","U06"]},"geometry":{"type":"Polygon","coordinates":[[[357.08257142857144,619.5445],[371.7288571428571,619.5445],[371.7288571428571,637.9555],[357.08257142857144,637.9555],[357.08257142857144,619.5445]]]}},{"type":"Feature","id":"P0337","properties":{"id":"P0337","layer":"ordinary_parcel","zoneId":"UF02","blockId":"B017","compatibleForms":["U03","U04","U01","U05","U06"]},"geometry":{"type":"Polygon","coordinates":[[[295.41400000000004,638.9245000000001],[310.0602857142857,638.9245000000001],[310.0602857142857,657.3355],[295.41400000000004,657.3355],[295.41400000000004,638.9245000000001]]]}},{"type":"Feature","id":"P0338","properties":{"id":"P0338","layer":"ordinary_parcel","zoneId":"UF02","blockId":"B017","compatibleForms":["U03","U04","U01","U05","U06"]},"geometry":{"type":"Polygon","coordinates":[[[310.8311428571429,638.9245000000001],[325.47742857142856,638.9245000000001],[325.47742857142856,657.3355],[310.8311428571429,657.3355],[310.8311428571429,638.9245000000001]]]}},{"type":"Feature","id":"P0339","properties":{"id":"P0339","layer":"ordinary_parcel","zoneId":"UF02","blockId":"B017","compatibleForms":["U03","U04","U01","U05","U06"]},"geometry":{"type":"Polygon","coordinates":[[[326.2482857142857,638.9245000000001],[340.89457142857145,638.9245000000001],[340.89457142857145,657.3355],[326.2482857142857,657.3355],[326.2482857142857,638.9245000000001]]]}},{"type":"Feature","id":"P0340","properties":{"id":"P0340","layer":"ordinary_parcel","zoneId":"UF02","blockId":"B017","compatibleForms":["U03","U04","U01","U05","U06"]},"geometry":{"type":"Polygon","coordinates":[[[341.6654285714286,638.9245000000001],[356.3117142857143,638.9245000000001],[356.3117142857143,657.3355],[341.6654285714286,657.3355],[341.6654285714286,638.9245000000001]]]}},{"type":"Feature","id":"P0341","properties":{"id":"P0341","layer":"ordinary_parcel","zoneId":"UF02","blockId":"B017","compatibleForms":["U03","U04","U01","U05","U06"]},"geometry":{"type":"Polygon","coordinates":[[[357.08257142857144,638.9245000000001],[371.7288571428571,638.9245000000001],[371.7288571428571,657.3355],[357.08257142857144,657.3355],[357.08257142857144,638.9245000000001]]]}},{"type":"Feature","id":"P0342","properties":{"id":"P0342","layer":"ordinary_parcel","zoneId":"UF02","blockId":"B017","compatibleForms":["U03","U04","U01","U05","U06"]},"geometry":{"type":"Polygon","coordinates":[[[295.5103571428572,658.3045000000001],[313.8182142857143,658.3045000000001],[313.8182142857143,676.7155],[295.5103571428572,676.7155],[295.5103571428572,658.3045000000001]]]}},{"type":"Feature","id":"P0343","properties":{"id":"P0343","layer":"ordinary_parcel","zoneId":"UF02","blockId":"B017","compatibleForms":["U03","U04","U01","U05","U06"]},"geometry":{"type":"Polygon","coordinates":[[[314.7817857142857,658.3045000000001],[333.08964285714285,658.3045000000001],[333.08964285714285,676.7155],[314.7817857142857,676.7155],[314.7817857142857,658.3045000000001]]]}},{"type":"Feature","id":"P0344","properties":{"id":"P0344","layer":"ordinary_parcel","zoneId":"UF02","blockId":"B017","compatibleForms":["U03","U04","U01","U05","U06"]},"geometry":{"type":"Polygon","coordinates":[[[334.05321428571426,658.3045000000001],[352.36107142857145,658.3045000000001],[352.36107142857145,676.7155],[334.05321428571426,676.7155],[334.05321428571426,658.3045000000001]]]}},{"type":"Feature","id":"P0345","properties":{"id":"P0345","layer":"ordinary_parcel","zoneId":"UF02","blockId":"B017","compatibleForms":["U03","U04","U01","U05","U06"]},"geometry":{"type":"Polygon","coordinates":[[[353.32464285714286,658.3045000000001],[371.6325,658.3045000000001],[371.6325,676.7155],[353.32464285714286,676.7155],[353.32464285714286,658.3045000000001]]]}},{"type":"Feature","id":"B018","properties":{"id":"B018","layer":"block_cluster","zoneId":"UF02","sequenceInZone":11},"geometry":{"type":"Polygon","coordinates":[[[396.45714285714286,580.3],[473.54285714285714,580.3],[473.54285714285714,677.2],[396.45714285714286,677.2],[396.45714285714286,580.3]]]}},{"type":"Feature","id":"P0346","properties":{"id":"P0346","layer":"ordinary_parcel","zoneId":"UF02","blockId":"B018","compatibleForms":["U03","U04","U01","U05","U06"]},"geometry":{"type":"Polygon","coordinates":[[[396.84257142857143,580.7845],[411.4888571428571,580.7845],[411.4888571428571,599.1954999999999],[396.84257142857143,599.1954999999999],[396.84257142857143,580.7845]]]}},{"type":"Feature","id":"P0347","properties":{"id":"P0347","layer":"ordinary_parcel","zoneId":"UF02","blockId":"B018","compatibleForms":["U03","U04","U01","U05","U06"]},"geometry":{"type":"Polygon","coordinates":[[[412.25971428571427,580.7845],[426.906,580.7845],[426.906,599.1954999999999],[412.25971428571427,599.1954999999999],[412.25971428571427,580.7845]]]}},{"type":"Feature","id":"P0348","properties":{"id":"P0348","layer":"ordinary_parcel","zoneId":"UF02","blockId":"B018","compatibleForms":["U03","U04","U01","U05","U06"]},"geometry":{"type":"Polygon","coordinates":[[[427.67685714285716,580.7845],[442.32314285714284,580.7845],[442.32314285714284,599.1954999999999],[427.67685714285716,599.1954999999999],[427.67685714285716,580.7845]]]}},{"type":"Feature","id":"P0349","properties":{"id":"P0349","layer":"ordinary_parcel","zoneId":"UF02","blockId":"B018","compatibleForms":["U03","U04","U01","U05","U06"]},"geometry":{"type":"Polygon","coordinates":[[[443.094,580.7845],[457.74028571428573,580.7845],[457.74028571428573,599.1954999999999],[443.094,599.1954999999999],[443.094,580.7845]]]}},{"type":"Feature","id":"P0350","properties":{"id":"P0350","layer":"ordinary_parcel","zoneId":"UF02","blockId":"B018","compatibleForms":["U03","U04","U01","U05","U06"]},"geometry":{"type":"Polygon","coordinates":[[[458.5111428571429,580.7845],[473.15742857142857,580.7845],[473.15742857142857,599.1954999999999],[458.5111428571429,599.1954999999999],[458.5111428571429,580.7845]]]}},{"type":"Feature","id":"P0351","properties":{"id":"P0351","layer":"ordinary_parcel","zoneId":"UF02","blockId":"B018","compatibleForms":["U03","U04","U01","U05","U06"]},"geometry":{"type":"Polygon","coordinates":[[[396.84257142857143,600.1645],[411.4888571428571,600.1645],[411.4888571428571,618.5754999999999],[396.84257142857143,618.5754999999999],[396.84257142857143,600.1645]]]}},{"type":"Feature","id":"P0352","properties":{"id":"P0352","layer":"ordinary_parcel","zoneId":"UF02","blockId":"B018","compatibleForms":["U03","U04","U01","U05","U06"]},"geometry":{"type":"Polygon","coordinates":[[[412.25971428571427,600.1645],[426.906,600.1645],[426.906,618.5754999999999],[412.25971428571427,618.5754999999999],[412.25971428571427,600.1645]]]}},{"type":"Feature","id":"P0353","properties":{"id":"P0353","layer":"ordinary_parcel","zoneId":"UF02","blockId":"B018","compatibleForms":["U03","U04","U01","U05","U06"]},"geometry":{"type":"Polygon","coordinates":[[[427.67685714285716,600.1645],[442.32314285714284,600.1645],[442.32314285714284,618.5754999999999],[427.67685714285716,618.5754999999999],[427.67685714285716,600.1645]]]}},{"type":"Feature","id":"P0354","properties":{"id":"P0354","layer":"ordinary_parcel","zoneId":"UF02","blockId":"B018","compatibleForms":["U03","U04","U01","U05","U06"]},"geometry":{"type":"Polygon","coordinates":[[[443.094,600.1645],[457.74028571428573,600.1645],[457.74028571428573,618.5754999999999],[443.094,618.5754999999999],[443.094,600.1645]]]}},{"type":"Feature","id":"P0355","properties":{"id":"P0355","layer":"ordinary_parcel","zoneId":"UF02","blockId":"B018","compatibleForms":["U03","U04","U01","U05","U06"]},"geometry":{"type":"Polygon","coordinates":[[[458.5111428571429,600.1645],[473.15742857142857,600.1645],[473.15742857142857,618.5754999999999],[458.5111428571429,618.5754999999999],[458.5111428571429,600.1645]]]}},{"type":"Feature","id":"P0356","properties":{"id":"P0356","layer":"ordinary_parcel","zoneId":"UF02","blockId":"B018","compatibleForms":["U03","U04","U01","U05","U06"]},"geometry":{"type":"Polygon","coordinates":[[[396.84257142857143,619.5445],[411.4888571428571,619.5445],[411.4888571428571,637.9555],[396.84257142857143,637.9555],[396.84257142857143,619.5445]]]}},{"type":"Feature","id":"P0357","properties":{"id":"P0357","layer":"ordinary_parcel","zoneId":"UF02","blockId":"B018","compatibleForms":["U03","U04","U01","U05","U06"]},"geometry":{"type":"Polygon","coordinates":[[[412.25971428571427,619.5445],[426.906,619.5445],[426.906,637.9555],[412.25971428571427,637.9555],[412.25971428571427,619.5445]]]}},{"type":"Feature","id":"P0358","properties":{"id":"P0358","layer":"ordinary_parcel","zoneId":"UF02","blockId":"B018","compatibleForms":["U03","U04","U01","U05","U06"]},"geometry":{"type":"Polygon","coordinates":[[[427.67685714285716,619.5445],[442.32314285714284,619.5445],[442.32314285714284,637.9555],[427.67685714285716,637.9555],[427.67685714285716,619.5445]]]}},{"type":"Feature","id":"P0359","properties":{"id":"P0359","layer":"ordinary_parcel","zoneId":"UF02","blockId":"B018","compatibleForms":["U03","U04","U01","U05","U06"]},"geometry":{"type":"Polygon","coordinates":[[[443.094,619.5445],[457.74028571428573,619.5445],[457.74028571428573,637.9555],[443.094,637.9555],[443.094,619.5445]]]}},{"type":"Feature","id":"P0360","properties":{"id":"P0360","layer":"ordinary_parcel","zoneId":"UF02","blockId":"B018","compatibleForms":["U03","U04","U01","U05","U06"]},"geometry":{"type":"Polygon","coordinates":[[[458.5111428571429,619.5445],[473.15742857142857,619.5445],[473.15742857142857,637.9555],[458.5111428571429,637.9555],[458.5111428571429,619.5445]]]}},{"type":"Feature","id":"P0361","properties":{"id":"P0361","layer":"ordinary_parcel","zoneId":"UF02","blockId":"B018","compatibleForms":["U03","U04","U01","U05","U06"]},"geometry":{"type":"Polygon","coordinates":[[[396.84257142857143,638.9245000000001],[411.4888571428571,638.9245000000001],[411.4888571428571,657.3355],[396.84257142857143,657.3355],[396.84257142857143,638.9245000000001]]]}},{"type":"Feature","id":"P0362","properties":{"id":"P0362","layer":"ordinary_parcel","zoneId":"UF02","blockId":"B018","compatibleForms":["U03","U04","U01","U05","U06"]},"geometry":{"type":"Polygon","coordinates":[[[412.25971428571427,638.9245000000001],[426.906,638.9245000000001],[426.906,657.3355],[412.25971428571427,657.3355],[412.25971428571427,638.9245000000001]]]}},{"type":"Feature","id":"P0363","properties":{"id":"P0363","layer":"ordinary_parcel","zoneId":"UF02","blockId":"B018","compatibleForms":["U03","U04","U01","U05","U06"]},"geometry":{"type":"Polygon","coordinates":[[[427.67685714285716,638.9245000000001],[442.32314285714284,638.9245000000001],[442.32314285714284,657.3355],[427.67685714285716,657.3355],[427.67685714285716,638.9245000000001]]]}},{"type":"Feature","id":"P0364","properties":{"id":"P0364","layer":"ordinary_parcel","zoneId":"UF02","blockId":"B018","compatibleForms":["U03","U04","U01","U05","U06"]},"geometry":{"type":"Polygon","coordinates":[[[443.094,638.9245000000001],[457.74028571428573,638.9245000000001],[457.74028571428573,657.3355],[443.094,657.3355],[443.094,638.9245000000001]]]}},{"type":"Feature","id":"P0365","properties":{"id":"P0365","layer":"ordinary_parcel","zoneId":"UF02","blockId":"B018","compatibleForms":["U03","U04","U01","U05","U06"]},"geometry":{"type":"Polygon","coordinates":[[[458.5111428571429,638.9245000000001],[473.15742857142857,638.9245000000001],[473.15742857142857,657.3355],[458.5111428571429,657.3355],[458.5111428571429,638.9245000000001]]]}},{"type":"Feature","id":"P0366","properties":{"id":"P0366","layer":"ordinary_parcel","zoneId":"UF02","blockId":"B018","compatibleForms":["U03","U04","U01","U05","U06"]},"geometry":{"type":"Polygon","coordinates":[[[396.93892857142856,658.3045000000001],[415.2467857142857,658.3045000000001],[415.2467857142857,676.7155],[396.93892857142856,676.7155],[396.93892857142856,658.3045000000001]]]}},{"type":"Feature","id":"P0367","properties":{"id":"P0367","layer":"ordinary_parcel","zoneId":"UF02","blockId":"B018","compatibleForms":["U03","U04","U01","U05","U06"]},"geometry":{"type":"Polygon","coordinates":[[[416.2103571428571,658.3045000000001],[434.5182142857143,658.3045000000001],[434.5182142857143,676.7155],[416.2103571428571,676.7155],[416.2103571428571,658.3045000000001]]]}},{"type":"Feature","id":"P0368","properties":{"id":"P0368","layer":"ordinary_parcel","zoneId":"UF02","blockId":"B018","compatibleForms":["U03","U04","U01","U05","U06"]},"geometry":{"type":"Polygon","coordinates":[[[435.4817857142857,658.3045000000001],[453.7896428571429,658.3045000000001],[453.7896428571429,676.7155],[435.4817857142857,676.7155],[435.4817857142857,658.3045000000001]]]}},{"type":"Feature","id":"P0369","properties":{"id":"P0369","layer":"ordinary_parcel","zoneId":"UF02","blockId":"B018","compatibleForms":["U03","U04","U01","U05","U06"]},"geometry":{"type":"Polygon","coordinates":[[[454.7532142857143,658.3045000000001],[473.06107142857144,658.3045000000001],[473.06107142857144,676.7155],[454.7532142857143,676.7155],[454.7532142857143,658.3045000000001]]]}},{"type":"Feature","id":"B019","properties":{"id":"B019","layer":"block_cluster","zoneId":"UF02","sequenceInZone":12},"geometry":{"type":"Polygon","coordinates":[[[497.8857142857143,580.3],[574.9714285714285,580.3],[574.9714285714285,677.2],[497.8857142857143,677.2],[497.8857142857143,580.3]]]}},{"type":"Feature","id":"P0370","properties":{"id":"P0370","layer":"ordinary_parcel","zoneId":"UF02","blockId":"B019","compatibleForms":["U03","U04","U01","U05","U06"]},"geometry":{"type":"Polygon","coordinates":[[[498.2711428571429,580.7845],[512.9174285714287,580.7845],[512.9174285714287,599.1954999999999],[498.2711428571429,599.1954999999999],[498.2711428571429,580.7845]]]}},{"type":"Feature","id":"P0371","properties":{"id":"P0371","layer":"ordinary_parcel","zoneId":"UF02","blockId":"B019","compatibleForms":["U03","U04","U01","U05","U06"]},"geometry":{"type":"Polygon","coordinates":[[[513.6882857142857,580.7845],[528.3345714285715,580.7845],[528.3345714285715,599.1954999999999],[513.6882857142857,599.1954999999999],[513.6882857142857,580.7845]]]}},{"type":"Feature","id":"P0372","properties":{"id":"P0372","layer":"ordinary_parcel","zoneId":"UF02","blockId":"B019","compatibleForms":["U03","U04","U01","U05","U06"]},"geometry":{"type":"Polygon","coordinates":[[[529.1054285714285,580.7845],[543.7517142857143,580.7845],[543.7517142857143,599.1954999999999],[529.1054285714285,599.1954999999999],[529.1054285714285,580.7845]]]}},{"type":"Feature","id":"P0373","properties":{"id":"P0373","layer":"ordinary_parcel","zoneId":"UF02","blockId":"B019","compatibleForms":["U03","U04","U01","U05","U06"]},"geometry":{"type":"Polygon","coordinates":[[[544.5225714285714,580.7845],[559.1688571428572,580.7845],[559.1688571428572,599.1954999999999],[544.5225714285714,599.1954999999999],[544.5225714285714,580.7845]]]}},{"type":"Feature","id":"P0374","properties":{"id":"P0374","layer":"ordinary_parcel","zoneId":"UF02","blockId":"B019","compatibleForms":["U03","U04","U01","U05","U06"]},"geometry":{"type":"Polygon","coordinates":[[[559.9397142857142,580.7845],[574.586,580.7845],[574.586,599.1954999999999],[559.9397142857142,599.1954999999999],[559.9397142857142,580.7845]]]}},{"type":"Feature","id":"P0375","properties":{"id":"P0375","layer":"ordinary_parcel","zoneId":"UF02","blockId":"B019","compatibleForms":["U03","U04","U01","U05","U06"]},"geometry":{"type":"Polygon","coordinates":[[[498.2711428571429,600.1645],[512.9174285714287,600.1645],[512.9174285714287,618.5754999999999],[498.2711428571429,618.5754999999999],[498.2711428571429,600.1645]]]}},{"type":"Feature","id":"P0376","properties":{"id":"P0376","layer":"ordinary_parcel","zoneId":"UF02","blockId":"B019","compatibleForms":["U03","U04","U01","U05","U06"]},"geometry":{"type":"Polygon","coordinates":[[[513.6882857142857,600.1645],[528.3345714285715,600.1645],[528.3345714285715,618.5754999999999],[513.6882857142857,618.5754999999999],[513.6882857142857,600.1645]]]}},{"type":"Feature","id":"P0377","properties":{"id":"P0377","layer":"ordinary_parcel","zoneId":"UF02","blockId":"B019","compatibleForms":["U03","U04","U01","U05","U06"]},"geometry":{"type":"Polygon","coordinates":[[[529.1054285714285,600.1645],[543.7517142857143,600.1645],[543.7517142857143,618.5754999999999],[529.1054285714285,618.5754999999999],[529.1054285714285,600.1645]]]}},{"type":"Feature","id":"P0378","properties":{"id":"P0378","layer":"ordinary_parcel","zoneId":"UF02","blockId":"B019","compatibleForms":["U03","U04","U01","U05","U06"]},"geometry":{"type":"Polygon","coordinates":[[[544.5225714285714,600.1645],[559.1688571428572,600.1645],[559.1688571428572,618.5754999999999],[544.5225714285714,618.5754999999999],[544.5225714285714,600.1645]]]}},{"type":"Feature","id":"P0379","properties":{"id":"P0379","layer":"ordinary_parcel","zoneId":"UF02","blockId":"B019","compatibleForms":["U03","U04","U01","U05","U06"]},"geometry":{"type":"Polygon","coordinates":[[[559.9397142857142,600.1645],[574.586,600.1645],[574.586,618.5754999999999],[559.9397142857142,618.5754999999999],[559.9397142857142,600.1645]]]}},{"type":"Feature","id":"P0380","properties":{"id":"P0380","layer":"ordinary_parcel","zoneId":"UF02","blockId":"B019","compatibleForms":["U03","U04","U01","U05","U06"]},"geometry":{"type":"Polygon","coordinates":[[[498.2711428571429,619.5445],[512.9174285714287,619.5445],[512.9174285714287,637.9555],[498.2711428571429,637.9555],[498.2711428571429,619.5445]]]}},{"type":"Feature","id":"P0381","properties":{"id":"P0381","layer":"ordinary_parcel","zoneId":"UF02","blockId":"B019","compatibleForms":["U03","U04","U01","U05","U06"]},"geometry":{"type":"Polygon","coordinates":[[[513.6882857142857,619.5445],[528.3345714285715,619.5445],[528.3345714285715,637.9555],[513.6882857142857,637.9555],[513.6882857142857,619.5445]]]}},{"type":"Feature","id":"P0382","properties":{"id":"P0382","layer":"ordinary_parcel","zoneId":"UF02","blockId":"B019","compatibleForms":["U03","U04","U01","U05","U06"]},"geometry":{"type":"Polygon","coordinates":[[[529.1054285714285,619.5445],[543.7517142857143,619.5445],[543.7517142857143,637.9555],[529.1054285714285,637.9555],[529.1054285714285,619.5445]]]}},{"type":"Feature","id":"P0383","properties":{"id":"P0383","layer":"ordinary_parcel","zoneId":"UF02","blockId":"B019","compatibleForms":["U03","U04","U01","U05","U06"]},"geometry":{"type":"Polygon","coordinates":[[[544.5225714285714,619.5445],[559.1688571428572,619.5445],[559.1688571428572,637.9555],[544.5225714285714,637.9555],[544.5225714285714,619.5445]]]}},{"type":"Feature","id":"P0384","properties":{"id":"P0384","layer":"ordinary_parcel","zoneId":"UF02","blockId":"B019","compatibleForms":["U03","U04","U01","U05","U06"]},"geometry":{"type":"Polygon","coordinates":[[[559.9397142857142,619.5445],[574.586,619.5445],[574.586,637.9555],[559.9397142857142,637.9555],[559.9397142857142,619.5445]]]}},{"type":"Feature","id":"P0385","properties":{"id":"P0385","layer":"ordinary_parcel","zoneId":"UF02","blockId":"B019","compatibleForms":["U03","U04","U01","U05","U06"]},"geometry":{"type":"Polygon","coordinates":[[[498.3675,638.9245000000001],[516.6753571428571,638.9245000000001],[516.6753571428571,657.3355],[498.3675,657.3355],[498.3675,638.9245000000001]]]}},{"type":"Feature","id":"P0386","properties":{"id":"P0386","layer":"ordinary_parcel","zoneId":"UF02","blockId":"B019","compatibleForms":["U03","U04","U01","U05","U06"]},"geometry":{"type":"Polygon","coordinates":[[[517.6389285714286,638.9245000000001],[535.9467857142857,638.9245000000001],[535.9467857142857,657.3355],[517.6389285714286,657.3355],[517.6389285714286,638.9245000000001]]]}},{"type":"Feature","id":"P0387","properties":{"id":"P0387","layer":"ordinary_parcel","zoneId":"UF02","blockId":"B019","compatibleForms":["U03","U04","U01","U05","U06"]},"geometry":{"type":"Polygon","coordinates":[[[536.9103571428572,638.9245000000001],[555.2182142857142,638.9245000000001],[555.2182142857142,657.3355],[536.9103571428572,657.3355],[536.9103571428572,638.9245000000001]]]}},{"type":"Feature","id":"P0388","properties":{"id":"P0388","layer":"ordinary_parcel","zoneId":"UF02","blockId":"B019","compatibleForms":["U03","U04","U01","U05","U06"]},"geometry":{"type":"Polygon","coordinates":[[[556.1817857142856,638.9245000000001],[574.4896428571428,638.9245000000001],[574.4896428571428,657.3355],[556.1817857142856,657.3355],[556.1817857142856,638.9245000000001]]]}},{"type":"Feature","id":"P0389","properties":{"id":"P0389","layer":"ordinary_parcel","zoneId":"UF02","blockId":"B019","compatibleForms":["U03","U04","U01","U05","U06"]},"geometry":{"type":"Polygon","coordinates":[[[498.3675,658.3045000000001],[516.6753571428571,658.3045000000001],[516.6753571428571,676.7155],[498.3675,676.7155],[498.3675,658.3045000000001]]]}},{"type":"Feature","id":"P0390","properties":{"id":"P0390","layer":"ordinary_parcel","zoneId":"UF02","blockId":"B019","compatibleForms":["U03","U04","U01","U05","U06"]},"geometry":{"type":"Polygon","coordinates":[[[517.6389285714286,658.3045000000001],[535.9467857142857,658.3045000000001],[535.9467857142857,676.7155],[517.6389285714286,676.7155],[517.6389285714286,658.3045000000001]]]}},{"type":"Feature","id":"P0391","properties":{"id":"P0391","layer":"ordinary_parcel","zoneId":"UF02","blockId":"B019","compatibleForms":["U03","U04","U01","U05","U06"]},"geometry":{"type":"Polygon","coordinates":[[[536.9103571428572,658.3045000000001],[555.2182142857142,658.3045000000001],[555.2182142857142,676.7155],[536.9103571428572,676.7155],[536.9103571428572,658.3045000000001]]]}},{"type":"Feature","id":"P0392","properties":{"id":"P0392","layer":"ordinary_parcel","zoneId":"UF02","blockId":"B019","compatibleForms":["U03","U04","U01","U05","U06"]},"geometry":{"type":"Polygon","coordinates":[[[556.1817857142856,658.3045000000001],[574.4896428571428,658.3045000000001],[574.4896428571428,676.7155],[556.1817857142856,676.7155],[556.1817857142856,658.3045000000001]]]}},{"type":"Feature","id":"B020","properties":{"id":"B020","layer":"block_cluster","zoneId":"UF02","sequenceInZone":13},"geometry":{"type":"Polygon","coordinates":[[[599.3142857142857,580.3],[676.4,580.3],[676.4,677.2],[599.3142857142857,677.2],[599.3142857142857,580.3]]]}},{"type":"Feature","id":"P0393","properties":{"id":"P0393","layer":"ordinary_parcel","zoneId":"UF02","blockId":"B020","compatibleForms":["U03","U04","U01","U05","U06"]},"geometry":{"type":"Polygon","coordinates":[[[599.6997142857142,580.7845],[614.346,580.7845],[614.346,599.1954999999999],[599.6997142857142,599.1954999999999],[599.6997142857142,580.7845]]]}},{"type":"Feature","id":"P0394","properties":{"id":"P0394","layer":"ordinary_parcel","zoneId":"UF02","blockId":"B020","compatibleForms":["U03","U04","U01","U05","U06"]},"geometry":{"type":"Polygon","coordinates":[[[615.116857142857,580.7845],[629.7631428571428,580.7845],[629.7631428571428,599.1954999999999],[615.116857142857,599.1954999999999],[615.116857142857,580.7845]]]}},{"type":"Feature","id":"P0395","properties":{"id":"P0395","layer":"ordinary_parcel","zoneId":"UF02","blockId":"B020","compatibleForms":["U03","U04","U01","U05","U06"]},"geometry":{"type":"Polygon","coordinates":[[[630.5339999999999,580.7845],[645.1802857142858,580.7845],[645.1802857142858,599.1954999999999],[630.5339999999999,599.1954999999999],[630.5339999999999,580.7845]]]}},{"type":"Feature","id":"P0396","properties":{"id":"P0396","layer":"ordinary_parcel","zoneId":"UF02","blockId":"B020","compatibleForms":["U03","U04","U01","U05","U06"]},"geometry":{"type":"Polygon","coordinates":[[[645.9511428571428,580.7845],[660.5974285714286,580.7845],[660.5974285714286,599.1954999999999],[645.9511428571428,599.1954999999999],[645.9511428571428,580.7845]]]}},{"type":"Feature","id":"P0397","properties":{"id":"P0397","layer":"ordinary_parcel","zoneId":"UF02","blockId":"B020","compatibleForms":["U03","U04","U01","U05","U06"]},"geometry":{"type":"Polygon","coordinates":[[[661.3682857142857,580.7845],[676.0145714285715,580.7845],[676.0145714285715,599.1954999999999],[661.3682857142857,599.1954999999999],[661.3682857142857,580.7845]]]}},{"type":"Feature","id":"P0398","properties":{"id":"P0398","layer":"ordinary_parcel","zoneId":"UF02","blockId":"B020","compatibleForms":["U03","U04","U01","U05","U06"]},"geometry":{"type":"Polygon","coordinates":[[[599.6997142857142,600.1645],[614.346,600.1645],[614.346,618.5754999999999],[599.6997142857142,618.5754999999999],[599.6997142857142,600.1645]]]}},{"type":"Feature","id":"P0399","properties":{"id":"P0399","layer":"ordinary_parcel","zoneId":"UF02","blockId":"B020","compatibleForms":["U03","U04","U01","U05","U06"]},"geometry":{"type":"Polygon","coordinates":[[[615.116857142857,600.1645],[629.7631428571428,600.1645],[629.7631428571428,618.5754999999999],[615.116857142857,618.5754999999999],[615.116857142857,600.1645]]]}},{"type":"Feature","id":"P0400","properties":{"id":"P0400","layer":"ordinary_parcel","zoneId":"UF02","blockId":"B020","compatibleForms":["U03","U04","U01","U05","U06"]},"geometry":{"type":"Polygon","coordinates":[[[630.5339999999999,600.1645],[645.1802857142858,600.1645],[645.1802857142858,618.5754999999999],[630.5339999999999,618.5754999999999],[630.5339999999999,600.1645]]]}},{"type":"Feature","id":"P0401","properties":{"id":"P0401","layer":"ordinary_parcel","zoneId":"UF02","blockId":"B020","compatibleForms":["U03","U04","U01","U05","U06"]},"geometry":{"type":"Polygon","coordinates":[[[645.9511428571428,600.1645],[660.5974285714286,600.1645],[660.5974285714286,618.5754999999999],[645.9511428571428,618.5754999999999],[645.9511428571428,600.1645]]]}},{"type":"Feature","id":"P0402","properties":{"id":"P0402","layer":"ordinary_parcel","zoneId":"UF02","blockId":"B020","compatibleForms":["U03","U04","U01","U05","U06"]},"geometry":{"type":"Polygon","coordinates":[[[661.3682857142857,600.1645],[676.0145714285715,600.1645],[676.0145714285715,618.5754999999999],[661.3682857142857,618.5754999999999],[661.3682857142857,600.1645]]]}},{"type":"Feature","id":"P0403","properties":{"id":"P0403","layer":"ordinary_parcel","zoneId":"UF02","blockId":"B020","compatibleForms":["U03","U04","U01","U05","U06"]},"geometry":{"type":"Polygon","coordinates":[[[599.6997142857142,619.5445],[614.346,619.5445],[614.346,637.9555],[599.6997142857142,637.9555],[599.6997142857142,619.5445]]]}},{"type":"Feature","id":"P0404","properties":{"id":"P0404","layer":"ordinary_parcel","zoneId":"UF02","blockId":"B020","compatibleForms":["U03","U04","U01","U05","U06"]},"geometry":{"type":"Polygon","coordinates":[[[615.116857142857,619.5445],[629.7631428571428,619.5445],[629.7631428571428,637.9555],[615.116857142857,637.9555],[615.116857142857,619.5445]]]}},{"type":"Feature","id":"P0405","properties":{"id":"P0405","layer":"ordinary_parcel","zoneId":"UF02","blockId":"B020","compatibleForms":["U03","U04","U01","U05","U06"]},"geometry":{"type":"Polygon","coordinates":[[[630.5339999999999,619.5445],[645.1802857142858,619.5445],[645.1802857142858,637.9555],[630.5339999999999,637.9555],[630.5339999999999,619.5445]]]}},{"type":"Feature","id":"P0406","properties":{"id":"P0406","layer":"ordinary_parcel","zoneId":"UF02","blockId":"B020","compatibleForms":["U03","U04","U01","U05","U06"]},"geometry":{"type":"Polygon","coordinates":[[[645.9511428571428,619.5445],[660.5974285714286,619.5445],[660.5974285714286,637.9555],[645.9511428571428,637.9555],[645.9511428571428,619.5445]]]}},{"type":"Feature","id":"P0407","properties":{"id":"P0407","layer":"ordinary_parcel","zoneId":"UF02","blockId":"B020","compatibleForms":["U03","U04","U01","U05","U06"]},"geometry":{"type":"Polygon","coordinates":[[[661.3682857142857,619.5445],[676.0145714285715,619.5445],[676.0145714285715,637.9555],[661.3682857142857,637.9555],[661.3682857142857,619.5445]]]}},{"type":"Feature","id":"P0408","properties":{"id":"P0408","layer":"ordinary_parcel","zoneId":"UF02","blockId":"B020","compatibleForms":["U03","U04","U01","U05","U06"]},"geometry":{"type":"Polygon","coordinates":[[[599.7960714285714,638.9245000000001],[618.1039285714286,638.9245000000001],[618.1039285714286,657.3355],[599.7960714285714,657.3355],[599.7960714285714,638.9245000000001]]]}},{"type":"Feature","id":"P0409","properties":{"id":"P0409","layer":"ordinary_parcel","zoneId":"UF02","blockId":"B020","compatibleForms":["U03","U04","U01","U05","U06"]},"geometry":{"type":"Polygon","coordinates":[[[619.0675,638.9245000000001],[637.3753571428572,638.9245000000001],[637.3753571428572,657.3355],[619.0675,657.3355],[619.0675,638.9245000000001]]]}},{"type":"Feature","id":"P0410","properties":{"id":"P0410","layer":"ordinary_parcel","zoneId":"UF02","blockId":"B020","compatibleForms":["U03","U04","U01","U05","U06"]},"geometry":{"type":"Polygon","coordinates":[[[638.3389285714286,638.9245000000001],[656.6467857142857,638.9245000000001],[656.6467857142857,657.3355],[638.3389285714286,657.3355],[638.3389285714286,638.9245000000001]]]}},{"type":"Feature","id":"P0411","properties":{"id":"P0411","layer":"ordinary_parcel","zoneId":"UF02","blockId":"B020","compatibleForms":["U03","U04","U01","U05","U06"]},"geometry":{"type":"Polygon","coordinates":[[[657.6103571428571,638.9245000000001],[675.9182142857143,638.9245000000001],[675.9182142857143,657.3355],[657.6103571428571,657.3355],[657.6103571428571,638.9245000000001]]]}},{"type":"Feature","id":"P0412","properties":{"id":"P0412","layer":"ordinary_parcel","zoneId":"UF02","blockId":"B020","compatibleForms":["U03","U04","U01","U05","U06"]},"geometry":{"type":"Polygon","coordinates":[[[599.7960714285714,658.3045000000001],[618.1039285714286,658.3045000000001],[618.1039285714286,676.7155],[599.7960714285714,676.7155],[599.7960714285714,658.3045000000001]]]}},{"type":"Feature","id":"P0413","properties":{"id":"P0413","layer":"ordinary_parcel","zoneId":"UF02","blockId":"B020","compatibleForms":["U03","U04","U01","U05","U06"]},"geometry":{"type":"Polygon","coordinates":[[[619.0675,658.3045000000001],[637.3753571428572,658.3045000000001],[637.3753571428572,676.7155],[619.0675,676.7155],[619.0675,658.3045000000001]]]}},{"type":"Feature","id":"P0414","properties":{"id":"P0414","layer":"ordinary_parcel","zoneId":"UF02","blockId":"B020","compatibleForms":["U03","U04","U01","U05","U06"]},"geometry":{"type":"Polygon","coordinates":[[[638.3389285714286,658.3045000000001],[656.6467857142857,658.3045000000001],[656.6467857142857,676.7155],[638.3389285714286,676.7155],[638.3389285714286,658.3045000000001]]]}},{"type":"Feature","id":"P0415","properties":{"id":"P0415","layer":"ordinary_parcel","zoneId":"UF02","blockId":"B020","compatibleForms":["U03","U04","U01","U05","U06"]},"geometry":{"type":"Polygon","coordinates":[[[657.6103571428571,658.3045000000001],[675.9182142857143,658.3045000000001],[675.9182142857143,676.7155],[657.6103571428571,676.7155],[657.6103571428571,658.3045000000001]]]}},{"type":"Feature","id":"B021","properties":{"id":"B021","layer":"block_cluster","zoneId":"UF03","sequenceInZone":1},"geometry":{"type":"Polygon","coordinates":[[[146.8,295.92],[253.2,295.92],[253.2,327.08],[146.8,327.08],[146.8,295.92]]]}},{"type":"Feature","id":"P0416","properties":{"id":"P0416","layer":"ordinary_parcel","zoneId":"UF03","blockId":"B021","compatibleForms":["U13","U08","U03","U05","U06","U01"]},"geometry":{"type":"Polygon","coordinates":[[[147.066,296.3095],[157.174,296.3095],[157.174,311.1105],[147.066,311.1105],[147.066,296.3095]]]}},{"type":"Feature","id":"P0417","properties":{"id":"P0417","layer":"ordinary_parcel","zoneId":"UF03","blockId":"B021","compatibleForms":["U13","U08","U03","U05","U06","U01"]},"geometry":{"type":"Polygon","coordinates":[[[157.706,296.3095],[167.81400000000002,296.3095],[167.81400000000002,311.1105],[157.706,311.1105],[157.706,296.3095]]]}},{"type":"Feature","id":"P0418","properties":{"id":"P0418","layer":"ordinary_parcel","zoneId":"UF03","blockId":"B021","compatibleForms":["U13","U08","U03","U05","U06","U01"]},"geometry":{"type":"Polygon","coordinates":[[[168.346,296.3095],[178.454,296.3095],[178.454,311.1105],[168.346,311.1105],[168.346,296.3095]]]}},{"type":"Feature","id":"P0419","properties":{"id":"P0419","layer":"ordinary_parcel","zoneId":"UF03","blockId":"B021","compatibleForms":["U13","U08","U03","U05","U06","U01"]},"geometry":{"type":"Polygon","coordinates":[[[178.986,296.3095],[189.09400000000002,296.3095],[189.09400000000002,311.1105],[178.986,311.1105],[178.986,296.3095]]]}},{"type":"Feature","id":"P0420","properties":{"id":"P0420","layer":"ordinary_parcel","zoneId":"UF03","blockId":"B021","compatibleForms":["U13","U08","U03","U05","U06","U01"]},"geometry":{"type":"Polygon","coordinates":[[[189.626,296.3095],[199.734,296.3095],[199.734,311.1105],[189.626,311.1105],[189.626,296.3095]]]}},{"type":"Feature","id":"P0421","properties":{"id":"P0421","layer":"ordinary_parcel","zoneId":"UF03","blockId":"B021","compatibleForms":["U13","U08","U03","U05","U06","U01"]},"geometry":{"type":"Polygon","coordinates":[[[200.266,296.3095],[210.374,296.3095],[210.374,311.1105],[200.266,311.1105],[200.266,296.3095]]]}},{"type":"Feature","id":"P0422","properties":{"id":"P0422","layer":"ordinary_parcel","zoneId":"UF03","blockId":"B021","compatibleForms":["U13","U08","U03","U05","U06","U01"]},"geometry":{"type":"Polygon","coordinates":[[[210.90599999999998,296.3095],[221.014,296.3095],[221.014,311.1105],[210.90599999999998,311.1105],[210.90599999999998,296.3095]]]}},{"type":"Feature","id":"P0423","properties":{"id":"P0423","layer":"ordinary_parcel","zoneId":"UF03","blockId":"B021","compatibleForms":["U13","U08","U03","U05","U06","U01"]},"geometry":{"type":"Polygon","coordinates":[[[221.546,296.3095],[231.654,296.3095],[231.654,311.1105],[221.546,311.1105],[221.546,296.3095]]]}},{"type":"Feature","id":"P0424","properties":{"id":"P0424","layer":"ordinary_parcel","zoneId":"UF03","blockId":"B021","compatibleForms":["U13","U08","U03","U05","U06","U01"]},"geometry":{"type":"Polygon","coordinates":[[[232.18599999999998,296.3095],[242.294,296.3095],[242.294,311.1105],[232.18599999999998,311.1105],[232.18599999999998,296.3095]]]}},{"type":"Feature","id":"P0425","properties":{"id":"P0425","layer":"ordinary_parcel","zoneId":"UF03","blockId":"B021","compatibleForms":["U13","U08","U03","U05","U06","U01"]},"geometry":{"type":"Polygon","coordinates":[[[242.826,296.3095],[252.934,296.3095],[252.934,311.1105],[242.826,311.1105],[242.826,296.3095]]]}},{"type":"Feature","id":"P0426","properties":{"id":"P0426","layer":"ordinary_parcel","zoneId":"UF03","blockId":"B021","compatibleForms":["U13","U08","U03","U05","U06","U01"]},"geometry":{"type":"Polygon","coordinates":[[[147.09555555555556,311.8895],[158.32666666666668,311.8895],[158.32666666666668,326.6905],[147.09555555555556,326.6905],[147.09555555555556,311.8895]]]}},{"type":"Feature","id":"P0427","properties":{"id":"P0427","layer":"ordinary_parcel","zoneId":"UF03","blockId":"B021","compatibleForms":["U13","U08","U03","U05","U06","U01"]},"geometry":{"type":"Polygon","coordinates":[[[158.9177777777778,311.8895],[170.1488888888889,311.8895],[170.1488888888889,326.6905],[158.9177777777778,326.6905],[158.9177777777778,311.8895]]]}},{"type":"Feature","id":"P0428","properties":{"id":"P0428","layer":"ordinary_parcel","zoneId":"UF03","blockId":"B021","compatibleForms":["U13","U08","U03","U05","U06","U01"]},"geometry":{"type":"Polygon","coordinates":[[[170.74,311.8895],[181.97111111111113,311.8895],[181.97111111111113,326.6905],[170.74,326.6905],[170.74,311.8895]]]}},{"type":"Feature","id":"P0429","properties":{"id":"P0429","layer":"ordinary_parcel","zoneId":"UF03","blockId":"B021","compatibleForms":["U13","U08","U03","U05","U06","U01"]},"geometry":{"type":"Polygon","coordinates":[[[182.56222222222223,311.8895],[193.79333333333335,311.8895],[193.79333333333335,326.6905],[182.56222222222223,326.6905],[182.56222222222223,311.8895]]]}},{"type":"Feature","id":"P0430","properties":{"id":"P0430","layer":"ordinary_parcel","zoneId":"UF03","blockId":"B021","compatibleForms":["U13","U08","U03","U05","U06","U01"]},"geometry":{"type":"Polygon","coordinates":[[[194.38444444444445,311.8895],[205.61555555555555,311.8895],[205.61555555555555,326.6905],[194.38444444444445,326.6905],[194.38444444444445,311.8895]]]}},{"type":"Feature","id":"P0431","properties":{"id":"P0431","layer":"ordinary_parcel","zoneId":"UF03","blockId":"B021","compatibleForms":["U13","U08","U03","U05","U06","U01"]},"geometry":{"type":"Polygon","coordinates":[[[206.20666666666665,311.8895],[217.4377777777778,311.8895],[217.4377777777778,326.6905],[206.20666666666665,326.6905],[206.20666666666665,311.8895]]]}},{"type":"Feature","id":"P0432","properties":{"id":"P0432","layer":"ordinary_parcel","zoneId":"UF03","blockId":"B021","compatibleForms":["U13","U08","U03","U05","U06","U01"]},"geometry":{"type":"Polygon","coordinates":[[[218.0288888888889,311.8895],[229.26,311.8895],[229.26,326.6905],[218.0288888888889,326.6905],[218.0288888888889,311.8895]]]}},{"type":"Feature","id":"P0433","properties":{"id":"P0433","layer":"ordinary_parcel","zoneId":"UF03","blockId":"B021","compatibleForms":["U13","U08","U03","U05","U06","U01"]},"geometry":{"type":"Polygon","coordinates":[[[229.8511111111111,311.8895],[241.0822222222222,311.8895],[241.0822222222222,326.6905],[229.8511111111111,326.6905],[229.8511111111111,311.8895]]]}},{"type":"Feature","id":"P0434","properties":{"id":"P0434","layer":"ordinary_parcel","zoneId":"UF03","blockId":"B021","compatibleForms":["U13","U08","U03","U05","U06","U01"]},"geometry":{"type":"Polygon","coordinates":[[[241.67333333333332,311.8895],[252.90444444444444,311.8895],[252.90444444444444,326.6905],[241.67333333333332,326.6905],[241.67333333333332,311.8895]]]}},{"type":"Feature","id":"B022","properties":{"id":"B022","layer":"block_cluster","zoneId":"UF03","sequenceInZone":2},"geometry":{"type":"Polygon","coordinates":[[[286.8,295.92],[393.2,295.92],[393.2,327.08],[286.8,327.08],[286.8,295.92]]]}},{"type":"Feature","id":"P0435","properties":{"id":"P0435","layer":"ordinary_parcel","zoneId":"UF03","blockId":"B022","compatibleForms":["U13","U08","U03","U05","U06","U01"]},"geometry":{"type":"Polygon","coordinates":[[[287.06600000000003,296.3095],[297.174,296.3095],[297.174,311.1105],[287.06600000000003,311.1105],[287.06600000000003,296.3095]]]}},{"type":"Feature","id":"P0436","properties":{"id":"P0436","layer":"ordinary_parcel","zoneId":"UF03","blockId":"B022","compatibleForms":["U13","U08","U03","U05","U06","U01"]},"geometry":{"type":"Polygon","coordinates":[[[297.706,296.3095],[307.81399999999996,296.3095],[307.81399999999996,311.1105],[297.706,311.1105],[297.706,296.3095]]]}},{"type":"Feature","id":"P0437","properties":{"id":"P0437","layer":"ordinary_parcel","zoneId":"UF03","blockId":"B022","compatibleForms":["U13","U08","U03","U05","U06","U01"]},"geometry":{"type":"Polygon","coordinates":[[[308.346,296.3095],[318.454,296.3095],[318.454,311.1105],[308.346,311.1105],[308.346,296.3095]]]}},{"type":"Feature","id":"P0438","properties":{"id":"P0438","layer":"ordinary_parcel","zoneId":"UF03","blockId":"B022","compatibleForms":["U13","U08","U03","U05","U06","U01"]},"geometry":{"type":"Polygon","coordinates":[[[318.98600000000005,296.3095],[329.094,296.3095],[329.094,311.1105],[318.98600000000005,311.1105],[318.98600000000005,296.3095]]]}},{"type":"Feature","id":"P0439","properties":{"id":"P0439","layer":"ordinary_parcel","zoneId":"UF03","blockId":"B022","compatibleForms":["U13","U08","U03","U05","U06","U01"]},"geometry":{"type":"Polygon","coordinates":[[[329.62600000000003,296.3095],[339.734,296.3095],[339.734,311.1105],[329.62600000000003,311.1105],[329.62600000000003,296.3095]]]}},{"type":"Feature","id":"P0440","properties":{"id":"P0440","layer":"ordinary_parcel","zoneId":"UF03","blockId":"B022","compatibleForms":["U13","U08","U03","U05","U06","U01"]},"geometry":{"type":"Polygon","coordinates":[[[340.266,296.3095],[350.37399999999997,296.3095],[350.37399999999997,311.1105],[340.266,311.1105],[340.266,296.3095]]]}},{"type":"Feature","id":"P0441","properties":{"id":"P0441","layer":"ordinary_parcel","zoneId":"UF03","blockId":"B022","compatibleForms":["U13","U08","U03","U05","U06","U01"]},"geometry":{"type":"Polygon","coordinates":[[[350.906,296.3095],[361.01399999999995,296.3095],[361.01399999999995,311.1105],[350.906,311.1105],[350.906,296.3095]]]}},{"type":"Feature","id":"P0442","properties":{"id":"P0442","layer":"ordinary_parcel","zoneId":"UF03","blockId":"B022","compatibleForms":["U13","U08","U03","U05","U06","U01"]},"geometry":{"type":"Polygon","coordinates":[[[361.546,296.3095],[371.65399999999994,296.3095],[371.65399999999994,311.1105],[361.546,311.1105],[361.546,296.3095]]]}},{"type":"Feature","id":"P0443","properties":{"id":"P0443","layer":"ordinary_parcel","zoneId":"UF03","blockId":"B022","compatibleForms":["U13","U08","U03","U05","U06","U01"]},"geometry":{"type":"Polygon","coordinates":[[[372.186,296.3095],[382.294,296.3095],[382.294,311.1105],[372.186,311.1105],[372.186,296.3095]]]}},{"type":"Feature","id":"P0444","properties":{"id":"P0444","layer":"ordinary_parcel","zoneId":"UF03","blockId":"B022","compatibleForms":["U13","U08","U03","U05","U06","U01"]},"geometry":{"type":"Polygon","coordinates":[[[382.826,296.3095],[392.93399999999997,296.3095],[392.93399999999997,311.1105],[382.826,311.1105],[382.826,296.3095]]]}},{"type":"Feature","id":"P0445","properties":{"id":"P0445","layer":"ordinary_parcel","zoneId":"UF03","blockId":"B022","compatibleForms":["U13","U08","U03","U05","U06","U01"]},"geometry":{"type":"Polygon","coordinates":[[[287.09555555555556,311.8895],[298.32666666666665,311.8895],[298.32666666666665,326.6905],[287.09555555555556,326.6905],[287.09555555555556,311.8895]]]}},{"type":"Feature","id":"P0446","properties":{"id":"P0446","layer":"ordinary_parcel","zoneId":"UF03","blockId":"B022","compatibleForms":["U13","U08","U03","U05","U06","U01"]},"geometry":{"type":"Polygon","coordinates":[[[298.91777777777776,311.8895],[310.1488888888889,311.8895],[310.1488888888889,326.6905],[298.91777777777776,326.6905],[298.91777777777776,311.8895]]]}},{"type":"Feature","id":"P0447","properties":{"id":"P0447","layer":"ordinary_parcel","zoneId":"UF03","blockId":"B022","compatibleForms":["U13","U08","U03","U05","U06","U01"]},"geometry":{"type":"Polygon","coordinates":[[[310.74,311.8895],[321.9711111111111,311.8895],[321.9711111111111,326.6905],[310.74,326.6905],[310.74,311.8895]]]}},{"type":"Feature","id":"P0448","properties":{"id":"P0448","layer":"ordinary_parcel","zoneId":"UF03","blockId":"B022","compatibleForms":["U13","U08","U03","U05","U06","U01"]},"geometry":{"type":"Polygon","coordinates":[[[322.5622222222222,311.8895],[333.79333333333335,311.8895],[333.79333333333335,326.6905],[322.5622222222222,326.6905],[322.5622222222222,311.8895]]]}},{"type":"Feature","id":"P0449","properties":{"id":"P0449","layer":"ordinary_parcel","zoneId":"UF03","blockId":"B022","compatibleForms":["U13","U08","U03","U05","U06","U01"]},"geometry":{"type":"Polygon","coordinates":[[[334.38444444444445,311.8895],[345.61555555555555,311.8895],[345.61555555555555,326.6905],[334.38444444444445,326.6905],[334.38444444444445,311.8895]]]}},{"type":"Feature","id":"P0450","properties":{"id":"P0450","layer":"ordinary_parcel","zoneId":"UF03","blockId":"B022","compatibleForms":["U13","U08","U03","U05","U06","U01"]},"geometry":{"type":"Polygon","coordinates":[[[346.20666666666665,311.8895],[357.4377777777778,311.8895],[357.4377777777778,326.6905],[346.20666666666665,326.6905],[346.20666666666665,311.8895]]]}},{"type":"Feature","id":"P0451","properties":{"id":"P0451","layer":"ordinary_parcel","zoneId":"UF03","blockId":"B022","compatibleForms":["U13","U08","U03","U05","U06","U01"]},"geometry":{"type":"Polygon","coordinates":[[[358.0288888888889,311.8895],[369.26,311.8895],[369.26,326.6905],[358.0288888888889,326.6905],[358.0288888888889,311.8895]]]}},{"type":"Feature","id":"P0452","properties":{"id":"P0452","layer":"ordinary_parcel","zoneId":"UF03","blockId":"B022","compatibleForms":["U13","U08","U03","U05","U06","U01"]},"geometry":{"type":"Polygon","coordinates":[[[369.8511111111111,311.8895],[381.0822222222222,311.8895],[381.0822222222222,326.6905],[369.8511111111111,326.6905],[369.8511111111111,311.8895]]]}},{"type":"Feature","id":"P0453","properties":{"id":"P0453","layer":"ordinary_parcel","zoneId":"UF03","blockId":"B022","compatibleForms":["U13","U08","U03","U05","U06","U01"]},"geometry":{"type":"Polygon","coordinates":[[[381.6733333333333,311.8895],[392.90444444444444,311.8895],[392.90444444444444,326.6905],[381.6733333333333,326.6905],[381.6733333333333,311.8895]]]}},{"type":"Feature","id":"B023","properties":{"id":"B023","layer":"block_cluster","zoneId":"UF03","sequenceInZone":3},"geometry":{"type":"Polygon","coordinates":[[[426.8,295.92],[533.2,295.92],[533.2,327.08],[426.8,327.08],[426.8,295.92]]]}},{"type":"Feature","id":"P0454","properties":{"id":"P0454","layer":"ordinary_parcel","zoneId":"UF03","blockId":"B023","compatibleForms":["U13","U08","U03","U05","U06","U01"]},"geometry":{"type":"Polygon","coordinates":[[[427.06600000000003,296.3095],[437.174,296.3095],[437.174,311.1105],[427.06600000000003,311.1105],[427.06600000000003,296.3095]]]}},{"type":"Feature","id":"P0455","properties":{"id":"P0455","layer":"ordinary_parcel","zoneId":"UF03","blockId":"B023","compatibleForms":["U13","U08","U03","U05","U06","U01"]},"geometry":{"type":"Polygon","coordinates":[[[437.706,296.3095],[447.814,296.3095],[447.814,311.1105],[437.706,311.1105],[437.706,296.3095]]]}},{"type":"Feature","id":"P0456","properties":{"id":"P0456","layer":"ordinary_parcel","zoneId":"UF03","blockId":"B023","compatibleForms":["U13","U08","U03","U05","U06","U01"]},"geometry":{"type":"Polygon","coordinates":[[[448.34600000000006,296.3095],[458.454,296.3095],[458.454,311.1105],[448.34600000000006,311.1105],[448.34600000000006,296.3095]]]}},{"type":"Feature","id":"P0457","properties":{"id":"P0457","layer":"ordinary_parcel","zoneId":"UF03","blockId":"B023","compatibleForms":["U13","U08","U03","U05","U06","U01"]},"geometry":{"type":"Polygon","coordinates":[[[458.98600000000005,296.3095],[469.094,296.3095],[469.094,311.1105],[458.98600000000005,311.1105],[458.98600000000005,296.3095]]]}},{"type":"Feature","id":"P0458","properties":{"id":"P0458","layer":"ordinary_parcel","zoneId":"UF03","blockId":"B023","compatibleForms":["U13","U08","U03","U05","U06","U01"]},"geometry":{"type":"Polygon","coordinates":[[[469.62600000000003,296.3095],[479.73400000000004,296.3095],[479.73400000000004,311.1105],[469.62600000000003,311.1105],[469.62600000000003,296.3095]]]}},{"type":"Feature","id":"P0459","properties":{"id":"P0459","layer":"ordinary_parcel","zoneId":"UF03","blockId":"B023","compatibleForms":["U13","U08","U03","U05","U06","U01"]},"geometry":{"type":"Polygon","coordinates":[[[480.2660000000001,296.3095],[490.374,296.3095],[490.374,311.1105],[480.2660000000001,311.1105],[480.2660000000001,296.3095]]]}},{"type":"Feature","id":"P0460","properties":{"id":"P0460","layer":"ordinary_parcel","zoneId":"UF03","blockId":"B023","compatibleForms":["U13","U08","U03","U05","U06","U01"]},"geometry":{"type":"Polygon","coordinates":[[[490.90600000000006,296.3095],[501.014,296.3095],[501.014,311.1105],[490.90600000000006,311.1105],[490.90600000000006,296.3095]]]}},{"type":"Feature","id":"P0461","properties":{"id":"P0461","layer":"ordinary_parcel","zoneId":"UF03","blockId":"B023","compatibleForms":["U13","U08","U03","U05","U06","U01"]},"geometry":{"type":"Polygon","coordinates":[[[501.54600000000005,296.3095],[511.65400000000005,296.3095],[511.65400000000005,311.1105],[501.54600000000005,311.1105],[501.54600000000005,296.3095]]]}},{"type":"Feature","id":"P0462","properties":{"id":"P0462","layer":"ordinary_parcel","zoneId":"UF03","blockId":"B023","compatibleForms":["U13","U08","U03","U05","U06","U01"]},"geometry":{"type":"Polygon","coordinates":[[[512.186,296.3095],[522.2940000000001,296.3095],[522.2940000000001,311.1105],[512.186,311.1105],[512.186,296.3095]]]}},{"type":"Feature","id":"P0463","properties":{"id":"P0463","layer":"ordinary_parcel","zoneId":"UF03","blockId":"B023","compatibleForms":["U13","U08","U03","U05","U06","U01"]},"geometry":{"type":"Polygon","coordinates":[[[522.826,296.3095],[532.9340000000001,296.3095],[532.9340000000001,311.1105],[522.826,311.1105],[522.826,296.3095]]]}},{"type":"Feature","id":"P0464","properties":{"id":"P0464","layer":"ordinary_parcel","zoneId":"UF03","blockId":"B023","compatibleForms":["U13","U08","U03","U05","U06","U01"]},"geometry":{"type":"Polygon","coordinates":[[[427.09555555555556,311.8895],[438.3266666666667,311.8895],[438.3266666666667,326.6905],[427.09555555555556,326.6905],[427.09555555555556,311.8895]]]}},{"type":"Feature","id":"P0465","properties":{"id":"P0465","layer":"ordinary_parcel","zoneId":"UF03","blockId":"B023","compatibleForms":["U13","U08","U03","U05","U06","U01"]},"geometry":{"type":"Polygon","coordinates":[[[438.9177777777778,311.8895],[450.1488888888889,311.8895],[450.1488888888889,326.6905],[438.9177777777778,326.6905],[438.9177777777778,311.8895]]]}},{"type":"Feature","id":"P0466","properties":{"id":"P0466","layer":"ordinary_parcel","zoneId":"UF03","blockId":"B023","compatibleForms":["U13","U08","U03","U05","U06","U01"]},"geometry":{"type":"Polygon","coordinates":[[[450.74,311.8895],[461.97111111111116,311.8895],[461.97111111111116,326.6905],[450.74,326.6905],[450.74,311.8895]]]}},{"type":"Feature","id":"P0467","properties":{"id":"P0467","layer":"ordinary_parcel","zoneId":"UF03","blockId":"B023","compatibleForms":["U13","U08","U03","U05","U06","U01"]},"geometry":{"type":"Polygon","coordinates":[[[462.56222222222226,311.8895],[473.79333333333335,311.8895],[473.79333333333335,326.6905],[462.56222222222226,326.6905],[462.56222222222226,311.8895]]]}},{"type":"Feature","id":"P0468","properties":{"id":"P0468","layer":"ordinary_parcel","zoneId":"UF03","blockId":"B023","compatibleForms":["U13","U08","U03","U05","U06","U01"]},"geometry":{"type":"Polygon","coordinates":[[[474.38444444444445,311.8895],[485.6155555555556,311.8895],[485.6155555555556,326.6905],[474.38444444444445,326.6905],[474.38444444444445,311.8895]]]}},{"type":"Feature","id":"P0469","properties":{"id":"P0469","layer":"ordinary_parcel","zoneId":"UF03","blockId":"B023","compatibleForms":["U13","U08","U03","U05","U06","U01"]},"geometry":{"type":"Polygon","coordinates":[[[486.2066666666667,311.8895],[497.4377777777778,311.8895],[497.4377777777778,326.6905],[486.2066666666667,326.6905],[486.2066666666667,311.8895]]]}},{"type":"Feature","id":"P0470","properties":{"id":"P0470","layer":"ordinary_parcel","zoneId":"UF03","blockId":"B023","compatibleForms":["U13","U08","U03","U05","U06","U01"]},"geometry":{"type":"Polygon","coordinates":[[[498.0288888888889,311.8895],[509.26000000000005,311.8895],[509.26000000000005,326.6905],[498.0288888888889,326.6905],[498.0288888888889,311.8895]]]}},{"type":"Feature","id":"P0471","properties":{"id":"P0471","layer":"ordinary_parcel","zoneId":"UF03","blockId":"B023","compatibleForms":["U13","U08","U03","U05","U06","U01"]},"geometry":{"type":"Polygon","coordinates":[[[509.85111111111115,311.8895],[521.0822222222223,311.8895],[521.0822222222223,326.6905],[509.85111111111115,326.6905],[509.85111111111115,311.8895]]]}},{"type":"Feature","id":"P0472","properties":{"id":"P0472","layer":"ordinary_parcel","zoneId":"UF03","blockId":"B023","compatibleForms":["U13","U08","U03","U05","U06","U01"]},"geometry":{"type":"Polygon","coordinates":[[[521.6733333333334,311.8895],[532.9044444444445,311.8895],[532.9044444444445,326.6905],[521.6733333333334,326.6905],[521.6733333333334,311.8895]]]}},{"type":"Feature","id":"B024","properties":{"id":"B024","layer":"block_cluster","zoneId":"UF03","sequenceInZone":4},"geometry":{"type":"Polygon","coordinates":[[[286.8,336.92],[393.2,336.92],[393.2,368.08],[286.8,368.08],[286.8,336.92]]]}},{"type":"Feature","id":"P0473","properties":{"id":"P0473","layer":"ordinary_parcel","zoneId":"UF03","blockId":"B024","compatibleForms":["U13","U08","U03","U05","U06","U01"]},"geometry":{"type":"Polygon","coordinates":[[[287.06600000000003,337.3095],[297.174,337.3095],[297.174,352.1105],[287.06600000000003,352.1105],[287.06600000000003,337.3095]]]}},{"type":"Feature","id":"P0474","properties":{"id":"P0474","layer":"ordinary_parcel","zoneId":"UF03","blockId":"B024","compatibleForms":["U13","U08","U03","U05","U06","U01"]},"geometry":{"type":"Polygon","coordinates":[[[297.706,337.3095],[307.81399999999996,337.3095],[307.81399999999996,352.1105],[297.706,352.1105],[297.706,337.3095]]]}},{"type":"Feature","id":"P0475","properties":{"id":"P0475","layer":"ordinary_parcel","zoneId":"UF03","blockId":"B024","compatibleForms":["U13","U08","U03","U05","U06","U01"]},"geometry":{"type":"Polygon","coordinates":[[[308.346,337.3095],[318.454,337.3095],[318.454,352.1105],[308.346,352.1105],[308.346,337.3095]]]}},{"type":"Feature","id":"P0476","properties":{"id":"P0476","layer":"ordinary_parcel","zoneId":"UF03","blockId":"B024","compatibleForms":["U13","U08","U03","U05","U06","U01"]},"geometry":{"type":"Polygon","coordinates":[[[318.98600000000005,337.3095],[329.094,337.3095],[329.094,352.1105],[318.98600000000005,352.1105],[318.98600000000005,337.3095]]]}},{"type":"Feature","id":"P0477","properties":{"id":"P0477","layer":"ordinary_parcel","zoneId":"UF03","blockId":"B024","compatibleForms":["U13","U08","U03","U05","U06","U01"]},"geometry":{"type":"Polygon","coordinates":[[[329.62600000000003,337.3095],[339.734,337.3095],[339.734,352.1105],[329.62600000000003,352.1105],[329.62600000000003,337.3095]]]}},{"type":"Feature","id":"P0478","properties":{"id":"P0478","layer":"ordinary_parcel","zoneId":"UF03","blockId":"B024","compatibleForms":["U13","U08","U03","U05","U06","U01"]},"geometry":{"type":"Polygon","coordinates":[[[340.266,337.3095],[350.37399999999997,337.3095],[350.37399999999997,352.1105],[340.266,352.1105],[340.266,337.3095]]]}},{"type":"Feature","id":"P0479","properties":{"id":"P0479","layer":"ordinary_parcel","zoneId":"UF03","blockId":"B024","compatibleForms":["U13","U08","U03","U05","U06","U01"]},"geometry":{"type":"Polygon","coordinates":[[[350.906,337.3095],[361.01399999999995,337.3095],[361.01399999999995,352.1105],[350.906,352.1105],[350.906,337.3095]]]}},{"type":"Feature","id":"P0480","properties":{"id":"P0480","layer":"ordinary_parcel","zoneId":"UF03","blockId":"B024","compatibleForms":["U13","U08","U03","U05","U06","U01"]},"geometry":{"type":"Polygon","coordinates":[[[361.546,337.3095],[371.65399999999994,337.3095],[371.65399999999994,352.1105],[361.546,352.1105],[361.546,337.3095]]]}},{"type":"Feature","id":"P0481","properties":{"id":"P0481","layer":"ordinary_parcel","zoneId":"UF03","blockId":"B024","compatibleForms":["U13","U08","U03","U05","U06","U01"]},"geometry":{"type":"Polygon","coordinates":[[[372.186,337.3095],[382.294,337.3095],[382.294,352.1105],[372.186,352.1105],[372.186,337.3095]]]}},{"type":"Feature","id":"P0482","properties":{"id":"P0482","layer":"ordinary_parcel","zoneId":"UF03","blockId":"B024","compatibleForms":["U13","U08","U03","U05","U06","U01"]},"geometry":{"type":"Polygon","coordinates":[[[382.826,337.3095],[392.93399999999997,337.3095],[392.93399999999997,352.1105],[382.826,352.1105],[382.826,337.3095]]]}},{"type":"Feature","id":"P0483","properties":{"id":"P0483","layer":"ordinary_parcel","zoneId":"UF03","blockId":"B024","compatibleForms":["U13","U08","U03","U05","U06","U01"]},"geometry":{"type":"Polygon","coordinates":[[[287.09555555555556,352.8895],[298.32666666666665,352.8895],[298.32666666666665,367.6905],[287.09555555555556,367.6905],[287.09555555555556,352.8895]]]}},{"type":"Feature","id":"P0484","properties":{"id":"P0484","layer":"ordinary_parcel","zoneId":"UF03","blockId":"B024","compatibleForms":["U13","U08","U03","U05","U06","U01"]},"geometry":{"type":"Polygon","coordinates":[[[298.91777777777776,352.8895],[310.1488888888889,352.8895],[310.1488888888889,367.6905],[298.91777777777776,367.6905],[298.91777777777776,352.8895]]]}},{"type":"Feature","id":"P0485","properties":{"id":"P0485","layer":"ordinary_parcel","zoneId":"UF03","blockId":"B024","compatibleForms":["U13","U08","U03","U05","U06","U01"]},"geometry":{"type":"Polygon","coordinates":[[[310.74,352.8895],[321.9711111111111,352.8895],[321.9711111111111,367.6905],[310.74,367.6905],[310.74,352.8895]]]}},{"type":"Feature","id":"P0486","properties":{"id":"P0486","layer":"ordinary_parcel","zoneId":"UF03","blockId":"B024","compatibleForms":["U13","U08","U03","U05","U06","U01"]},"geometry":{"type":"Polygon","coordinates":[[[322.5622222222222,352.8895],[333.79333333333335,352.8895],[333.79333333333335,367.6905],[322.5622222222222,367.6905],[322.5622222222222,352.8895]]]}},{"type":"Feature","id":"P0487","properties":{"id":"P0487","layer":"ordinary_parcel","zoneId":"UF03","blockId":"B024","compatibleForms":["U13","U08","U03","U05","U06","U01"]},"geometry":{"type":"Polygon","coordinates":[[[334.38444444444445,352.8895],[345.61555555555555,352.8895],[345.61555555555555,367.6905],[334.38444444444445,367.6905],[334.38444444444445,352.8895]]]}},{"type":"Feature","id":"P0488","properties":{"id":"P0488","layer":"ordinary_parcel","zoneId":"UF03","blockId":"B024","compatibleForms":["U13","U08","U03","U05","U06","U01"]},"geometry":{"type":"Polygon","coordinates":[[[346.20666666666665,352.8895],[357.4377777777778,352.8895],[357.4377777777778,367.6905],[346.20666666666665,367.6905],[346.20666666666665,352.8895]]]}},{"type":"Feature","id":"P0489","properties":{"id":"P0489","layer":"ordinary_parcel","zoneId":"UF03","blockId":"B024","compatibleForms":["U13","U08","U03","U05","U06","U01"]},"geometry":{"type":"Polygon","coordinates":[[[358.0288888888889,352.8895],[369.26,352.8895],[369.26,367.6905],[358.0288888888889,367.6905],[358.0288888888889,352.8895]]]}},{"type":"Feature","id":"P0490","properties":{"id":"P0490","layer":"ordinary_parcel","zoneId":"UF03","blockId":"B024","compatibleForms":["U13","U08","U03","U05","U06","U01"]},"geometry":{"type":"Polygon","coordinates":[[[369.8511111111111,352.8895],[381.0822222222222,352.8895],[381.0822222222222,367.6905],[369.8511111111111,367.6905],[369.8511111111111,352.8895]]]}},{"type":"Feature","id":"P0491","properties":{"id":"P0491","layer":"ordinary_parcel","zoneId":"UF03","blockId":"B024","compatibleForms":["U13","U08","U03","U05","U06","U01"]},"geometry":{"type":"Polygon","coordinates":[[[381.6733333333333,352.8895],[392.90444444444444,352.8895],[392.90444444444444,367.6905],[381.6733333333333,367.6905],[381.6733333333333,352.8895]]]}},{"type":"Feature","id":"B025","properties":{"id":"B025","layer":"block_cluster","zoneId":"UF03","sequenceInZone":5},"geometry":{"type":"Polygon","coordinates":[[[426.8,336.92],[533.2,336.92],[533.2,368.08],[426.8,368.08],[426.8,336.92]]]}},{"type":"Feature","id":"P0492","properties":{"id":"P0492","layer":"ordinary_parcel","zoneId":"UF03","blockId":"B025","compatibleForms":["U13","U08","U03","U05","U06","U01"]},"geometry":{"type":"Polygon","coordinates":[[[427.06600000000003,337.3095],[437.174,337.3095],[437.174,352.1105],[427.06600000000003,352.1105],[427.06600000000003,337.3095]]]}},{"type":"Feature","id":"P0493","properties":{"id":"P0493","layer":"ordinary_parcel","zoneId":"UF03","blockId":"B025","compatibleForms":["U13","U08","U03","U05","U06","U01"]},"geometry":{"type":"Polygon","coordinates":[[[437.706,337.3095],[447.814,337.3095],[447.814,352.1105],[437.706,352.1105],[437.706,337.3095]]]}},{"type":"Feature","id":"P0494","properties":{"id":"P0494","layer":"ordinary_parcel","zoneId":"UF03","blockId":"B025","compatibleForms":["U13","U08","U03","U05","U06","U01"]},"geometry":{"type":"Polygon","coordinates":[[[448.34600000000006,337.3095],[458.454,337.3095],[458.454,352.1105],[448.34600000000006,352.1105],[448.34600000000006,337.3095]]]}},{"type":"Feature","id":"P0495","properties":{"id":"P0495","layer":"ordinary_parcel","zoneId":"UF03","blockId":"B025","compatibleForms":["U13","U08","U03","U05","U06","U01"]},"geometry":{"type":"Polygon","coordinates":[[[458.98600000000005,337.3095],[469.094,337.3095],[469.094,352.1105],[458.98600000000005,352.1105],[458.98600000000005,337.3095]]]}},{"type":"Feature","id":"P0496","properties":{"id":"P0496","layer":"ordinary_parcel","zoneId":"UF03","blockId":"B025","compatibleForms":["U13","U08","U03","U05","U06","U01"]},"geometry":{"type":"Polygon","coordinates":[[[469.62600000000003,337.3095],[479.73400000000004,337.3095],[479.73400000000004,352.1105],[469.62600000000003,352.1105],[469.62600000000003,337.3095]]]}},{"type":"Feature","id":"P0497","properties":{"id":"P0497","layer":"ordinary_parcel","zoneId":"UF03","blockId":"B025","compatibleForms":["U13","U08","U03","U05","U06","U01"]},"geometry":{"type":"Polygon","coordinates":[[[480.2660000000001,337.3095],[490.374,337.3095],[490.374,352.1105],[480.2660000000001,352.1105],[480.2660000000001,337.3095]]]}},{"type":"Feature","id":"P0498","properties":{"id":"P0498","layer":"ordinary_parcel","zoneId":"UF03","blockId":"B025","compatibleForms":["U13","U08","U03","U05","U06","U01"]},"geometry":{"type":"Polygon","coordinates":[[[490.90600000000006,337.3095],[501.014,337.3095],[501.014,352.1105],[490.90600000000006,352.1105],[490.90600000000006,337.3095]]]}},{"type":"Feature","id":"P0499","properties":{"id":"P0499","layer":"ordinary_parcel","zoneId":"UF03","blockId":"B025","compatibleForms":["U13","U08","U03","U05","U06","U01"]},"geometry":{"type":"Polygon","coordinates":[[[501.54600000000005,337.3095],[511.65400000000005,337.3095],[511.65400000000005,352.1105],[501.54600000000005,352.1105],[501.54600000000005,337.3095]]]}},{"type":"Feature","id":"P0500","properties":{"id":"P0500","layer":"ordinary_parcel","zoneId":"UF03","blockId":"B025","compatibleForms":["U13","U08","U03","U05","U06","U01"]},"geometry":{"type":"Polygon","coordinates":[[[512.186,337.3095],[522.2940000000001,337.3095],[522.2940000000001,352.1105],[512.186,352.1105],[512.186,337.3095]]]}},{"type":"Feature","id":"P0501","properties":{"id":"P0501","layer":"ordinary_parcel","zoneId":"UF03","blockId":"B025","compatibleForms":["U13","U08","U03","U05","U06","U01"]},"geometry":{"type":"Polygon","coordinates":[[[522.826,337.3095],[532.9340000000001,337.3095],[532.9340000000001,352.1105],[522.826,352.1105],[522.826,337.3095]]]}},{"type":"Feature","id":"P0502","properties":{"id":"P0502","layer":"ordinary_parcel","zoneId":"UF03","blockId":"B025","compatibleForms":["U13","U08","U03","U05","U06","U01"]},"geometry":{"type":"Polygon","coordinates":[[[427.09555555555556,352.8895],[438.3266666666667,352.8895],[438.3266666666667,367.6905],[427.09555555555556,367.6905],[427.09555555555556,352.8895]]]}},{"type":"Feature","id":"P0503","properties":{"id":"P0503","layer":"ordinary_parcel","zoneId":"UF03","blockId":"B025","compatibleForms":["U13","U08","U03","U05","U06","U01"]},"geometry":{"type":"Polygon","coordinates":[[[438.9177777777778,352.8895],[450.1488888888889,352.8895],[450.1488888888889,367.6905],[438.9177777777778,367.6905],[438.9177777777778,352.8895]]]}},{"type":"Feature","id":"P0504","properties":{"id":"P0504","layer":"ordinary_parcel","zoneId":"UF03","blockId":"B025","compatibleForms":["U13","U08","U03","U05","U06","U01"]},"geometry":{"type":"Polygon","coordinates":[[[450.74,352.8895],[461.97111111111116,352.8895],[461.97111111111116,367.6905],[450.74,367.6905],[450.74,352.8895]]]}},{"type":"Feature","id":"P0505","properties":{"id":"P0505","layer":"ordinary_parcel","zoneId":"UF03","blockId":"B025","compatibleForms":["U13","U08","U03","U05","U06","U01"]},"geometry":{"type":"Polygon","coordinates":[[[462.56222222222226,352.8895],[473.79333333333335,352.8895],[473.79333333333335,367.6905],[462.56222222222226,367.6905],[462.56222222222226,352.8895]]]}},{"type":"Feature","id":"P0506","properties":{"id":"P0506","layer":"ordinary_parcel","zoneId":"UF03","blockId":"B025","compatibleForms":["U13","U08","U03","U05","U06","U01"]},"geometry":{"type":"Polygon","coordinates":[[[474.38444444444445,352.8895],[485.6155555555556,352.8895],[485.6155555555556,367.6905],[474.38444444444445,367.6905],[474.38444444444445,352.8895]]]}},{"type":"Feature","id":"P0507","properties":{"id":"P0507","layer":"ordinary_parcel","zoneId":"UF03","blockId":"B025","compatibleForms":["U13","U08","U03","U05","U06","U01"]},"geometry":{"type":"Polygon","coordinates":[[[486.2066666666667,352.8895],[497.4377777777778,352.8895],[497.4377777777778,367.6905],[486.2066666666667,367.6905],[486.2066666666667,352.8895]]]}},{"type":"Feature","id":"P0508","properties":{"id":"P0508","layer":"ordinary_parcel","zoneId":"UF03","blockId":"B025","compatibleForms":["U13","U08","U03","U05","U06","U01"]},"geometry":{"type":"Polygon","coordinates":[[[498.0288888888889,352.8895],[509.26000000000005,352.8895],[509.26000000000005,367.6905],[498.0288888888889,367.6905],[498.0288888888889,352.8895]]]}},{"type":"Feature","id":"P0509","properties":{"id":"P0509","layer":"ordinary_parcel","zoneId":"UF03","blockId":"B025","compatibleForms":["U13","U08","U03","U05","U06","U01"]},"geometry":{"type":"Polygon","coordinates":[[[509.85111111111115,352.8895],[521.0822222222223,352.8895],[521.0822222222223,367.6905],[509.85111111111115,367.6905],[509.85111111111115,352.8895]]]}},{"type":"Feature","id":"P0510","properties":{"id":"P0510","layer":"ordinary_parcel","zoneId":"UF03","blockId":"B025","compatibleForms":["U13","U08","U03","U05","U06","U01"]},"geometry":{"type":"Polygon","coordinates":[[[521.6733333333334,352.8895],[532.9044444444445,352.8895],[532.9044444444445,367.6905],[521.6733333333334,367.6905],[521.6733333333334,352.8895]]]}},{"type":"Feature","id":"B026","properties":{"id":"B026","layer":"block_cluster","zoneId":"UF03","sequenceInZone":6},"geometry":{"type":"Polygon","coordinates":[[[286.8,377.92],[393.2,377.92],[393.2,409.08],[286.8,409.08],[286.8,377.92]]]}},{"type":"Feature","id":"P0511","properties":{"id":"P0511","layer":"ordinary_parcel","zoneId":"UF03","blockId":"B026","compatibleForms":["U13","U08","U03","U05","U06","U01"]},"geometry":{"type":"Polygon","coordinates":[[[287.06600000000003,378.3095],[297.174,378.3095],[297.174,393.1105],[287.06600000000003,393.1105],[287.06600000000003,378.3095]]]}},{"type":"Feature","id":"P0512","properties":{"id":"P0512","layer":"ordinary_parcel","zoneId":"UF03","blockId":"B026","compatibleForms":["U13","U08","U03","U05","U06","U01"]},"geometry":{"type":"Polygon","coordinates":[[[297.706,378.3095],[307.81399999999996,378.3095],[307.81399999999996,393.1105],[297.706,393.1105],[297.706,378.3095]]]}},{"type":"Feature","id":"P0513","properties":{"id":"P0513","layer":"ordinary_parcel","zoneId":"UF03","blockId":"B026","compatibleForms":["U13","U08","U03","U05","U06","U01"]},"geometry":{"type":"Polygon","coordinates":[[[308.346,378.3095],[318.454,378.3095],[318.454,393.1105],[308.346,393.1105],[308.346,378.3095]]]}},{"type":"Feature","id":"P0514","properties":{"id":"P0514","layer":"ordinary_parcel","zoneId":"UF03","blockId":"B026","compatibleForms":["U13","U08","U03","U05","U06","U01"]},"geometry":{"type":"Polygon","coordinates":[[[318.98600000000005,378.3095],[329.094,378.3095],[329.094,393.1105],[318.98600000000005,393.1105],[318.98600000000005,378.3095]]]}},{"type":"Feature","id":"P0515","properties":{"id":"P0515","layer":"ordinary_parcel","zoneId":"UF03","blockId":"B026","compatibleForms":["U13","U08","U03","U05","U06","U01"]},"geometry":{"type":"Polygon","coordinates":[[[329.62600000000003,378.3095],[339.734,378.3095],[339.734,393.1105],[329.62600000000003,393.1105],[329.62600000000003,378.3095]]]}},{"type":"Feature","id":"P0516","properties":{"id":"P0516","layer":"ordinary_parcel","zoneId":"UF03","blockId":"B026","compatibleForms":["U13","U08","U03","U05","U06","U01"]},"geometry":{"type":"Polygon","coordinates":[[[340.266,378.3095],[350.37399999999997,378.3095],[350.37399999999997,393.1105],[340.266,393.1105],[340.266,378.3095]]]}},{"type":"Feature","id":"P0517","properties":{"id":"P0517","layer":"ordinary_parcel","zoneId":"UF03","blockId":"B026","compatibleForms":["U13","U08","U03","U05","U06","U01"]},"geometry":{"type":"Polygon","coordinates":[[[350.906,378.3095],[361.01399999999995,378.3095],[361.01399999999995,393.1105],[350.906,393.1105],[350.906,378.3095]]]}},{"type":"Feature","id":"P0518","properties":{"id":"P0518","layer":"ordinary_parcel","zoneId":"UF03","blockId":"B026","compatibleForms":["U13","U08","U03","U05","U06","U01"]},"geometry":{"type":"Polygon","coordinates":[[[361.546,378.3095],[371.65399999999994,378.3095],[371.65399999999994,393.1105],[361.546,393.1105],[361.546,378.3095]]]}},{"type":"Feature","id":"P0519","properties":{"id":"P0519","layer":"ordinary_parcel","zoneId":"UF03","blockId":"B026","compatibleForms":["U13","U08","U03","U05","U06","U01"]},"geometry":{"type":"Polygon","coordinates":[[[372.186,378.3095],[382.294,378.3095],[382.294,393.1105],[372.186,393.1105],[372.186,378.3095]]]}},{"type":"Feature","id":"P0520","properties":{"id":"P0520","layer":"ordinary_parcel","zoneId":"UF03","blockId":"B026","compatibleForms":["U13","U08","U03","U05","U06","U01"]},"geometry":{"type":"Polygon","coordinates":[[[382.826,378.3095],[392.93399999999997,378.3095],[392.93399999999997,393.1105],[382.826,393.1105],[382.826,378.3095]]]}},{"type":"Feature","id":"P0521","properties":{"id":"P0521","layer":"ordinary_parcel","zoneId":"UF03","blockId":"B026","compatibleForms":["U13","U08","U03","U05","U06","U01"]},"geometry":{"type":"Polygon","coordinates":[[[287.09555555555556,393.8895],[298.32666666666665,393.8895],[298.32666666666665,408.6905],[287.09555555555556,408.6905],[287.09555555555556,393.8895]]]}},{"type":"Feature","id":"P0522","properties":{"id":"P0522","layer":"ordinary_parcel","zoneId":"UF03","blockId":"B026","compatibleForms":["U13","U08","U03","U05","U06","U01"]},"geometry":{"type":"Polygon","coordinates":[[[298.91777777777776,393.8895],[310.1488888888889,393.8895],[310.1488888888889,408.6905],[298.91777777777776,408.6905],[298.91777777777776,393.8895]]]}},{"type":"Feature","id":"P0523","properties":{"id":"P0523","layer":"ordinary_parcel","zoneId":"UF03","blockId":"B026","compatibleForms":["U13","U08","U03","U05","U06","U01"]},"geometry":{"type":"Polygon","coordinates":[[[310.74,393.8895],[321.9711111111111,393.8895],[321.9711111111111,408.6905],[310.74,408.6905],[310.74,393.8895]]]}},{"type":"Feature","id":"P0524","properties":{"id":"P0524","layer":"ordinary_parcel","zoneId":"UF03","blockId":"B026","compatibleForms":["U13","U08","U03","U05","U06","U01"]},"geometry":{"type":"Polygon","coordinates":[[[322.5622222222222,393.8895],[333.79333333333335,393.8895],[333.79333333333335,408.6905],[322.5622222222222,408.6905],[322.5622222222222,393.8895]]]}},{"type":"Feature","id":"P0525","properties":{"id":"P0525","layer":"ordinary_parcel","zoneId":"UF03","blockId":"B026","compatibleForms":["U13","U08","U03","U05","U06","U01"]},"geometry":{"type":"Polygon","coordinates":[[[334.38444444444445,393.8895],[345.61555555555555,393.8895],[345.61555555555555,408.6905],[334.38444444444445,408.6905],[334.38444444444445,393.8895]]]}},{"type":"Feature","id":"P0526","properties":{"id":"P0526","layer":"ordinary_parcel","zoneId":"UF03","blockId":"B026","compatibleForms":["U13","U08","U03","U05","U06","U01"]},"geometry":{"type":"Polygon","coordinates":[[[346.20666666666665,393.8895],[357.4377777777778,393.8895],[357.4377777777778,408.6905],[346.20666666666665,408.6905],[346.20666666666665,393.8895]]]}},{"type":"Feature","id":"P0527","properties":{"id":"P0527","layer":"ordinary_parcel","zoneId":"UF03","blockId":"B026","compatibleForms":["U13","U08","U03","U05","U06","U01"]},"geometry":{"type":"Polygon","coordinates":[[[358.0288888888889,393.8895],[369.26,393.8895],[369.26,408.6905],[358.0288888888889,408.6905],[358.0288888888889,393.8895]]]}},{"type":"Feature","id":"P0528","properties":{"id":"P0528","layer":"ordinary_parcel","zoneId":"UF03","blockId":"B026","compatibleForms":["U13","U08","U03","U05","U06","U01"]},"geometry":{"type":"Polygon","coordinates":[[[369.8511111111111,393.8895],[381.0822222222222,393.8895],[381.0822222222222,408.6905],[369.8511111111111,408.6905],[369.8511111111111,393.8895]]]}},{"type":"Feature","id":"P0529","properties":{"id":"P0529","layer":"ordinary_parcel","zoneId":"UF03","blockId":"B026","compatibleForms":["U13","U08","U03","U05","U06","U01"]},"geometry":{"type":"Polygon","coordinates":[[[381.6733333333333,393.8895],[392.90444444444444,393.8895],[392.90444444444444,408.6905],[381.6733333333333,408.6905],[381.6733333333333,393.8895]]]}},{"type":"Feature","id":"B027","properties":{"id":"B027","layer":"block_cluster","zoneId":"UF03","sequenceInZone":7},"geometry":{"type":"Polygon","coordinates":[[[426.8,377.92],[533.2,377.92],[533.2,409.08],[426.8,409.08],[426.8,377.92]]]}},{"type":"Feature","id":"P0530","properties":{"id":"P0530","layer":"ordinary_parcel","zoneId":"UF03","blockId":"B027","compatibleForms":["U13","U08","U03","U05","U06","U01"]},"geometry":{"type":"Polygon","coordinates":[[[427.09555555555556,378.3095],[438.3266666666667,378.3095],[438.3266666666667,393.1105],[427.09555555555556,393.1105],[427.09555555555556,378.3095]]]}},{"type":"Feature","id":"P0531","properties":{"id":"P0531","layer":"ordinary_parcel","zoneId":"UF03","blockId":"B027","compatibleForms":["U13","U08","U03","U05","U06","U01"]},"geometry":{"type":"Polygon","coordinates":[[[438.9177777777778,378.3095],[450.1488888888889,378.3095],[450.1488888888889,393.1105],[438.9177777777778,393.1105],[438.9177777777778,378.3095]]]}},{"type":"Feature","id":"P0532","properties":{"id":"P0532","layer":"ordinary_parcel","zoneId":"UF03","blockId":"B027","compatibleForms":["U13","U08","U03","U05","U06","U01"]},"geometry":{"type":"Polygon","coordinates":[[[450.74,378.3095],[461.97111111111116,378.3095],[461.97111111111116,393.1105],[450.74,393.1105],[450.74,378.3095]]]}},{"type":"Feature","id":"P0533","properties":{"id":"P0533","layer":"ordinary_parcel","zoneId":"UF03","blockId":"B027","compatibleForms":["U13","U08","U03","U05","U06","U01"]},"geometry":{"type":"Polygon","coordinates":[[[462.56222222222226,378.3095],[473.79333333333335,378.3095],[473.79333333333335,393.1105],[462.56222222222226,393.1105],[462.56222222222226,378.3095]]]}},{"type":"Feature","id":"P0534","properties":{"id":"P0534","layer":"ordinary_parcel","zoneId":"UF03","blockId":"B027","compatibleForms":["U13","U08","U03","U05","U06","U01"]},"geometry":{"type":"Polygon","coordinates":[[[474.38444444444445,378.3095],[485.6155555555556,378.3095],[485.6155555555556,393.1105],[474.38444444444445,393.1105],[474.38444444444445,378.3095]]]}},{"type":"Feature","id":"P0535","properties":{"id":"P0535","layer":"ordinary_parcel","zoneId":"UF03","blockId":"B027","compatibleForms":["U13","U08","U03","U05","U06","U01"]},"geometry":{"type":"Polygon","coordinates":[[[486.2066666666667,378.3095],[497.4377777777778,378.3095],[497.4377777777778,393.1105],[486.2066666666667,393.1105],[486.2066666666667,378.3095]]]}},{"type":"Feature","id":"P0536","properties":{"id":"P0536","layer":"ordinary_parcel","zoneId":"UF03","blockId":"B027","compatibleForms":["U13","U08","U03","U05","U06","U01"]},"geometry":{"type":"Polygon","coordinates":[[[498.0288888888889,378.3095],[509.26000000000005,378.3095],[509.26000000000005,393.1105],[498.0288888888889,393.1105],[498.0288888888889,378.3095]]]}},{"type":"Feature","id":"P0537","properties":{"id":"P0537","layer":"ordinary_parcel","zoneId":"UF03","blockId":"B027","compatibleForms":["U13","U08","U03","U05","U06","U01"]},"geometry":{"type":"Polygon","coordinates":[[[509.85111111111115,378.3095],[521.0822222222223,378.3095],[521.0822222222223,393.1105],[509.85111111111115,393.1105],[509.85111111111115,378.3095]]]}},{"type":"Feature","id":"P0538","properties":{"id":"P0538","layer":"ordinary_parcel","zoneId":"UF03","blockId":"B027","compatibleForms":["U13","U08","U03","U05","U06","U01"]},"geometry":{"type":"Polygon","coordinates":[[[521.6733333333334,378.3095],[532.9044444444445,378.3095],[532.9044444444445,393.1105],[521.6733333333334,393.1105],[521.6733333333334,378.3095]]]}},{"type":"Feature","id":"P0539","properties":{"id":"P0539","layer":"ordinary_parcel","zoneId":"UF03","blockId":"B027","compatibleForms":["U13","U08","U03","U05","U06","U01"]},"geometry":{"type":"Polygon","coordinates":[[[427.09555555555556,393.8895],[438.3266666666667,393.8895],[438.3266666666667,408.6905],[427.09555555555556,408.6905],[427.09555555555556,393.8895]]]}},{"type":"Feature","id":"P0540","properties":{"id":"P0540","layer":"ordinary_parcel","zoneId":"UF03","blockId":"B027","compatibleForms":["U13","U08","U03","U05","U06","U01"]},"geometry":{"type":"Polygon","coordinates":[[[438.9177777777778,393.8895],[450.1488888888889,393.8895],[450.1488888888889,408.6905],[438.9177777777778,408.6905],[438.9177777777778,393.8895]]]}},{"type":"Feature","id":"P0541","properties":{"id":"P0541","layer":"ordinary_parcel","zoneId":"UF03","blockId":"B027","compatibleForms":["U13","U08","U03","U05","U06","U01"]},"geometry":{"type":"Polygon","coordinates":[[[450.74,393.8895],[461.97111111111116,393.8895],[461.97111111111116,408.6905],[450.74,408.6905],[450.74,393.8895]]]}},{"type":"Feature","id":"P0542","properties":{"id":"P0542","layer":"ordinary_parcel","zoneId":"UF03","blockId":"B027","compatibleForms":["U13","U08","U03","U05","U06","U01"]},"geometry":{"type":"Polygon","coordinates":[[[462.56222222222226,393.8895],[473.79333333333335,393.8895],[473.79333333333335,408.6905],[462.56222222222226,408.6905],[462.56222222222226,393.8895]]]}},{"type":"Feature","id":"P0543","properties":{"id":"P0543","layer":"ordinary_parcel","zoneId":"UF03","blockId":"B027","compatibleForms":["U13","U08","U03","U05","U06","U01"]},"geometry":{"type":"Polygon","coordinates":[[[474.38444444444445,393.8895],[485.6155555555556,393.8895],[485.6155555555556,408.6905],[474.38444444444445,408.6905],[474.38444444444445,393.8895]]]}},{"type":"Feature","id":"P0544","properties":{"id":"P0544","layer":"ordinary_parcel","zoneId":"UF03","blockId":"B027","compatibleForms":["U13","U08","U03","U05","U06","U01"]},"geometry":{"type":"Polygon","coordinates":[[[486.2066666666667,393.8895],[497.4377777777778,393.8895],[497.4377777777778,408.6905],[486.2066666666667,408.6905],[486.2066666666667,393.8895]]]}},{"type":"Feature","id":"P0545","properties":{"id":"P0545","layer":"ordinary_parcel","zoneId":"UF03","blockId":"B027","compatibleForms":["U13","U08","U03","U05","U06","U01"]},"geometry":{"type":"Polygon","coordinates":[[[498.0288888888889,393.8895],[509.26000000000005,393.8895],[509.26000000000005,408.6905],[498.0288888888889,408.6905],[498.0288888888889,393.8895]]]}},{"type":"Feature","id":"P0546","properties":{"id":"P0546","layer":"ordinary_parcel","zoneId":"UF03","blockId":"B027","compatibleForms":["U13","U08","U03","U05","U06","U01"]},"geometry":{"type":"Polygon","coordinates":[[[509.85111111111115,393.8895],[521.0822222222223,393.8895],[521.0822222222223,408.6905],[509.85111111111115,408.6905],[509.85111111111115,393.8895]]]}},{"type":"Feature","id":"P0547","properties":{"id":"P0547","layer":"ordinary_parcel","zoneId":"UF03","blockId":"B027","compatibleForms":["U13","U08","U03","U05","U06","U01"]},"geometry":{"type":"Polygon","coordinates":[[[521.6733333333334,393.8895],[532.9044444444445,393.8895],[532.9044444444445,408.6905],[521.6733333333334,408.6905],[521.6733333333334,393.8895]]]}},{"type":"Feature","id":"B028","properties":{"id":"B028","layer":"block_cluster","zoneId":"UF03","sequenceInZone":8},"geometry":{"type":"Polygon","coordinates":[[[566.8,377.92],[673.2,377.92],[673.2,409.08],[566.8,409.08],[566.8,377.92]]]}},{"type":"Feature","id":"P0548","properties":{"id":"P0548","layer":"ordinary_parcel","zoneId":"UF03","blockId":"B028","compatibleForms":["U13","U08","U03","U05","U06","U01"]},"geometry":{"type":"Polygon","coordinates":[[[567.0955555555555,378.3095],[578.3266666666666,378.3095],[578.3266666666666,393.1105],[567.0955555555555,393.1105],[567.0955555555555,378.3095]]]}},{"type":"Feature","id":"P0549","properties":{"id":"P0549","layer":"ordinary_parcel","zoneId":"UF03","blockId":"B028","compatibleForms":["U13","U08","U03","U05","U06","U01"]},"geometry":{"type":"Polygon","coordinates":[[[578.9177777777777,378.3095],[590.1488888888889,378.3095],[590.1488888888889,393.1105],[578.9177777777777,393.1105],[578.9177777777777,378.3095]]]}},{"type":"Feature","id":"P0550","properties":{"id":"P0550","layer":"ordinary_parcel","zoneId":"UF03","blockId":"B028","compatibleForms":["U13","U08","U03","U05","U06","U01"]},"geometry":{"type":"Polygon","coordinates":[[[590.74,378.3095],[601.9711111111111,378.3095],[601.9711111111111,393.1105],[590.74,393.1105],[590.74,378.3095]]]}},{"type":"Feature","id":"P0551","properties":{"id":"P0551","layer":"ordinary_parcel","zoneId":"UF03","blockId":"B028","compatibleForms":["U13","U08","U03","U05","U06","U01"]},"geometry":{"type":"Polygon","coordinates":[[[602.5622222222222,378.3095],[613.7933333333333,378.3095],[613.7933333333333,393.1105],[602.5622222222222,393.1105],[602.5622222222222,378.3095]]]}},{"type":"Feature","id":"P0552","properties":{"id":"P0552","layer":"ordinary_parcel","zoneId":"UF03","blockId":"B028","compatibleForms":["U13","U08","U03","U05","U06","U01"]},"geometry":{"type":"Polygon","coordinates":[[[614.3844444444444,378.3095],[625.6155555555556,378.3095],[625.6155555555556,393.1105],[614.3844444444444,393.1105],[614.3844444444444,378.3095]]]}},{"type":"Feature","id":"P0553","properties":{"id":"P0553","layer":"ordinary_parcel","zoneId":"UF03","blockId":"B028","compatibleForms":["U13","U08","U03","U05","U06","U01"]},"geometry":{"type":"Polygon","coordinates":[[[626.2066666666667,378.3095],[637.4377777777778,378.3095],[637.4377777777778,393.1105],[626.2066666666667,393.1105],[626.2066666666667,378.3095]]]}},{"type":"Feature","id":"P0554","properties":{"id":"P0554","layer":"ordinary_parcel","zoneId":"UF03","blockId":"B028","compatibleForms":["U13","U08","U03","U05","U06","U01"]},"geometry":{"type":"Polygon","coordinates":[[[638.0288888888889,378.3095],[649.26,378.3095],[649.26,393.1105],[638.0288888888889,393.1105],[638.0288888888889,378.3095]]]}},{"type":"Feature","id":"P0555","properties":{"id":"P0555","layer":"ordinary_parcel","zoneId":"UF03","blockId":"B028","compatibleForms":["U13","U08","U03","U05","U06","U01"]},"geometry":{"type":"Polygon","coordinates":[[[649.8511111111111,378.3095],[661.0822222222223,378.3095],[661.0822222222223,393.1105],[649.8511111111111,393.1105],[649.8511111111111,378.3095]]]}},{"type":"Feature","id":"P0556","properties":{"id":"P0556","layer":"ordinary_parcel","zoneId":"UF03","blockId":"B028","compatibleForms":["U13","U08","U03","U05","U06","U01"]},"geometry":{"type":"Polygon","coordinates":[[[661.6733333333334,378.3095],[672.9044444444445,378.3095],[672.9044444444445,393.1105],[661.6733333333334,393.1105],[661.6733333333334,378.3095]]]}},{"type":"Feature","id":"P0557","properties":{"id":"P0557","layer":"ordinary_parcel","zoneId":"UF03","blockId":"B028","compatibleForms":["U13","U08","U03","U05","U06","U01"]},"geometry":{"type":"Polygon","coordinates":[[[567.0955555555555,393.8895],[578.3266666666666,393.8895],[578.3266666666666,408.6905],[567.0955555555555,408.6905],[567.0955555555555,393.8895]]]}},{"type":"Feature","id":"P0558","properties":{"id":"P0558","layer":"ordinary_parcel","zoneId":"UF03","blockId":"B028","compatibleForms":["U13","U08","U03","U05","U06","U01"]},"geometry":{"type":"Polygon","coordinates":[[[578.9177777777777,393.8895],[590.1488888888889,393.8895],[590.1488888888889,408.6905],[578.9177777777777,408.6905],[578.9177777777777,393.8895]]]}},{"type":"Feature","id":"P0559","properties":{"id":"P0559","layer":"ordinary_parcel","zoneId":"UF03","blockId":"B028","compatibleForms":["U13","U08","U03","U05","U06","U01"]},"geometry":{"type":"Polygon","coordinates":[[[590.74,393.8895],[601.9711111111111,393.8895],[601.9711111111111,408.6905],[590.74,408.6905],[590.74,393.8895]]]}},{"type":"Feature","id":"P0560","properties":{"id":"P0560","layer":"ordinary_parcel","zoneId":"UF03","blockId":"B028","compatibleForms":["U13","U08","U03","U05","U06","U01"]},"geometry":{"type":"Polygon","coordinates":[[[602.5622222222222,393.8895],[613.7933333333333,393.8895],[613.7933333333333,408.6905],[602.5622222222222,408.6905],[602.5622222222222,393.8895]]]}},{"type":"Feature","id":"P0561","properties":{"id":"P0561","layer":"ordinary_parcel","zoneId":"UF03","blockId":"B028","compatibleForms":["U13","U08","U03","U05","U06","U01"]},"geometry":{"type":"Polygon","coordinates":[[[614.3844444444444,393.8895],[625.6155555555556,393.8895],[625.6155555555556,408.6905],[614.3844444444444,408.6905],[614.3844444444444,393.8895]]]}},{"type":"Feature","id":"P0562","properties":{"id":"P0562","layer":"ordinary_parcel","zoneId":"UF03","blockId":"B028","compatibleForms":["U13","U08","U03","U05","U06","U01"]},"geometry":{"type":"Polygon","coordinates":[[[626.2066666666667,393.8895],[637.4377777777778,393.8895],[637.4377777777778,408.6905],[626.2066666666667,408.6905],[626.2066666666667,393.8895]]]}},{"type":"Feature","id":"P0563","properties":{"id":"P0563","layer":"ordinary_parcel","zoneId":"UF03","blockId":"B028","compatibleForms":["U13","U08","U03","U05","U06","U01"]},"geometry":{"type":"Polygon","coordinates":[[[638.0288888888889,393.8895],[649.26,393.8895],[649.26,408.6905],[638.0288888888889,408.6905],[638.0288888888889,393.8895]]]}},{"type":"Feature","id":"P0564","properties":{"id":"P0564","layer":"ordinary_parcel","zoneId":"UF03","blockId":"B028","compatibleForms":["U13","U08","U03","U05","U06","U01"]},"geometry":{"type":"Polygon","coordinates":[[[649.8511111111111,393.8895],[661.0822222222223,393.8895],[661.0822222222223,408.6905],[649.8511111111111,408.6905],[649.8511111111111,393.8895]]]}},{"type":"Feature","id":"P0565","properties":{"id":"P0565","layer":"ordinary_parcel","zoneId":"UF03","blockId":"B028","compatibleForms":["U13","U08","U03","U05","U06","U01"]},"geometry":{"type":"Polygon","coordinates":[[[661.6733333333334,393.8895],[672.9044444444445,393.8895],[672.9044444444445,408.6905],[661.6733333333334,408.6905],[661.6733333333334,393.8895]]]}},{"type":"Feature","id":"B029","properties":{"id":"B029","layer":"block_cluster","zoneId":"UF04","sequenceInZone":1},"geometry":{"type":"Polygon","coordinates":[[[-39.6,646.32],[89.6,646.32],[89.6,711.68],[-39.6,711.68],[-39.6,646.32]]]}},{"type":"Feature","id":"P0566","properties":{"id":"P0566","layer":"ordinary_parcel","zoneId":"UF04","blockId":"B029","compatibleForms":["U08","U09","U07","U02","U10"]},"geometry":{"type":"Polygon","coordinates":[[[-39.06166666666667,646.8646666666667],[-18.605000000000004,646.8646666666667],[-18.605000000000004,667.562],[-39.06166666666667,667.562],[-39.06166666666667,646.8646666666667]]]}},{"type":"Feature","id":"P0567","properties":{"id":"P0567","layer":"ordinary_parcel","zoneId":"UF04","blockId":"B029","compatibleForms":["U08","U09","U07","U02","U10"]},"geometry":{"type":"Polygon","coordinates":[[[-17.528333333333336,646.8646666666667],[2.9283333333333283,646.8646666666667],[2.9283333333333283,667.562],[-17.528333333333336,667.562],[-17.528333333333336,646.8646666666667]]]}},{"type":"Feature","id":"P0568","properties":{"id":"P0568","layer":"ordinary_parcel","zoneId":"UF04","blockId":"B029","compatibleForms":["U08","U09","U07","U02","U10"]},"geometry":{"type":"Polygon","coordinates":[[[4.004999999999995,646.8646666666667],[24.46166666666666,646.8646666666667],[24.46166666666666,667.562],[4.004999999999995,667.562],[4.004999999999995,646.8646666666667]]]}},{"type":"Feature","id":"P0569","properties":{"id":"P0569","layer":"ordinary_parcel","zoneId":"UF04","blockId":"B029","compatibleForms":["U08","U09","U07","U02","U10"]},"geometry":{"type":"Polygon","coordinates":[[[25.538333333333327,646.8646666666667],[45.99499999999999,646.8646666666667],[45.99499999999999,667.562],[25.538333333333327,667.562],[25.538333333333327,646.8646666666667]]]}},{"type":"Feature","id":"P0570","properties":{"id":"P0570","layer":"ordinary_parcel","zoneId":"UF04","blockId":"B029","compatibleForms":["U08","U09","U07","U02","U10"]},"geometry":{"type":"Polygon","coordinates":[[[47.07166666666666,646.8646666666667],[67.52833333333334,646.8646666666667],[67.52833333333334,667.562],[47.07166666666666,667.562],[47.07166666666666,646.8646666666667]]]}},{"type":"Feature","id":"P0571","properties":{"id":"P0571","layer":"ordinary_parcel","zoneId":"UF04","blockId":"B029","compatibleForms":["U08","U09","U07","U02","U10"]},"geometry":{"type":"Polygon","coordinates":[[[68.60499999999999,646.8646666666667],[89.06166666666667,646.8646666666667],[89.06166666666667,667.562],[68.60499999999999,667.562],[68.60499999999999,646.8646666666667]]]}},{"type":"Feature","id":"P0572","properties":{"id":"P0572","layer":"ordinary_parcel","zoneId":"UF04","blockId":"B029","compatibleForms":["U08","U09","U07","U02","U10"]},"geometry":{"type":"Polygon","coordinates":[[[-39.06166666666667,668.6513333333334],[-18.605000000000004,668.6513333333334],[-18.605000000000004,689.3486666666666],[-39.06166666666667,689.3486666666666],[-39.06166666666667,668.6513333333334]]]}},{"type":"Feature","id":"P0573","properties":{"id":"P0573","layer":"ordinary_parcel","zoneId":"UF04","blockId":"B029","compatibleForms":["U08","U09","U07","U02","U10"]},"geometry":{"type":"Polygon","coordinates":[[[-17.528333333333336,668.6513333333334],[2.9283333333333283,668.6513333333334],[2.9283333333333283,689.3486666666666],[-17.528333333333336,689.3486666666666],[-17.528333333333336,668.6513333333334]]]}},{"type":"Feature","id":"P0574","properties":{"id":"P0574","layer":"ordinary_parcel","zoneId":"UF04","blockId":"B029","compatibleForms":["U08","U09","U07","U02","U10"]},"geometry":{"type":"Polygon","coordinates":[[[4.004999999999995,668.6513333333334],[24.46166666666666,668.6513333333334],[24.46166666666666,689.3486666666666],[4.004999999999995,689.3486666666666],[4.004999999999995,668.6513333333334]]]}},{"type":"Feature","id":"P0575","properties":{"id":"P0575","layer":"ordinary_parcel","zoneId":"UF04","blockId":"B029","compatibleForms":["U08","U09","U07","U02","U10"]},"geometry":{"type":"Polygon","coordinates":[[[25.538333333333327,668.6513333333334],[45.99499999999999,668.6513333333334],[45.99499999999999,689.3486666666666],[25.538333333333327,689.3486666666666],[25.538333333333327,668.6513333333334]]]}},{"type":"Feature","id":"P0576","properties":{"id":"P0576","layer":"ordinary_parcel","zoneId":"UF04","blockId":"B029","compatibleForms":["U08","U09","U07","U02","U10"]},"geometry":{"type":"Polygon","coordinates":[[[47.07166666666666,668.6513333333334],[67.52833333333334,668.6513333333334],[67.52833333333334,689.3486666666666],[47.07166666666666,689.3486666666666],[47.07166666666666,668.6513333333334]]]}},{"type":"Feature","id":"P0577","properties":{"id":"P0577","layer":"ordinary_parcel","zoneId":"UF04","blockId":"B029","compatibleForms":["U08","U09","U07","U02","U10"]},"geometry":{"type":"Polygon","coordinates":[[[68.60499999999999,668.6513333333334],[89.06166666666667,668.6513333333334],[89.06166666666667,689.3486666666666],[68.60499999999999,689.3486666666666],[68.60499999999999,668.6513333333334]]]}},{"type":"Feature","id":"P0578","properties":{"id":"P0578","layer":"ordinary_parcel","zoneId":"UF04","blockId":"B029","compatibleForms":["U08","U09","U07","U02","U10"]},"geometry":{"type":"Polygon","coordinates":[[[-39.06166666666667,690.438],[-18.605000000000004,690.438],[-18.605000000000004,711.1353333333333],[-39.06166666666667,711.1353333333333],[-39.06166666666667,690.438]]]}},{"type":"Feature","id":"P0579","properties":{"id":"P0579","layer":"ordinary_parcel","zoneId":"UF04","blockId":"B029","compatibleForms":["U08","U09","U07","U02","U10"]},"geometry":{"type":"Polygon","coordinates":[[[-17.528333333333336,690.438],[2.9283333333333283,690.438],[2.9283333333333283,711.1353333333333],[-17.528333333333336,711.1353333333333],[-17.528333333333336,690.438]]]}},{"type":"Feature","id":"P0580","properties":{"id":"P0580","layer":"ordinary_parcel","zoneId":"UF04","blockId":"B029","compatibleForms":["U08","U09","U07","U02","U10"]},"geometry":{"type":"Polygon","coordinates":[[[4.004999999999995,690.438],[24.46166666666666,690.438],[24.46166666666666,711.1353333333333],[4.004999999999995,711.1353333333333],[4.004999999999995,690.438]]]}},{"type":"Feature","id":"P0581","properties":{"id":"P0581","layer":"ordinary_parcel","zoneId":"UF04","blockId":"B029","compatibleForms":["U08","U09","U07","U02","U10"]},"geometry":{"type":"Polygon","coordinates":[[[25.538333333333327,690.438],[45.99499999999999,690.438],[45.99499999999999,711.1353333333333],[25.538333333333327,711.1353333333333],[25.538333333333327,690.438]]]}},{"type":"Feature","id":"P0582","properties":{"id":"P0582","layer":"ordinary_parcel","zoneId":"UF04","blockId":"B029","compatibleForms":["U08","U09","U07","U02","U10"]},"geometry":{"type":"Polygon","coordinates":[[[47.07166666666666,690.438],[67.52833333333334,690.438],[67.52833333333334,711.1353333333333],[47.07166666666666,711.1353333333333],[47.07166666666666,690.438]]]}},{"type":"Feature","id":"P0583","properties":{"id":"P0583","layer":"ordinary_parcel","zoneId":"UF04","blockId":"B029","compatibleForms":["U08","U09","U07","U02","U10"]},"geometry":{"type":"Polygon","coordinates":[[[68.60499999999999,690.438],[89.06166666666667,690.438],[89.06166666666667,711.1353333333333],[68.60499999999999,711.1353333333333],[68.60499999999999,690.438]]]}},{"type":"Feature","id":"B030","properties":{"id":"B030","layer":"block_cluster","zoneId":"UF04","sequenceInZone":2},"geometry":{"type":"Polygon","coordinates":[[[130.4,646.32],[259.6,646.32],[259.6,711.68],[130.4,711.68],[130.4,646.32]]]}},{"type":"Feature","id":"P0584","properties":{"id":"P0584","layer":"ordinary_parcel","zoneId":"UF04","blockId":"B030","compatibleForms":["U08","U09","U07","U02","U10"]},"geometry":{"type":"Polygon","coordinates":[[[130.93833333333333,646.8646666666667],[151.395,646.8646666666667],[151.395,667.562],[130.93833333333333,667.562],[130.93833333333333,646.8646666666667]]]}},{"type":"Feature","id":"P0585","properties":{"id":"P0585","layer":"ordinary_parcel","zoneId":"UF04","blockId":"B030","compatibleForms":["U08","U09","U07","U02","U10"]},"geometry":{"type":"Polygon","coordinates":[[[152.47166666666666,646.8646666666667],[172.92833333333334,646.8646666666667],[172.92833333333334,667.562],[152.47166666666666,667.562],[152.47166666666666,646.8646666666667]]]}},{"type":"Feature","id":"P0586","properties":{"id":"P0586","layer":"ordinary_parcel","zoneId":"UF04","blockId":"B030","compatibleForms":["U08","U09","U07","U02","U10"]},"geometry":{"type":"Polygon","coordinates":[[[174.005,646.8646666666667],[194.46166666666667,646.8646666666667],[194.46166666666667,667.562],[174.005,667.562],[174.005,646.8646666666667]]]}},{"type":"Feature","id":"P0587","properties":{"id":"P0587","layer":"ordinary_parcel","zoneId":"UF04","blockId":"B030","compatibleForms":["U08","U09","U07","U02","U10"]},"geometry":{"type":"Polygon","coordinates":[[[195.53833333333333,646.8646666666667],[215.99500000000003,646.8646666666667],[215.99500000000003,667.562],[195.53833333333333,667.562],[195.53833333333333,646.8646666666667]]]}},{"type":"Feature","id":"P0588","properties":{"id":"P0588","layer":"ordinary_parcel","zoneId":"UF04","blockId":"B030","compatibleForms":["U08","U09","U07","U02","U10"]},"geometry":{"type":"Polygon","coordinates":[[[217.0716666666667,646.8646666666667],[237.52833333333336,646.8646666666667],[237.52833333333336,667.562],[217.0716666666667,667.562],[217.0716666666667,646.8646666666667]]]}},{"type":"Feature","id":"P0589","properties":{"id":"P0589","layer":"ordinary_parcel","zoneId":"UF04","blockId":"B030","compatibleForms":["U08","U09","U07","U02","U10"]},"geometry":{"type":"Polygon","coordinates":[[[238.60500000000002,646.8646666666667],[259.06166666666667,646.8646666666667],[259.06166666666667,667.562],[238.60500000000002,667.562],[238.60500000000002,646.8646666666667]]]}},{"type":"Feature","id":"P0590","properties":{"id":"P0590","layer":"ordinary_parcel","zoneId":"UF04","blockId":"B030","compatibleForms":["U08","U09","U07","U02","U10"]},"geometry":{"type":"Polygon","coordinates":[[[130.93833333333333,668.6513333333334],[151.395,668.6513333333334],[151.395,689.3486666666666],[130.93833333333333,689.3486666666666],[130.93833333333333,668.6513333333334]]]}},{"type":"Feature","id":"P0591","properties":{"id":"P0591","layer":"ordinary_parcel","zoneId":"UF04","blockId":"B030","compatibleForms":["U08","U09","U07","U02","U10"]},"geometry":{"type":"Polygon","coordinates":[[[152.47166666666666,668.6513333333334],[172.92833333333334,668.6513333333334],[172.92833333333334,689.3486666666666],[152.47166666666666,689.3486666666666],[152.47166666666666,668.6513333333334]]]}},{"type":"Feature","id":"P0592","properties":{"id":"P0592","layer":"ordinary_parcel","zoneId":"UF04","blockId":"B030","compatibleForms":["U08","U09","U07","U02","U10"]},"geometry":{"type":"Polygon","coordinates":[[[174.005,668.6513333333334],[194.46166666666667,668.6513333333334],[194.46166666666667,689.3486666666666],[174.005,689.3486666666666],[174.005,668.6513333333334]]]}},{"type":"Feature","id":"P0593","properties":{"id":"P0593","layer":"ordinary_parcel","zoneId":"UF04","blockId":"B030","compatibleForms":["U08","U09","U07","U02","U10"]},"geometry":{"type":"Polygon","coordinates":[[[195.53833333333333,668.6513333333334],[215.99500000000003,668.6513333333334],[215.99500000000003,689.3486666666666],[195.53833333333333,689.3486666666666],[195.53833333333333,668.6513333333334]]]}},{"type":"Feature","id":"P0594","properties":{"id":"P0594","layer":"ordinary_parcel","zoneId":"UF04","blockId":"B030","compatibleForms":["U08","U09","U07","U02","U10"]},"geometry":{"type":"Polygon","coordinates":[[[217.0716666666667,668.6513333333334],[237.52833333333336,668.6513333333334],[237.52833333333336,689.3486666666666],[217.0716666666667,689.3486666666666],[217.0716666666667,668.6513333333334]]]}},{"type":"Feature","id":"P0595","properties":{"id":"P0595","layer":"ordinary_parcel","zoneId":"UF04","blockId":"B030","compatibleForms":["U08","U09","U07","U02","U10"]},"geometry":{"type":"Polygon","coordinates":[[[238.60500000000002,668.6513333333334],[259.06166666666667,668.6513333333334],[259.06166666666667,689.3486666666666],[238.60500000000002,689.3486666666666],[238.60500000000002,668.6513333333334]]]}},{"type":"Feature","id":"P0596","properties":{"id":"P0596","layer":"ordinary_parcel","zoneId":"UF04","blockId":"B030","compatibleForms":["U08","U09","U07","U02","U10"]},"geometry":{"type":"Polygon","coordinates":[[[131.046,690.438],[155.59400000000002,690.438],[155.59400000000002,711.1353333333333],[131.046,711.1353333333333],[131.046,690.438]]]}},{"type":"Feature","id":"P0597","properties":{"id":"P0597","layer":"ordinary_parcel","zoneId":"UF04","blockId":"B030","compatibleForms":["U08","U09","U07","U02","U10"]},"geometry":{"type":"Polygon","coordinates":[[[156.886,690.438],[181.43400000000003,690.438],[181.43400000000003,711.1353333333333],[156.886,711.1353333333333],[156.886,690.438]]]}},{"type":"Feature","id":"P0598","properties":{"id":"P0598","layer":"ordinary_parcel","zoneId":"UF04","blockId":"B030","compatibleForms":["U08","U09","U07","U02","U10"]},"geometry":{"type":"Polygon","coordinates":[[[182.726,690.438],[207.27400000000003,690.438],[207.27400000000003,711.1353333333333],[182.726,711.1353333333333],[182.726,690.438]]]}},{"type":"Feature","id":"P0599","properties":{"id":"P0599","layer":"ordinary_parcel","zoneId":"UF04","blockId":"B030","compatibleForms":["U08","U09","U07","U02","U10"]},"geometry":{"type":"Polygon","coordinates":[[[208.566,690.438],[233.11400000000003,690.438],[233.11400000000003,711.1353333333333],[208.566,711.1353333333333],[208.566,690.438]]]}},{"type":"Feature","id":"P0600","properties":{"id":"P0600","layer":"ordinary_parcel","zoneId":"UF04","blockId":"B030","compatibleForms":["U08","U09","U07","U02","U10"]},"geometry":{"type":"Polygon","coordinates":[[[234.406,690.438],[258.954,690.438],[258.954,711.1353333333333],[234.406,711.1353333333333],[234.406,690.438]]]}},{"type":"Feature","id":"B031","properties":{"id":"B031","layer":"block_cluster","zoneId":"UF04","sequenceInZone":3},"geometry":{"type":"Polygon","coordinates":[[[-39.6,732.32],[89.6,732.32],[89.6,797.68],[-39.6,797.68],[-39.6,732.32]]]}},{"type":"Feature","id":"P0601","properties":{"id":"P0601","layer":"ordinary_parcel","zoneId":"UF04","blockId":"B031","compatibleForms":["U08","U09","U07","U02","U10"]},"geometry":{"type":"Polygon","coordinates":[[[-39.06166666666667,732.8646666666667],[-18.605000000000004,732.8646666666667],[-18.605000000000004,753.562],[-39.06166666666667,753.562],[-39.06166666666667,732.8646666666667]]]}},{"type":"Feature","id":"P0602","properties":{"id":"P0602","layer":"ordinary_parcel","zoneId":"UF04","blockId":"B031","compatibleForms":["U08","U09","U07","U02","U10"]},"geometry":{"type":"Polygon","coordinates":[[[-17.528333333333336,732.8646666666667],[2.9283333333333283,732.8646666666667],[2.9283333333333283,753.562],[-17.528333333333336,753.562],[-17.528333333333336,732.8646666666667]]]}},{"type":"Feature","id":"P0603","properties":{"id":"P0603","layer":"ordinary_parcel","zoneId":"UF04","blockId":"B031","compatibleForms":["U08","U09","U07","U02","U10"]},"geometry":{"type":"Polygon","coordinates":[[[4.004999999999995,732.8646666666667],[24.46166666666666,732.8646666666667],[24.46166666666666,753.562],[4.004999999999995,753.562],[4.004999999999995,732.8646666666667]]]}},{"type":"Feature","id":"P0604","properties":{"id":"P0604","layer":"ordinary_parcel","zoneId":"UF04","blockId":"B031","compatibleForms":["U08","U09","U07","U02","U10"]},"geometry":{"type":"Polygon","coordinates":[[[25.538333333333327,732.8646666666667],[45.99499999999999,732.8646666666667],[45.99499999999999,753.562],[25.538333333333327,753.562],[25.538333333333327,732.8646666666667]]]}},{"type":"Feature","id":"P0605","properties":{"id":"P0605","layer":"ordinary_parcel","zoneId":"UF04","blockId":"B031","compatibleForms":["U08","U09","U07","U02","U10"]},"geometry":{"type":"Polygon","coordinates":[[[47.07166666666666,732.8646666666667],[67.52833333333334,732.8646666666667],[67.52833333333334,753.562],[47.07166666666666,753.562],[47.07166666666666,732.8646666666667]]]}},{"type":"Feature","id":"P0606","properties":{"id":"P0606","layer":"ordinary_parcel","zoneId":"UF04","blockId":"B031","compatibleForms":["U08","U09","U07","U02","U10"]},"geometry":{"type":"Polygon","coordinates":[[[68.60499999999999,732.8646666666667],[89.06166666666667,732.8646666666667],[89.06166666666667,753.562],[68.60499999999999,753.562],[68.60499999999999,732.8646666666667]]]}},{"type":"Feature","id":"P0607","properties":{"id":"P0607","layer":"ordinary_parcel","zoneId":"UF04","blockId":"B031","compatibleForms":["U08","U09","U07","U02","U10"]},"geometry":{"type":"Polygon","coordinates":[[[-39.06166666666667,754.6513333333334],[-18.605000000000004,754.6513333333334],[-18.605000000000004,775.3486666666666],[-39.06166666666667,775.3486666666666],[-39.06166666666667,754.6513333333334]]]}},{"type":"Feature","id":"P0608","properties":{"id":"P0608","layer":"ordinary_parcel","zoneId":"UF04","blockId":"B031","compatibleForms":["U08","U09","U07","U02","U10"]},"geometry":{"type":"Polygon","coordinates":[[[-17.528333333333336,754.6513333333334],[2.9283333333333283,754.6513333333334],[2.9283333333333283,775.3486666666666],[-17.528333333333336,775.3486666666666],[-17.528333333333336,754.6513333333334]]]}},{"type":"Feature","id":"P0609","properties":{"id":"P0609","layer":"ordinary_parcel","zoneId":"UF04","blockId":"B031","compatibleForms":["U08","U09","U07","U02","U10"]},"geometry":{"type":"Polygon","coordinates":[[[4.004999999999995,754.6513333333334],[24.46166666666666,754.6513333333334],[24.46166666666666,775.3486666666666],[4.004999999999995,775.3486666666666],[4.004999999999995,754.6513333333334]]]}},{"type":"Feature","id":"P0610","properties":{"id":"P0610","layer":"ordinary_parcel","zoneId":"UF04","blockId":"B031","compatibleForms":["U08","U09","U07","U02","U10"]},"geometry":{"type":"Polygon","coordinates":[[[25.538333333333327,754.6513333333334],[45.99499999999999,754.6513333333334],[45.99499999999999,775.3486666666666],[25.538333333333327,775.3486666666666],[25.538333333333327,754.6513333333334]]]}},{"type":"Feature","id":"P0611","properties":{"id":"P0611","layer":"ordinary_parcel","zoneId":"UF04","blockId":"B031","compatibleForms":["U08","U09","U07","U02","U10"]},"geometry":{"type":"Polygon","coordinates":[[[47.07166666666666,754.6513333333334],[67.52833333333334,754.6513333333334],[67.52833333333334,775.3486666666666],[47.07166666666666,775.3486666666666],[47.07166666666666,754.6513333333334]]]}},{"type":"Feature","id":"P0612","properties":{"id":"P0612","layer":"ordinary_parcel","zoneId":"UF04","blockId":"B031","compatibleForms":["U08","U09","U07","U02","U10"]},"geometry":{"type":"Polygon","coordinates":[[[68.60499999999999,754.6513333333334],[89.06166666666667,754.6513333333334],[89.06166666666667,775.3486666666666],[68.60499999999999,775.3486666666666],[68.60499999999999,754.6513333333334]]]}},{"type":"Feature","id":"P0613","properties":{"id":"P0613","layer":"ordinary_parcel","zoneId":"UF04","blockId":"B031","compatibleForms":["U08","U09","U07","U02","U10"]},"geometry":{"type":"Polygon","coordinates":[[[-38.954,776.438],[-14.406000000000006,776.438],[-14.406000000000006,797.1353333333333],[-38.954,797.1353333333333],[-38.954,776.438]]]}},{"type":"Feature","id":"P0614","properties":{"id":"P0614","layer":"ordinary_parcel","zoneId":"UF04","blockId":"B031","compatibleForms":["U08","U09","U07","U02","U10"]},"geometry":{"type":"Polygon","coordinates":[[[-13.114000000000004,776.438],[11.43399999999999,776.438],[11.43399999999999,797.1353333333333],[-13.114000000000004,797.1353333333333],[-13.114000000000004,776.438]]]}},{"type":"Feature","id":"P0615","properties":{"id":"P0615","layer":"ordinary_parcel","zoneId":"UF04","blockId":"B031","compatibleForms":["U08","U09","U07","U02","U10"]},"geometry":{"type":"Polygon","coordinates":[[[12.725999999999992,776.438],[37.273999999999994,776.438],[37.273999999999994,797.1353333333333],[12.725999999999992,797.1353333333333],[12.725999999999992,776.438]]]}},{"type":"Feature","id":"P0616","properties":{"id":"P0616","layer":"ordinary_parcel","zoneId":"UF04","blockId":"B031","compatibleForms":["U08","U09","U07","U02","U10"]},"geometry":{"type":"Polygon","coordinates":[[[38.565999999999995,776.438],[63.11399999999998,776.438],[63.11399999999998,797.1353333333333],[38.565999999999995,797.1353333333333],[38.565999999999995,776.438]]]}},{"type":"Feature","id":"P0617","properties":{"id":"P0617","layer":"ordinary_parcel","zoneId":"UF04","blockId":"B031","compatibleForms":["U08","U09","U07","U02","U10"]},"geometry":{"type":"Polygon","coordinates":[[[64.40599999999998,776.438],[88.954,776.438],[88.954,797.1353333333333],[64.40599999999998,797.1353333333333],[64.40599999999998,776.438]]]}},{"type":"Feature","id":"B032","properties":{"id":"B032","layer":"block_cluster","zoneId":"UF04","sequenceInZone":4},"geometry":{"type":"Polygon","coordinates":[[[130.4,732.32],[259.6,732.32],[259.6,797.68],[130.4,797.68],[130.4,732.32]]]}},{"type":"Feature","id":"P0618","properties":{"id":"P0618","layer":"ordinary_parcel","zoneId":"UF04","blockId":"B032","compatibleForms":["U08","U09","U07","U02","U10"]},"geometry":{"type":"Polygon","coordinates":[[[130.93833333333333,732.8646666666667],[151.395,732.8646666666667],[151.395,753.562],[130.93833333333333,753.562],[130.93833333333333,732.8646666666667]]]}},{"type":"Feature","id":"P0619","properties":{"id":"P0619","layer":"ordinary_parcel","zoneId":"UF04","blockId":"B032","compatibleForms":["U08","U09","U07","U02","U10"]},"geometry":{"type":"Polygon","coordinates":[[[152.47166666666666,732.8646666666667],[172.92833333333334,732.8646666666667],[172.92833333333334,753.562],[152.47166666666666,753.562],[152.47166666666666,732.8646666666667]]]}},{"type":"Feature","id":"P0620","properties":{"id":"P0620","layer":"ordinary_parcel","zoneId":"UF04","blockId":"B032","compatibleForms":["U08","U09","U07","U02","U10"]},"geometry":{"type":"Polygon","coordinates":[[[174.005,732.8646666666667],[194.46166666666667,732.8646666666667],[194.46166666666667,753.562],[174.005,753.562],[174.005,732.8646666666667]]]}},{"type":"Feature","id":"P0621","properties":{"id":"P0621","layer":"ordinary_parcel","zoneId":"UF04","blockId":"B032","compatibleForms":["U08","U09","U07","U02","U10"]},"geometry":{"type":"Polygon","coordinates":[[[195.53833333333333,732.8646666666667],[215.99500000000003,732.8646666666667],[215.99500000000003,753.562],[195.53833333333333,753.562],[195.53833333333333,732.8646666666667]]]}},{"type":"Feature","id":"P0622","properties":{"id":"P0622","layer":"ordinary_parcel","zoneId":"UF04","blockId":"B032","compatibleForms":["U08","U09","U07","U02","U10"]},"geometry":{"type":"Polygon","coordinates":[[[217.0716666666667,732.8646666666667],[237.52833333333336,732.8646666666667],[237.52833333333336,753.562],[217.0716666666667,753.562],[217.0716666666667,732.8646666666667]]]}},{"type":"Feature","id":"P0623","properties":{"id":"P0623","layer":"ordinary_parcel","zoneId":"UF04","blockId":"B032","compatibleForms":["U08","U09","U07","U02","U10"]},"geometry":{"type":"Polygon","coordinates":[[[238.60500000000002,732.8646666666667],[259.06166666666667,732.8646666666667],[259.06166666666667,753.562],[238.60500000000002,753.562],[238.60500000000002,732.8646666666667]]]}},{"type":"Feature","id":"P0624","properties":{"id":"P0624","layer":"ordinary_parcel","zoneId":"UF04","blockId":"B032","compatibleForms":["U08","U09","U07","U02","U10"]},"geometry":{"type":"Polygon","coordinates":[[[130.93833333333333,754.6513333333334],[151.395,754.6513333333334],[151.395,775.3486666666666],[130.93833333333333,775.3486666666666],[130.93833333333333,754.6513333333334]]]}},{"type":"Feature","id":"P0625","properties":{"id":"P0625","layer":"ordinary_parcel","zoneId":"UF04","blockId":"B032","compatibleForms":["U08","U09","U07","U02","U10"]},"geometry":{"type":"Polygon","coordinates":[[[152.47166666666666,754.6513333333334],[172.92833333333334,754.6513333333334],[172.92833333333334,775.3486666666666],[152.47166666666666,775.3486666666666],[152.47166666666666,754.6513333333334]]]}},{"type":"Feature","id":"P0626","properties":{"id":"P0626","layer":"ordinary_parcel","zoneId":"UF04","blockId":"B032","compatibleForms":["U08","U09","U07","U02","U10"]},"geometry":{"type":"Polygon","coordinates":[[[174.005,754.6513333333334],[194.46166666666667,754.6513333333334],[194.46166666666667,775.3486666666666],[174.005,775.3486666666666],[174.005,754.6513333333334]]]}},{"type":"Feature","id":"P0627","properties":{"id":"P0627","layer":"ordinary_parcel","zoneId":"UF04","blockId":"B032","compatibleForms":["U08","U09","U07","U02","U10"]},"geometry":{"type":"Polygon","coordinates":[[[195.53833333333333,754.6513333333334],[215.99500000000003,754.6513333333334],[215.99500000000003,775.3486666666666],[195.53833333333333,775.3486666666666],[195.53833333333333,754.6513333333334]]]}},{"type":"Feature","id":"P0628","properties":{"id":"P0628","layer":"ordinary_parcel","zoneId":"UF04","blockId":"B032","compatibleForms":["U08","U09","U07","U02","U10"]},"geometry":{"type":"Polygon","coordinates":[[[217.0716666666667,754.6513333333334],[237.52833333333336,754.6513333333334],[237.52833333333336,775.3486666666666],[217.0716666666667,775.3486666666666],[217.0716666666667,754.6513333333334]]]}},{"type":"Feature","id":"P0629","properties":{"id":"P0629","layer":"ordinary_parcel","zoneId":"UF04","blockId":"B032","compatibleForms":["U08","U09","U07","U02","U10"]},"geometry":{"type":"Polygon","coordinates":[[[238.60500000000002,754.6513333333334],[259.06166666666667,754.6513333333334],[259.06166666666667,775.3486666666666],[238.60500000000002,775.3486666666666],[238.60500000000002,754.6513333333334]]]}},{"type":"Feature","id":"P0630","properties":{"id":"P0630","layer":"ordinary_parcel","zoneId":"UF04","blockId":"B032","compatibleForms":["U08","U09","U07","U02","U10"]},"geometry":{"type":"Polygon","coordinates":[[[131.046,776.438],[155.59400000000002,776.438],[155.59400000000002,797.1353333333333],[131.046,797.1353333333333],[131.046,776.438]]]}},{"type":"Feature","id":"P0631","properties":{"id":"P0631","layer":"ordinary_parcel","zoneId":"UF04","blockId":"B032","compatibleForms":["U08","U09","U07","U02","U10"]},"geometry":{"type":"Polygon","coordinates":[[[156.886,776.438],[181.43400000000003,776.438],[181.43400000000003,797.1353333333333],[156.886,797.1353333333333],[156.886,776.438]]]}},{"type":"Feature","id":"P0632","properties":{"id":"P0632","layer":"ordinary_parcel","zoneId":"UF04","blockId":"B032","compatibleForms":["U08","U09","U07","U02","U10"]},"geometry":{"type":"Polygon","coordinates":[[[182.726,776.438],[207.27400000000003,776.438],[207.27400000000003,797.1353333333333],[182.726,797.1353333333333],[182.726,776.438]]]}},{"type":"Feature","id":"P0633","properties":{"id":"P0633","layer":"ordinary_parcel","zoneId":"UF04","blockId":"B032","compatibleForms":["U08","U09","U07","U02","U10"]},"geometry":{"type":"Polygon","coordinates":[[[208.566,776.438],[233.11400000000003,776.438],[233.11400000000003,797.1353333333333],[208.566,797.1353333333333],[208.566,776.438]]]}},{"type":"Feature","id":"P0634","properties":{"id":"P0634","layer":"ordinary_parcel","zoneId":"UF04","blockId":"B032","compatibleForms":["U08","U09","U07","U02","U10"]},"geometry":{"type":"Polygon","coordinates":[[[234.406,776.438],[258.954,776.438],[258.954,797.1353333333333],[234.406,797.1353333333333],[234.406,776.438]]]}},{"type":"Feature","id":"B033","properties":{"id":"B033","layer":"block_cluster","zoneId":"UF04","sequenceInZone":5},"geometry":{"type":"Polygon","coordinates":[[[300.4,732.32],[429.6,732.32],[429.6,797.68],[300.4,797.68],[300.4,732.32]]]}},{"type":"Feature","id":"P0635","properties":{"id":"P0635","layer":"ordinary_parcel","zoneId":"UF04","blockId":"B033","compatibleForms":["U08","U09","U07","U02","U10"]},"geometry":{"type":"Polygon","coordinates":[[[300.93833333333333,732.8646666666667],[321.395,732.8646666666667],[321.395,753.562],[300.93833333333333,753.562],[300.93833333333333,732.8646666666667]]]}},{"type":"Feature","id":"P0636","properties":{"id":"P0636","layer":"ordinary_parcel","zoneId":"UF04","blockId":"B033","compatibleForms":["U08","U09","U07","U02","U10"]},"geometry":{"type":"Polygon","coordinates":[[[322.4716666666667,732.8646666666667],[342.9283333333333,732.8646666666667],[342.9283333333333,753.562],[322.4716666666667,753.562],[322.4716666666667,732.8646666666667]]]}},{"type":"Feature","id":"P0637","properties":{"id":"P0637","layer":"ordinary_parcel","zoneId":"UF04","blockId":"B033","compatibleForms":["U08","U09","U07","U02","U10"]},"geometry":{"type":"Polygon","coordinates":[[[344.005,732.8646666666667],[364.46166666666664,732.8646666666667],[364.46166666666664,753.562],[344.005,753.562],[344.005,732.8646666666667]]]}},{"type":"Feature","id":"P0638","properties":{"id":"P0638","layer":"ordinary_parcel","zoneId":"UF04","blockId":"B033","compatibleForms":["U08","U09","U07","U02","U10"]},"geometry":{"type":"Polygon","coordinates":[[[365.53833333333336,732.8646666666667],[385.995,732.8646666666667],[385.995,753.562],[365.53833333333336,753.562],[365.53833333333336,732.8646666666667]]]}},{"type":"Feature","id":"P0639","properties":{"id":"P0639","layer":"ordinary_parcel","zoneId":"UF04","blockId":"B033","compatibleForms":["U08","U09","U07","U02","U10"]},"geometry":{"type":"Polygon","coordinates":[[[387.0716666666667,732.8646666666667],[407.5283333333333,732.8646666666667],[407.5283333333333,753.562],[387.0716666666667,753.562],[387.0716666666667,732.8646666666667]]]}},{"type":"Feature","id":"P0640","properties":{"id":"P0640","layer":"ordinary_parcel","zoneId":"UF04","blockId":"B033","compatibleForms":["U08","U09","U07","U02","U10"]},"geometry":{"type":"Polygon","coordinates":[[[408.605,732.8646666666667],[429.06166666666667,732.8646666666667],[429.06166666666667,753.562],[408.605,753.562],[408.605,732.8646666666667]]]}},{"type":"Feature","id":"P0641","properties":{"id":"P0641","layer":"ordinary_parcel","zoneId":"UF04","blockId":"B033","compatibleForms":["U08","U09","U07","U02","U10"]},"geometry":{"type":"Polygon","coordinates":[[[300.93833333333333,754.6513333333334],[321.395,754.6513333333334],[321.395,775.3486666666666],[300.93833333333333,775.3486666666666],[300.93833333333333,754.6513333333334]]]}},{"type":"Feature","id":"P0642","properties":{"id":"P0642","layer":"ordinary_parcel","zoneId":"UF04","blockId":"B033","compatibleForms":["U08","U09","U07","U02","U10"]},"geometry":{"type":"Polygon","coordinates":[[[322.4716666666667,754.6513333333334],[342.9283333333333,754.6513333333334],[342.9283333333333,775.3486666666666],[322.4716666666667,775.3486666666666],[322.4716666666667,754.6513333333334]]]}},{"type":"Feature","id":"P0643","properties":{"id":"P0643","layer":"ordinary_parcel","zoneId":"UF04","blockId":"B033","compatibleForms":["U08","U09","U07","U02","U10"]},"geometry":{"type":"Polygon","coordinates":[[[344.005,754.6513333333334],[364.46166666666664,754.6513333333334],[364.46166666666664,775.3486666666666],[344.005,775.3486666666666],[344.005,754.6513333333334]]]}},{"type":"Feature","id":"P0644","properties":{"id":"P0644","layer":"ordinary_parcel","zoneId":"UF04","blockId":"B033","compatibleForms":["U08","U09","U07","U02","U10"]},"geometry":{"type":"Polygon","coordinates":[[[365.53833333333336,754.6513333333334],[385.995,754.6513333333334],[385.995,775.3486666666666],[365.53833333333336,775.3486666666666],[365.53833333333336,754.6513333333334]]]}},{"type":"Feature","id":"P0645","properties":{"id":"P0645","layer":"ordinary_parcel","zoneId":"UF04","blockId":"B033","compatibleForms":["U08","U09","U07","U02","U10"]},"geometry":{"type":"Polygon","coordinates":[[[387.0716666666667,754.6513333333334],[407.5283333333333,754.6513333333334],[407.5283333333333,775.3486666666666],[387.0716666666667,775.3486666666666],[387.0716666666667,754.6513333333334]]]}},{"type":"Feature","id":"P0646","properties":{"id":"P0646","layer":"ordinary_parcel","zoneId":"UF04","blockId":"B033","compatibleForms":["U08","U09","U07","U02","U10"]},"geometry":{"type":"Polygon","coordinates":[[[408.605,754.6513333333334],[429.06166666666667,754.6513333333334],[429.06166666666667,775.3486666666666],[408.605,775.3486666666666],[408.605,754.6513333333334]]]}},{"type":"Feature","id":"P0647","properties":{"id":"P0647","layer":"ordinary_parcel","zoneId":"UF04","blockId":"B033","compatibleForms":["U08","U09","U07","U02","U10"]},"geometry":{"type":"Polygon","coordinates":[[[301.046,776.438],[325.594,776.438],[325.594,797.1353333333333],[301.046,797.1353333333333],[301.046,776.438]]]}},{"type":"Feature","id":"P0648","properties":{"id":"P0648","layer":"ordinary_parcel","zoneId":"UF04","blockId":"B033","compatibleForms":["U08","U09","U07","U02","U10"]},"geometry":{"type":"Polygon","coordinates":[[[326.886,776.438],[351.43399999999997,776.438],[351.43399999999997,797.1353333333333],[326.886,797.1353333333333],[326.886,776.438]]]}},{"type":"Feature","id":"P0649","properties":{"id":"P0649","layer":"ordinary_parcel","zoneId":"UF04","blockId":"B033","compatibleForms":["U08","U09","U07","U02","U10"]},"geometry":{"type":"Polygon","coordinates":[[[352.726,776.438],[377.274,776.438],[377.274,797.1353333333333],[352.726,797.1353333333333],[352.726,776.438]]]}},{"type":"Feature","id":"P0650","properties":{"id":"P0650","layer":"ordinary_parcel","zoneId":"UF04","blockId":"B033","compatibleForms":["U08","U09","U07","U02","U10"]},"geometry":{"type":"Polygon","coordinates":[[[378.56600000000003,776.438],[403.114,776.438],[403.114,797.1353333333333],[378.56600000000003,797.1353333333333],[378.56600000000003,776.438]]]}},{"type":"Feature","id":"P0651","properties":{"id":"P0651","layer":"ordinary_parcel","zoneId":"UF04","blockId":"B033","compatibleForms":["U08","U09","U07","U02","U10"]},"geometry":{"type":"Polygon","coordinates":[[[404.406,776.438],[428.954,776.438],[428.954,797.1353333333333],[404.406,797.1353333333333],[404.406,776.438]]]}},{"type":"Feature","id":"B034","properties":{"id":"B034","layer":"block_cluster","zoneId":"UF04","sequenceInZone":6},"geometry":{"type":"Polygon","coordinates":[[[130.4,818.32],[259.6,818.32],[259.6,883.68],[130.4,883.68],[130.4,818.32]]]}},{"type":"Feature","id":"P0652","properties":{"id":"P0652","layer":"ordinary_parcel","zoneId":"UF04","blockId":"B034","compatibleForms":["U08","U09","U07","U02","U10"]},"geometry":{"type":"Polygon","coordinates":[[[130.93833333333333,818.8646666666667],[151.395,818.8646666666667],[151.395,839.562],[130.93833333333333,839.562],[130.93833333333333,818.8646666666667]]]}},{"type":"Feature","id":"P0653","properties":{"id":"P0653","layer":"ordinary_parcel","zoneId":"UF04","blockId":"B034","compatibleForms":["U08","U09","U07","U02","U10"]},"geometry":{"type":"Polygon","coordinates":[[[152.47166666666666,818.8646666666667],[172.92833333333334,818.8646666666667],[172.92833333333334,839.562],[152.47166666666666,839.562],[152.47166666666666,818.8646666666667]]]}},{"type":"Feature","id":"P0654","properties":{"id":"P0654","layer":"ordinary_parcel","zoneId":"UF04","blockId":"B034","compatibleForms":["U08","U09","U07","U02","U10"]},"geometry":{"type":"Polygon","coordinates":[[[174.005,818.8646666666667],[194.46166666666667,818.8646666666667],[194.46166666666667,839.562],[174.005,839.562],[174.005,818.8646666666667]]]}},{"type":"Feature","id":"P0655","properties":{"id":"P0655","layer":"ordinary_parcel","zoneId":"UF04","blockId":"B034","compatibleForms":["U08","U09","U07","U02","U10"]},"geometry":{"type":"Polygon","coordinates":[[[195.53833333333333,818.8646666666667],[215.99500000000003,818.8646666666667],[215.99500000000003,839.562],[195.53833333333333,839.562],[195.53833333333333,818.8646666666667]]]}},{"type":"Feature","id":"P0656","properties":{"id":"P0656","layer":"ordinary_parcel","zoneId":"UF04","blockId":"B034","compatibleForms":["U08","U09","U07","U02","U10"]},"geometry":{"type":"Polygon","coordinates":[[[217.0716666666667,818.8646666666667],[237.52833333333336,818.8646666666667],[237.52833333333336,839.562],[217.0716666666667,839.562],[217.0716666666667,818.8646666666667]]]}},{"type":"Feature","id":"P0657","properties":{"id":"P0657","layer":"ordinary_parcel","zoneId":"UF04","blockId":"B034","compatibleForms":["U08","U09","U07","U02","U10"]},"geometry":{"type":"Polygon","coordinates":[[[238.60500000000002,818.8646666666667],[259.06166666666667,818.8646666666667],[259.06166666666667,839.562],[238.60500000000002,839.562],[238.60500000000002,818.8646666666667]]]}},{"type":"Feature","id":"P0658","properties":{"id":"P0658","layer":"ordinary_parcel","zoneId":"UF04","blockId":"B034","compatibleForms":["U08","U09","U07","U02","U10"]},"geometry":{"type":"Polygon","coordinates":[[[130.93833333333333,840.6513333333334],[151.395,840.6513333333334],[151.395,861.3486666666666],[130.93833333333333,861.3486666666666],[130.93833333333333,840.6513333333334]]]}},{"type":"Feature","id":"P0659","properties":{"id":"P0659","layer":"ordinary_parcel","zoneId":"UF04","blockId":"B034","compatibleForms":["U08","U09","U07","U02","U10"]},"geometry":{"type":"Polygon","coordinates":[[[152.47166666666666,840.6513333333334],[172.92833333333334,840.6513333333334],[172.92833333333334,861.3486666666666],[152.47166666666666,861.3486666666666],[152.47166666666666,840.6513333333334]]]}},{"type":"Feature","id":"P0660","properties":{"id":"P0660","layer":"ordinary_parcel","zoneId":"UF04","blockId":"B034","compatibleForms":["U08","U09","U07","U02","U10"]},"geometry":{"type":"Polygon","coordinates":[[[174.005,840.6513333333334],[194.46166666666667,840.6513333333334],[194.46166666666667,861.3486666666666],[174.005,861.3486666666666],[174.005,840.6513333333334]]]}},{"type":"Feature","id":"P0661","properties":{"id":"P0661","layer":"ordinary_parcel","zoneId":"UF04","blockId":"B034","compatibleForms":["U08","U09","U07","U02","U10"]},"geometry":{"type":"Polygon","coordinates":[[[195.53833333333333,840.6513333333334],[215.99500000000003,840.6513333333334],[215.99500000000003,861.3486666666666],[195.53833333333333,861.3486666666666],[195.53833333333333,840.6513333333334]]]}},{"type":"Feature","id":"P0662","properties":{"id":"P0662","layer":"ordinary_parcel","zoneId":"UF04","blockId":"B034","compatibleForms":["U08","U09","U07","U02","U10"]},"geometry":{"type":"Polygon","coordinates":[[[217.0716666666667,840.6513333333334],[237.52833333333336,840.6513333333334],[237.52833333333336,861.3486666666666],[217.0716666666667,861.3486666666666],[217.0716666666667,840.6513333333334]]]}},{"type":"Feature","id":"P0663","properties":{"id":"P0663","layer":"ordinary_parcel","zoneId":"UF04","blockId":"B034","compatibleForms":["U08","U09","U07","U02","U10"]},"geometry":{"type":"Polygon","coordinates":[[[238.60500000000002,840.6513333333334],[259.06166666666667,840.6513333333334],[259.06166666666667,861.3486666666666],[238.60500000000002,861.3486666666666],[238.60500000000002,840.6513333333334]]]}},{"type":"Feature","id":"P0664","properties":{"id":"P0664","layer":"ordinary_parcel","zoneId":"UF04","blockId":"B034","compatibleForms":["U08","U09","U07","U02","U10"]},"geometry":{"type":"Polygon","coordinates":[[[131.046,862.438],[155.59400000000002,862.438],[155.59400000000002,883.1353333333333],[131.046,883.1353333333333],[131.046,862.438]]]}},{"type":"Feature","id":"P0665","properties":{"id":"P0665","layer":"ordinary_parcel","zoneId":"UF04","blockId":"B034","compatibleForms":["U08","U09","U07","U02","U10"]},"geometry":{"type":"Polygon","coordinates":[[[156.886,862.438],[181.43400000000003,862.438],[181.43400000000003,883.1353333333333],[156.886,883.1353333333333],[156.886,862.438]]]}},{"type":"Feature","id":"P0666","properties":{"id":"P0666","layer":"ordinary_parcel","zoneId":"UF04","blockId":"B034","compatibleForms":["U08","U09","U07","U02","U10"]},"geometry":{"type":"Polygon","coordinates":[[[182.726,862.438],[207.27400000000003,862.438],[207.27400000000003,883.1353333333333],[182.726,883.1353333333333],[182.726,862.438]]]}},{"type":"Feature","id":"P0667","properties":{"id":"P0667","layer":"ordinary_parcel","zoneId":"UF04","blockId":"B034","compatibleForms":["U08","U09","U07","U02","U10"]},"geometry":{"type":"Polygon","coordinates":[[[208.566,862.438],[233.11400000000003,862.438],[233.11400000000003,883.1353333333333],[208.566,883.1353333333333],[208.566,862.438]]]}},{"type":"Feature","id":"P0668","properties":{"id":"P0668","layer":"ordinary_parcel","zoneId":"UF04","blockId":"B034","compatibleForms":["U08","U09","U07","U02","U10"]},"geometry":{"type":"Polygon","coordinates":[[[234.406,862.438],[258.954,862.438],[258.954,883.1353333333333],[234.406,883.1353333333333],[234.406,862.438]]]}},{"type":"Feature","id":"B035","properties":{"id":"B035","layer":"block_cluster","zoneId":"UF04","sequenceInZone":7},"geometry":{"type":"Polygon","coordinates":[[[300.4,818.32],[429.6,818.32],[429.6,883.68],[300.4,883.68],[300.4,818.32]]]}},{"type":"Feature","id":"P0669","properties":{"id":"P0669","layer":"ordinary_parcel","zoneId":"UF04","blockId":"B035","compatibleForms":["U08","U09","U07","U02","U10"]},"geometry":{"type":"Polygon","coordinates":[[[300.93833333333333,818.8646666666667],[321.395,818.8646666666667],[321.395,839.562],[300.93833333333333,839.562],[300.93833333333333,818.8646666666667]]]}},{"type":"Feature","id":"P0670","properties":{"id":"P0670","layer":"ordinary_parcel","zoneId":"UF04","blockId":"B035","compatibleForms":["U08","U09","U07","U02","U10"]},"geometry":{"type":"Polygon","coordinates":[[[322.4716666666667,818.8646666666667],[342.9283333333333,818.8646666666667],[342.9283333333333,839.562],[322.4716666666667,839.562],[322.4716666666667,818.8646666666667]]]}},{"type":"Feature","id":"P0671","properties":{"id":"P0671","layer":"ordinary_parcel","zoneId":"UF04","blockId":"B035","compatibleForms":["U08","U09","U07","U02","U10"]},"geometry":{"type":"Polygon","coordinates":[[[344.005,818.8646666666667],[364.46166666666664,818.8646666666667],[364.46166666666664,839.562],[344.005,839.562],[344.005,818.8646666666667]]]}},{"type":"Feature","id":"P0672","properties":{"id":"P0672","layer":"ordinary_parcel","zoneId":"UF04","blockId":"B035","compatibleForms":["U08","U09","U07","U02","U10"]},"geometry":{"type":"Polygon","coordinates":[[[365.53833333333336,818.8646666666667],[385.995,818.8646666666667],[385.995,839.562],[365.53833333333336,839.562],[365.53833333333336,818.8646666666667]]]}},{"type":"Feature","id":"P0673","properties":{"id":"P0673","layer":"ordinary_parcel","zoneId":"UF04","blockId":"B035","compatibleForms":["U08","U09","U07","U02","U10"]},"geometry":{"type":"Polygon","coordinates":[[[387.0716666666667,818.8646666666667],[407.5283333333333,818.8646666666667],[407.5283333333333,839.562],[387.0716666666667,839.562],[387.0716666666667,818.8646666666667]]]}},{"type":"Feature","id":"P0674","properties":{"id":"P0674","layer":"ordinary_parcel","zoneId":"UF04","blockId":"B035","compatibleForms":["U08","U09","U07","U02","U10"]},"geometry":{"type":"Polygon","coordinates":[[[408.605,818.8646666666667],[429.06166666666667,818.8646666666667],[429.06166666666667,839.562],[408.605,839.562],[408.605,818.8646666666667]]]}},{"type":"Feature","id":"P0675","properties":{"id":"P0675","layer":"ordinary_parcel","zoneId":"UF04","blockId":"B035","compatibleForms":["U08","U09","U07","U02","U10"]},"geometry":{"type":"Polygon","coordinates":[[[300.93833333333333,840.6513333333334],[321.395,840.6513333333334],[321.395,861.3486666666666],[300.93833333333333,861.3486666666666],[300.93833333333333,840.6513333333334]]]}},{"type":"Feature","id":"P0676","properties":{"id":"P0676","layer":"ordinary_parcel","zoneId":"UF04","blockId":"B035","compatibleForms":["U08","U09","U07","U02","U10"]},"geometry":{"type":"Polygon","coordinates":[[[322.4716666666667,840.6513333333334],[342.9283333333333,840.6513333333334],[342.9283333333333,861.3486666666666],[322.4716666666667,861.3486666666666],[322.4716666666667,840.6513333333334]]]}},{"type":"Feature","id":"P0677","properties":{"id":"P0677","layer":"ordinary_parcel","zoneId":"UF04","blockId":"B035","compatibleForms":["U08","U09","U07","U02","U10"]},"geometry":{"type":"Polygon","coordinates":[[[344.005,840.6513333333334],[364.46166666666664,840.6513333333334],[364.46166666666664,861.3486666666666],[344.005,861.3486666666666],[344.005,840.6513333333334]]]}},{"type":"Feature","id":"P0678","properties":{"id":"P0678","layer":"ordinary_parcel","zoneId":"UF04","blockId":"B035","compatibleForms":["U08","U09","U07","U02","U10"]},"geometry":{"type":"Polygon","coordinates":[[[365.53833333333336,840.6513333333334],[385.995,840.6513333333334],[385.995,861.3486666666666],[365.53833333333336,861.3486666666666],[365.53833333333336,840.6513333333334]]]}},{"type":"Feature","id":"P0679","properties":{"id":"P0679","layer":"ordinary_parcel","zoneId":"UF04","blockId":"B035","compatibleForms":["U08","U09","U07","U02","U10"]},"geometry":{"type":"Polygon","coordinates":[[[387.0716666666667,840.6513333333334],[407.5283333333333,840.6513333333334],[407.5283333333333,861.3486666666666],[387.0716666666667,861.3486666666666],[387.0716666666667,840.6513333333334]]]}},{"type":"Feature","id":"P0680","properties":{"id":"P0680","layer":"ordinary_parcel","zoneId":"UF04","blockId":"B035","compatibleForms":["U08","U09","U07","U02","U10"]},"geometry":{"type":"Polygon","coordinates":[[[408.605,840.6513333333334],[429.06166666666667,840.6513333333334],[429.06166666666667,861.3486666666666],[408.605,861.3486666666666],[408.605,840.6513333333334]]]}},{"type":"Feature","id":"P0681","properties":{"id":"P0681","layer":"ordinary_parcel","zoneId":"UF04","blockId":"B035","compatibleForms":["U08","U09","U07","U02","U10"]},"geometry":{"type":"Polygon","coordinates":[[[301.046,862.438],[325.594,862.438],[325.594,883.1353333333333],[301.046,883.1353333333333],[301.046,862.438]]]}},{"type":"Feature","id":"P0682","properties":{"id":"P0682","layer":"ordinary_parcel","zoneId":"UF04","blockId":"B035","compatibleForms":["U08","U09","U07","U02","U10"]},"geometry":{"type":"Polygon","coordinates":[[[326.886,862.438],[351.43399999999997,862.438],[351.43399999999997,883.1353333333333],[326.886,883.1353333333333],[326.886,862.438]]]}},{"type":"Feature","id":"P0683","properties":{"id":"P0683","layer":"ordinary_parcel","zoneId":"UF04","blockId":"B035","compatibleForms":["U08","U09","U07","U02","U10"]},"geometry":{"type":"Polygon","coordinates":[[[352.726,862.438],[377.274,862.438],[377.274,883.1353333333333],[352.726,883.1353333333333],[352.726,862.438]]]}},{"type":"Feature","id":"P0684","properties":{"id":"P0684","layer":"ordinary_parcel","zoneId":"UF04","blockId":"B035","compatibleForms":["U08","U09","U07","U02","U10"]},"geometry":{"type":"Polygon","coordinates":[[[378.56600000000003,862.438],[403.114,862.438],[403.114,883.1353333333333],[378.56600000000003,883.1353333333333],[378.56600000000003,862.438]]]}},{"type":"Feature","id":"P0685","properties":{"id":"P0685","layer":"ordinary_parcel","zoneId":"UF04","blockId":"B035","compatibleForms":["U08","U09","U07","U02","U10"]},"geometry":{"type":"Polygon","coordinates":[[[404.406,862.438],[428.954,862.438],[428.954,883.1353333333333],[404.406,883.1353333333333],[404.406,862.438]]]}},{"type":"Feature","id":"B036","properties":{"id":"B036","layer":"block_cluster","zoneId":"UF05","sequenceInZone":1},"geometry":{"type":"Polygon","coordinates":[[[116.8,639.6],[223.2,639.6],[223.2,673.2571428571429],[116.8,673.2571428571429],[116.8,639.6]]]}},{"type":"Feature","id":"P0686","properties":{"id":"P0686","layer":"ordinary_parcel","zoneId":"UF05","blockId":"B036","compatibleForms":["U02","U07","U01","U03","U08"]},"geometry":{"type":"Polygon","coordinates":[[[117.09555555555555,640.0207142857143],[128.32666666666665,640.0207142857143],[128.32666666666665,656.0078571428571],[117.09555555555555,656.0078571428571],[117.09555555555555,640.0207142857143]]]}},{"type":"Feature","id":"P0687","properties":{"id":"P0687","layer":"ordinary_parcel","zoneId":"UF05","blockId":"B036","compatibleForms":["U02","U07","U01","U03","U08"]},"geometry":{"type":"Polygon","coordinates":[[[128.91777777777776,640.0207142857143],[140.14888888888888,640.0207142857143],[140.14888888888888,656.0078571428571],[128.91777777777776,656.0078571428571],[128.91777777777776,640.0207142857143]]]}},{"type":"Feature","id":"P0688","properties":{"id":"P0688","layer":"ordinary_parcel","zoneId":"UF05","blockId":"B036","compatibleForms":["U02","U07","U01","U03","U08"]},"geometry":{"type":"Polygon","coordinates":[[[140.73999999999998,640.0207142857143],[151.9711111111111,640.0207142857143],[151.9711111111111,656.0078571428571],[140.73999999999998,656.0078571428571],[140.73999999999998,640.0207142857143]]]}},{"type":"Feature","id":"P0689","properties":{"id":"P0689","layer":"ordinary_parcel","zoneId":"UF05","blockId":"B036","compatibleForms":["U02","U07","U01","U03","U08"]},"geometry":{"type":"Polygon","coordinates":[[[152.5622222222222,640.0207142857143],[163.79333333333332,640.0207142857143],[163.79333333333332,656.0078571428571],[152.5622222222222,656.0078571428571],[152.5622222222222,640.0207142857143]]]}},{"type":"Feature","id":"P0690","properties":{"id":"P0690","layer":"ordinary_parcel","zoneId":"UF05","blockId":"B036","compatibleForms":["U02","U07","U01","U03","U08"]},"geometry":{"type":"Polygon","coordinates":[[[164.38444444444443,640.0207142857143],[175.61555555555555,640.0207142857143],[175.61555555555555,656.0078571428571],[164.38444444444443,656.0078571428571],[164.38444444444443,640.0207142857143]]]}},{"type":"Feature","id":"P0691","properties":{"id":"P0691","layer":"ordinary_parcel","zoneId":"UF05","blockId":"B036","compatibleForms":["U02","U07","U01","U03","U08"]},"geometry":{"type":"Polygon","coordinates":[[[176.20666666666665,640.0207142857143],[187.4377777777778,640.0207142857143],[187.4377777777778,656.0078571428571],[176.20666666666665,656.0078571428571],[176.20666666666665,640.0207142857143]]]}},{"type":"Feature","id":"P0692","properties":{"id":"P0692","layer":"ordinary_parcel","zoneId":"UF05","blockId":"B036","compatibleForms":["U02","U07","U01","U03","U08"]},"geometry":{"type":"Polygon","coordinates":[[[188.0288888888889,640.0207142857143],[199.26,640.0207142857143],[199.26,656.0078571428571],[188.0288888888889,656.0078571428571],[188.0288888888889,640.0207142857143]]]}},{"type":"Feature","id":"P0693","properties":{"id":"P0693","layer":"ordinary_parcel","zoneId":"UF05","blockId":"B036","compatibleForms":["U02","U07","U01","U03","U08"]},"geometry":{"type":"Polygon","coordinates":[[[199.8511111111111,640.0207142857143],[211.0822222222222,640.0207142857143],[211.0822222222222,656.0078571428571],[199.8511111111111,656.0078571428571],[199.8511111111111,640.0207142857143]]]}},{"type":"Feature","id":"P0694","properties":{"id":"P0694","layer":"ordinary_parcel","zoneId":"UF05","blockId":"B036","compatibleForms":["U02","U07","U01","U03","U08"]},"geometry":{"type":"Polygon","coordinates":[[[211.67333333333332,640.0207142857143],[222.90444444444444,640.0207142857143],[222.90444444444444,656.0078571428571],[211.67333333333332,656.0078571428571],[211.67333333333332,640.0207142857143]]]}},{"type":"Feature","id":"P0695","properties":{"id":"P0695","layer":"ordinary_parcel","zoneId":"UF05","blockId":"B036","compatibleForms":["U02","U07","U01","U03","U08"]},"geometry":{"type":"Polygon","coordinates":[[[117.09555555555555,656.8492857142858],[128.32666666666665,656.8492857142858],[128.32666666666665,672.8364285714285],[117.09555555555555,672.8364285714285],[117.09555555555555,656.8492857142858]]]}},{"type":"Feature","id":"P0696","properties":{"id":"P0696","layer":"ordinary_parcel","zoneId":"UF05","blockId":"B036","compatibleForms":["U02","U07","U01","U03","U08"]},"geometry":{"type":"Polygon","coordinates":[[[128.91777777777776,656.8492857142858],[140.14888888888888,656.8492857142858],[140.14888888888888,672.8364285714285],[128.91777777777776,672.8364285714285],[128.91777777777776,656.8492857142858]]]}},{"type":"Feature","id":"P0697","properties":{"id":"P0697","layer":"ordinary_parcel","zoneId":"UF05","blockId":"B036","compatibleForms":["U02","U07","U01","U03","U08"]},"geometry":{"type":"Polygon","coordinates":[[[140.73999999999998,656.8492857142858],[151.9711111111111,656.8492857142858],[151.9711111111111,672.8364285714285],[140.73999999999998,672.8364285714285],[140.73999999999998,656.8492857142858]]]}},{"type":"Feature","id":"P0698","properties":{"id":"P0698","layer":"ordinary_parcel","zoneId":"UF05","blockId":"B036","compatibleForms":["U02","U07","U01","U03","U08"]},"geometry":{"type":"Polygon","coordinates":[[[152.5622222222222,656.8492857142858],[163.79333333333332,656.8492857142858],[163.79333333333332,672.8364285714285],[152.5622222222222,672.8364285714285],[152.5622222222222,656.8492857142858]]]}},{"type":"Feature","id":"P0699","properties":{"id":"P0699","layer":"ordinary_parcel","zoneId":"UF05","blockId":"B036","compatibleForms":["U02","U07","U01","U03","U08"]},"geometry":{"type":"Polygon","coordinates":[[[164.38444444444443,656.8492857142858],[175.61555555555555,656.8492857142858],[175.61555555555555,672.8364285714285],[164.38444444444443,672.8364285714285],[164.38444444444443,656.8492857142858]]]}},{"type":"Feature","id":"P0700","properties":{"id":"P0700","layer":"ordinary_parcel","zoneId":"UF05","blockId":"B036","compatibleForms":["U02","U07","U01","U03","U08"]},"geometry":{"type":"Polygon","coordinates":[[[176.20666666666665,656.8492857142858],[187.4377777777778,656.8492857142858],[187.4377777777778,672.8364285714285],[176.20666666666665,672.8364285714285],[176.20666666666665,656.8492857142858]]]}},{"type":"Feature","id":"P0701","properties":{"id":"P0701","layer":"ordinary_parcel","zoneId":"UF05","blockId":"B036","compatibleForms":["U02","U07","U01","U03","U08"]},"geometry":{"type":"Polygon","coordinates":[[[188.0288888888889,656.8492857142858],[199.26,656.8492857142858],[199.26,672.8364285714285],[188.0288888888889,672.8364285714285],[188.0288888888889,656.8492857142858]]]}},{"type":"Feature","id":"P0702","properties":{"id":"P0702","layer":"ordinary_parcel","zoneId":"UF05","blockId":"B036","compatibleForms":["U02","U07","U01","U03","U08"]},"geometry":{"type":"Polygon","coordinates":[[[199.8511111111111,656.8492857142858],[211.0822222222222,656.8492857142858],[211.0822222222222,672.8364285714285],[199.8511111111111,672.8364285714285],[199.8511111111111,656.8492857142858]]]}},{"type":"Feature","id":"P0703","properties":{"id":"P0703","layer":"ordinary_parcel","zoneId":"UF05","blockId":"B036","compatibleForms":["U02","U07","U01","U03","U08"]},"geometry":{"type":"Polygon","coordinates":[[[211.67333333333332,656.8492857142858],[222.90444444444444,656.8492857142858],[222.90444444444444,672.8364285714285],[211.67333333333332,672.8364285714285],[211.67333333333332,656.8492857142858]]]}},{"type":"Feature","id":"B037","properties":{"id":"B037","layer":"block_cluster","zoneId":"UF05","sequenceInZone":2},"geometry":{"type":"Polygon","coordinates":[[[256.8,639.6],[363.2,639.6],[363.2,673.2571428571429],[256.8,673.2571428571429],[256.8,639.6]]]}},{"type":"Feature","id":"P0704","properties":{"id":"P0704","layer":"ordinary_parcel","zoneId":"UF05","blockId":"B037","compatibleForms":["U02","U07","U01","U03","U08"]},"geometry":{"type":"Polygon","coordinates":[[[257.09555555555556,640.0207142857143],[268.32666666666665,640.0207142857143],[268.32666666666665,656.0078571428571],[257.09555555555556,656.0078571428571],[257.09555555555556,640.0207142857143]]]}},{"type":"Feature","id":"P0705","properties":{"id":"P0705","layer":"ordinary_parcel","zoneId":"UF05","blockId":"B037","compatibleForms":["U02","U07","U01","U03","U08"]},"geometry":{"type":"Polygon","coordinates":[[[268.91777777777776,640.0207142857143],[280.1488888888889,640.0207142857143],[280.1488888888889,656.0078571428571],[268.91777777777776,656.0078571428571],[268.91777777777776,640.0207142857143]]]}},{"type":"Feature","id":"P0706","properties":{"id":"P0706","layer":"ordinary_parcel","zoneId":"UF05","blockId":"B037","compatibleForms":["U02","U07","U01","U03","U08"]},"geometry":{"type":"Polygon","coordinates":[[[280.74,640.0207142857143],[291.9711111111111,640.0207142857143],[291.9711111111111,656.0078571428571],[280.74,656.0078571428571],[280.74,640.0207142857143]]]}},{"type":"Feature","id":"P0707","properties":{"id":"P0707","layer":"ordinary_parcel","zoneId":"UF05","blockId":"B037","compatibleForms":["U02","U07","U01","U03","U08"]},"geometry":{"type":"Polygon","coordinates":[[[292.5622222222222,640.0207142857143],[303.79333333333335,640.0207142857143],[303.79333333333335,656.0078571428571],[292.5622222222222,656.0078571428571],[292.5622222222222,640.0207142857143]]]}},{"type":"Feature","id":"P0708","properties":{"id":"P0708","layer":"ordinary_parcel","zoneId":"UF05","blockId":"B037","compatibleForms":["U02","U07","U01","U03","U08"]},"geometry":{"type":"Polygon","coordinates":[[[304.38444444444445,640.0207142857143],[315.61555555555555,640.0207142857143],[315.61555555555555,656.0078571428571],[304.38444444444445,656.0078571428571],[304.38444444444445,640.0207142857143]]]}},{"type":"Feature","id":"P0709","properties":{"id":"P0709","layer":"ordinary_parcel","zoneId":"UF05","blockId":"B037","compatibleForms":["U02","U07","U01","U03","U08"]},"geometry":{"type":"Polygon","coordinates":[[[316.20666666666665,640.0207142857143],[327.4377777777778,640.0207142857143],[327.4377777777778,656.0078571428571],[316.20666666666665,656.0078571428571],[316.20666666666665,640.0207142857143]]]}},{"type":"Feature","id":"P0710","properties":{"id":"P0710","layer":"ordinary_parcel","zoneId":"UF05","blockId":"B037","compatibleForms":["U02","U07","U01","U03","U08"]},"geometry":{"type":"Polygon","coordinates":[[[328.0288888888889,640.0207142857143],[339.26,640.0207142857143],[339.26,656.0078571428571],[328.0288888888889,656.0078571428571],[328.0288888888889,640.0207142857143]]]}},{"type":"Feature","id":"P0711","properties":{"id":"P0711","layer":"ordinary_parcel","zoneId":"UF05","blockId":"B037","compatibleForms":["U02","U07","U01","U03","U08"]},"geometry":{"type":"Polygon","coordinates":[[[339.8511111111111,640.0207142857143],[351.0822222222222,640.0207142857143],[351.0822222222222,656.0078571428571],[339.8511111111111,656.0078571428571],[339.8511111111111,640.0207142857143]]]}},{"type":"Feature","id":"P0712","properties":{"id":"P0712","layer":"ordinary_parcel","zoneId":"UF05","blockId":"B037","compatibleForms":["U02","U07","U01","U03","U08"]},"geometry":{"type":"Polygon","coordinates":[[[351.6733333333333,640.0207142857143],[362.90444444444444,640.0207142857143],[362.90444444444444,656.0078571428571],[351.6733333333333,656.0078571428571],[351.6733333333333,640.0207142857143]]]}},{"type":"Feature","id":"P0713","properties":{"id":"P0713","layer":"ordinary_parcel","zoneId":"UF05","blockId":"B037","compatibleForms":["U02","U07","U01","U03","U08"]},"geometry":{"type":"Polygon","coordinates":[[[257.09555555555556,656.8492857142858],[268.32666666666665,656.8492857142858],[268.32666666666665,672.8364285714285],[257.09555555555556,672.8364285714285],[257.09555555555556,656.8492857142858]]]}},{"type":"Feature","id":"P0714","properties":{"id":"P0714","layer":"ordinary_parcel","zoneId":"UF05","blockId":"B037","compatibleForms":["U02","U07","U01","U03","U08"]},"geometry":{"type":"Polygon","coordinates":[[[268.91777777777776,656.8492857142858],[280.1488888888889,656.8492857142858],[280.1488888888889,672.8364285714285],[268.91777777777776,672.8364285714285],[268.91777777777776,656.8492857142858]]]}},{"type":"Feature","id":"P0715","properties":{"id":"P0715","layer":"ordinary_parcel","zoneId":"UF05","blockId":"B037","compatibleForms":["U02","U07","U01","U03","U08"]},"geometry":{"type":"Polygon","coordinates":[[[280.74,656.8492857142858],[291.9711111111111,656.8492857142858],[291.9711111111111,672.8364285714285],[280.74,672.8364285714285],[280.74,656.8492857142858]]]}},{"type":"Feature","id":"P0716","properties":{"id":"P0716","layer":"ordinary_parcel","zoneId":"UF05","blockId":"B037","compatibleForms":["U02","U07","U01","U03","U08"]},"geometry":{"type":"Polygon","coordinates":[[[292.5622222222222,656.8492857142858],[303.79333333333335,656.8492857142858],[303.79333333333335,672.8364285714285],[292.5622222222222,672.8364285714285],[292.5622222222222,656.8492857142858]]]}},{"type":"Feature","id":"P0717","properties":{"id":"P0717","layer":"ordinary_parcel","zoneId":"UF05","blockId":"B037","compatibleForms":["U02","U07","U01","U03","U08"]},"geometry":{"type":"Polygon","coordinates":[[[304.38444444444445,656.8492857142858],[315.61555555555555,656.8492857142858],[315.61555555555555,672.8364285714285],[304.38444444444445,672.8364285714285],[304.38444444444445,656.8492857142858]]]}},{"type":"Feature","id":"P0718","properties":{"id":"P0718","layer":"ordinary_parcel","zoneId":"UF05","blockId":"B037","compatibleForms":["U02","U07","U01","U03","U08"]},"geometry":{"type":"Polygon","coordinates":[[[316.20666666666665,656.8492857142858],[327.4377777777778,656.8492857142858],[327.4377777777778,672.8364285714285],[316.20666666666665,672.8364285714285],[316.20666666666665,656.8492857142858]]]}},{"type":"Feature","id":"P0719","properties":{"id":"P0719","layer":"ordinary_parcel","zoneId":"UF05","blockId":"B037","compatibleForms":["U02","U07","U01","U03","U08"]},"geometry":{"type":"Polygon","coordinates":[[[328.0288888888889,656.8492857142858],[339.26,656.8492857142858],[339.26,672.8364285714285],[328.0288888888889,672.8364285714285],[328.0288888888889,656.8492857142858]]]}},{"type":"Feature","id":"P0720","properties":{"id":"P0720","layer":"ordinary_parcel","zoneId":"UF05","blockId":"B037","compatibleForms":["U02","U07","U01","U03","U08"]},"geometry":{"type":"Polygon","coordinates":[[[339.8511111111111,656.8492857142858],[351.0822222222222,656.8492857142858],[351.0822222222222,672.8364285714285],[339.8511111111111,672.8364285714285],[339.8511111111111,656.8492857142858]]]}},{"type":"Feature","id":"P0721","properties":{"id":"P0721","layer":"ordinary_parcel","zoneId":"UF05","blockId":"B037","compatibleForms":["U02","U07","U01","U03","U08"]},"geometry":{"type":"Polygon","coordinates":[[[351.6733333333333,656.8492857142858],[362.90444444444444,656.8492857142858],[362.90444444444444,672.8364285714285],[351.6733333333333,672.8364285714285],[351.6733333333333,656.8492857142858]]]}},{"type":"Feature","id":"B038","properties":{"id":"B038","layer":"block_cluster","zoneId":"UF05","sequenceInZone":3},"geometry":{"type":"Polygon","coordinates":[[[116.8,683.8857142857142],[223.2,683.8857142857142],[223.2,717.5428571428572],[116.8,717.5428571428572],[116.8,683.8857142857142]]]}},{"type":"Feature","id":"P0722","properties":{"id":"P0722","layer":"ordinary_parcel","zoneId":"UF05","blockId":"B038","compatibleForms":["U02","U07","U01","U03","U08"]},"geometry":{"type":"Polygon","coordinates":[[[117.09555555555555,684.3064285714286],[128.32666666666665,684.3064285714286],[128.32666666666665,700.2935714285715],[117.09555555555555,700.2935714285715],[117.09555555555555,684.3064285714286]]]}},{"type":"Feature","id":"P0723","properties":{"id":"P0723","layer":"ordinary_parcel","zoneId":"UF05","blockId":"B038","compatibleForms":["U02","U07","U01","U03","U08"]},"geometry":{"type":"Polygon","coordinates":[[[128.91777777777776,684.3064285714286],[140.14888888888888,684.3064285714286],[140.14888888888888,700.2935714285715],[128.91777777777776,700.2935714285715],[128.91777777777776,684.3064285714286]]]}},{"type":"Feature","id":"P0724","properties":{"id":"P0724","layer":"ordinary_parcel","zoneId":"UF05","blockId":"B038","compatibleForms":["U02","U07","U01","U03","U08"]},"geometry":{"type":"Polygon","coordinates":[[[140.73999999999998,684.3064285714286],[151.9711111111111,684.3064285714286],[151.9711111111111,700.2935714285715],[140.73999999999998,700.2935714285715],[140.73999999999998,684.3064285714286]]]}},{"type":"Feature","id":"P0725","properties":{"id":"P0725","layer":"ordinary_parcel","zoneId":"UF05","blockId":"B038","compatibleForms":["U02","U07","U01","U03","U08"]},"geometry":{"type":"Polygon","coordinates":[[[152.5622222222222,684.3064285714286],[163.79333333333332,684.3064285714286],[163.79333333333332,700.2935714285715],[152.5622222222222,700.2935714285715],[152.5622222222222,684.3064285714286]]]}},{"type":"Feature","id":"P0726","properties":{"id":"P0726","layer":"ordinary_parcel","zoneId":"UF05","blockId":"B038","compatibleForms":["U02","U07","U01","U03","U08"]},"geometry":{"type":"Polygon","coordinates":[[[164.38444444444443,684.3064285714286],[175.61555555555555,684.3064285714286],[175.61555555555555,700.2935714285715],[164.38444444444443,700.2935714285715],[164.38444444444443,684.3064285714286]]]}},{"type":"Feature","id":"P0727","properties":{"id":"P0727","layer":"ordinary_parcel","zoneId":"UF05","blockId":"B038","compatibleForms":["U02","U07","U01","U03","U08"]},"geometry":{"type":"Polygon","coordinates":[[[176.20666666666665,684.3064285714286],[187.4377777777778,684.3064285714286],[187.4377777777778,700.2935714285715],[176.20666666666665,700.2935714285715],[176.20666666666665,684.3064285714286]]]}},{"type":"Feature","id":"P0728","properties":{"id":"P0728","layer":"ordinary_parcel","zoneId":"UF05","blockId":"B038","compatibleForms":["U02","U07","U01","U03","U08"]},"geometry":{"type":"Polygon","coordinates":[[[188.0288888888889,684.3064285714286],[199.26,684.3064285714286],[199.26,700.2935714285715],[188.0288888888889,700.2935714285715],[188.0288888888889,684.3064285714286]]]}},{"type":"Feature","id":"P0729","properties":{"id":"P0729","layer":"ordinary_parcel","zoneId":"UF05","blockId":"B038","compatibleForms":["U02","U07","U01","U03","U08"]},"geometry":{"type":"Polygon","coordinates":[[[199.8511111111111,684.3064285714286],[211.0822222222222,684.3064285714286],[211.0822222222222,700.2935714285715],[199.8511111111111,700.2935714285715],[199.8511111111111,684.3064285714286]]]}},{"type":"Feature","id":"P0730","properties":{"id":"P0730","layer":"ordinary_parcel","zoneId":"UF05","blockId":"B038","compatibleForms":["U02","U07","U01","U03","U08"]},"geometry":{"type":"Polygon","coordinates":[[[211.67333333333332,684.3064285714286],[222.90444444444444,684.3064285714286],[222.90444444444444,700.2935714285715],[211.67333333333332,700.2935714285715],[211.67333333333332,684.3064285714286]]]}},{"type":"Feature","id":"P0731","properties":{"id":"P0731","layer":"ordinary_parcel","zoneId":"UF05","blockId":"B038","compatibleForms":["U02","U07","U01","U03","U08"]},"geometry":{"type":"Polygon","coordinates":[[[117.09555555555555,701.1350000000001],[128.32666666666665,701.1350000000001],[128.32666666666665,717.1221428571429],[117.09555555555555,717.1221428571429],[117.09555555555555,701.1350000000001]]]}},{"type":"Feature","id":"P0732","properties":{"id":"P0732","layer":"ordinary_parcel","zoneId":"UF05","blockId":"B038","compatibleForms":["U02","U07","U01","U03","U08"]},"geometry":{"type":"Polygon","coordinates":[[[128.91777777777776,701.1350000000001],[140.14888888888888,701.1350000000001],[140.14888888888888,717.1221428571429],[128.91777777777776,717.1221428571429],[128.91777777777776,701.1350000000001]]]}},{"type":"Feature","id":"P0733","properties":{"id":"P0733","layer":"ordinary_parcel","zoneId":"UF05","blockId":"B038","compatibleForms":["U02","U07","U01","U03","U08"]},"geometry":{"type":"Polygon","coordinates":[[[140.73999999999998,701.1350000000001],[151.9711111111111,701.1350000000001],[151.9711111111111,717.1221428571429],[140.73999999999998,717.1221428571429],[140.73999999999998,701.1350000000001]]]}},{"type":"Feature","id":"P0734","properties":{"id":"P0734","layer":"ordinary_parcel","zoneId":"UF05","blockId":"B038","compatibleForms":["U02","U07","U01","U03","U08"]},"geometry":{"type":"Polygon","coordinates":[[[152.5622222222222,701.1350000000001],[163.79333333333332,701.1350000000001],[163.79333333333332,717.1221428571429],[152.5622222222222,717.1221428571429],[152.5622222222222,701.1350000000001]]]}},{"type":"Feature","id":"P0735","properties":{"id":"P0735","layer":"ordinary_parcel","zoneId":"UF05","blockId":"B038","compatibleForms":["U02","U07","U01","U03","U08"]},"geometry":{"type":"Polygon","coordinates":[[[164.38444444444443,701.1350000000001],[175.61555555555555,701.1350000000001],[175.61555555555555,717.1221428571429],[164.38444444444443,717.1221428571429],[164.38444444444443,701.1350000000001]]]}},{"type":"Feature","id":"P0736","properties":{"id":"P0736","layer":"ordinary_parcel","zoneId":"UF05","blockId":"B038","compatibleForms":["U02","U07","U01","U03","U08"]},"geometry":{"type":"Polygon","coordinates":[[[176.20666666666665,701.1350000000001],[187.4377777777778,701.1350000000001],[187.4377777777778,717.1221428571429],[176.20666666666665,717.1221428571429],[176.20666666666665,701.1350000000001]]]}},{"type":"Feature","id":"P0737","properties":{"id":"P0737","layer":"ordinary_parcel","zoneId":"UF05","blockId":"B038","compatibleForms":["U02","U07","U01","U03","U08"]},"geometry":{"type":"Polygon","coordinates":[[[188.0288888888889,701.1350000000001],[199.26,701.1350000000001],[199.26,717.1221428571429],[188.0288888888889,717.1221428571429],[188.0288888888889,701.1350000000001]]]}},{"type":"Feature","id":"P0738","properties":{"id":"P0738","layer":"ordinary_parcel","zoneId":"UF05","blockId":"B038","compatibleForms":["U02","U07","U01","U03","U08"]},"geometry":{"type":"Polygon","coordinates":[[[199.8511111111111,701.1350000000001],[211.0822222222222,701.1350000000001],[211.0822222222222,717.1221428571429],[199.8511111111111,717.1221428571429],[199.8511111111111,701.1350000000001]]]}},{"type":"Feature","id":"P0739","properties":{"id":"P0739","layer":"ordinary_parcel","zoneId":"UF05","blockId":"B038","compatibleForms":["U02","U07","U01","U03","U08"]},"geometry":{"type":"Polygon","coordinates":[[[211.67333333333332,701.1350000000001],[222.90444444444444,701.1350000000001],[222.90444444444444,717.1221428571429],[211.67333333333332,717.1221428571429],[211.67333333333332,701.1350000000001]]]}},{"type":"Feature","id":"B039","properties":{"id":"B039","layer":"block_cluster","zoneId":"UF05","sequenceInZone":4},"geometry":{"type":"Polygon","coordinates":[[[256.8,683.8857142857142],[363.2,683.8857142857142],[363.2,717.5428571428572],[256.8,717.5428571428572],[256.8,683.8857142857142]]]}},{"type":"Feature","id":"P0740","properties":{"id":"P0740","layer":"ordinary_parcel","zoneId":"UF05","blockId":"B039","compatibleForms":["U02","U07","U01","U03","U08"]},"geometry":{"type":"Polygon","coordinates":[[[257.09555555555556,684.3064285714286],[268.32666666666665,684.3064285714286],[268.32666666666665,700.2935714285715],[257.09555555555556,700.2935714285715],[257.09555555555556,684.3064285714286]]]}},{"type":"Feature","id":"P0741","properties":{"id":"P0741","layer":"ordinary_parcel","zoneId":"UF05","blockId":"B039","compatibleForms":["U02","U07","U01","U03","U08"]},"geometry":{"type":"Polygon","coordinates":[[[268.91777777777776,684.3064285714286],[280.1488888888889,684.3064285714286],[280.1488888888889,700.2935714285715],[268.91777777777776,700.2935714285715],[268.91777777777776,684.3064285714286]]]}},{"type":"Feature","id":"P0742","properties":{"id":"P0742","layer":"ordinary_parcel","zoneId":"UF05","blockId":"B039","compatibleForms":["U02","U07","U01","U03","U08"]},"geometry":{"type":"Polygon","coordinates":[[[280.74,684.3064285714286],[291.9711111111111,684.3064285714286],[291.9711111111111,700.2935714285715],[280.74,700.2935714285715],[280.74,684.3064285714286]]]}},{"type":"Feature","id":"P0743","properties":{"id":"P0743","layer":"ordinary_parcel","zoneId":"UF05","blockId":"B039","compatibleForms":["U02","U07","U01","U03","U08"]},"geometry":{"type":"Polygon","coordinates":[[[292.5622222222222,684.3064285714286],[303.79333333333335,684.3064285714286],[303.79333333333335,700.2935714285715],[292.5622222222222,700.2935714285715],[292.5622222222222,684.3064285714286]]]}},{"type":"Feature","id":"P0744","properties":{"id":"P0744","layer":"ordinary_parcel","zoneId":"UF05","blockId":"B039","compatibleForms":["U02","U07","U01","U03","U08"]},"geometry":{"type":"Polygon","coordinates":[[[304.38444444444445,684.3064285714286],[315.61555555555555,684.3064285714286],[315.61555555555555,700.2935714285715],[304.38444444444445,700.2935714285715],[304.38444444444445,684.3064285714286]]]}},{"type":"Feature","id":"P0745","properties":{"id":"P0745","layer":"ordinary_parcel","zoneId":"UF05","blockId":"B039","compatibleForms":["U02","U07","U01","U03","U08"]},"geometry":{"type":"Polygon","coordinates":[[[316.20666666666665,684.3064285714286],[327.4377777777778,684.3064285714286],[327.4377777777778,700.2935714285715],[316.20666666666665,700.2935714285715],[316.20666666666665,684.3064285714286]]]}},{"type":"Feature","id":"P0746","properties":{"id":"P0746","layer":"ordinary_parcel","zoneId":"UF05","blockId":"B039","compatibleForms":["U02","U07","U01","U03","U08"]},"geometry":{"type":"Polygon","coordinates":[[[328.0288888888889,684.3064285714286],[339.26,684.3064285714286],[339.26,700.2935714285715],[328.0288888888889,700.2935714285715],[328.0288888888889,684.3064285714286]]]}},{"type":"Feature","id":"P0747","properties":{"id":"P0747","layer":"ordinary_parcel","zoneId":"UF05","blockId":"B039","compatibleForms":["U02","U07","U01","U03","U08"]},"geometry":{"type":"Polygon","coordinates":[[[339.8511111111111,684.3064285714286],[351.0822222222222,684.3064285714286],[351.0822222222222,700.2935714285715],[339.8511111111111,700.2935714285715],[339.8511111111111,684.3064285714286]]]}},{"type":"Feature","id":"P0748","properties":{"id":"P0748","layer":"ordinary_parcel","zoneId":"UF05","blockId":"B039","compatibleForms":["U02","U07","U01","U03","U08"]},"geometry":{"type":"Polygon","coordinates":[[[351.6733333333333,684.3064285714286],[362.90444444444444,684.3064285714286],[362.90444444444444,700.2935714285715],[351.6733333333333,700.2935714285715],[351.6733333333333,684.3064285714286]]]}},{"type":"Feature","id":"P0749","properties":{"id":"P0749","layer":"ordinary_parcel","zoneId":"UF05","blockId":"B039","compatibleForms":["U02","U07","U01","U03","U08"]},"geometry":{"type":"Polygon","coordinates":[[[257.09555555555556,701.1350000000001],[268.32666666666665,701.1350000000001],[268.32666666666665,717.1221428571429],[257.09555555555556,717.1221428571429],[257.09555555555556,701.1350000000001]]]}},{"type":"Feature","id":"P0750","properties":{"id":"P0750","layer":"ordinary_parcel","zoneId":"UF05","blockId":"B039","compatibleForms":["U02","U07","U01","U03","U08"]},"geometry":{"type":"Polygon","coordinates":[[[268.91777777777776,701.1350000000001],[280.1488888888889,701.1350000000001],[280.1488888888889,717.1221428571429],[268.91777777777776,717.1221428571429],[268.91777777777776,701.1350000000001]]]}},{"type":"Feature","id":"P0751","properties":{"id":"P0751","layer":"ordinary_parcel","zoneId":"UF05","blockId":"B039","compatibleForms":["U02","U07","U01","U03","U08"]},"geometry":{"type":"Polygon","coordinates":[[[280.74,701.1350000000001],[291.9711111111111,701.1350000000001],[291.9711111111111,717.1221428571429],[280.74,717.1221428571429],[280.74,701.1350000000001]]]}},{"type":"Feature","id":"P0752","properties":{"id":"P0752","layer":"ordinary_parcel","zoneId":"UF05","blockId":"B039","compatibleForms":["U02","U07","U01","U03","U08"]},"geometry":{"type":"Polygon","coordinates":[[[292.5622222222222,701.1350000000001],[303.79333333333335,701.1350000000001],[303.79333333333335,717.1221428571429],[292.5622222222222,717.1221428571429],[292.5622222222222,701.1350000000001]]]}},{"type":"Feature","id":"P0753","properties":{"id":"P0753","layer":"ordinary_parcel","zoneId":"UF05","blockId":"B039","compatibleForms":["U02","U07","U01","U03","U08"]},"geometry":{"type":"Polygon","coordinates":[[[304.38444444444445,701.1350000000001],[315.61555555555555,701.1350000000001],[315.61555555555555,717.1221428571429],[304.38444444444445,717.1221428571429],[304.38444444444445,701.1350000000001]]]}},{"type":"Feature","id":"P0754","properties":{"id":"P0754","layer":"ordinary_parcel","zoneId":"UF05","blockId":"B039","compatibleForms":["U02","U07","U01","U03","U08"]},"geometry":{"type":"Polygon","coordinates":[[[316.20666666666665,701.1350000000001],[327.4377777777778,701.1350000000001],[327.4377777777778,717.1221428571429],[316.20666666666665,717.1221428571429],[316.20666666666665,701.1350000000001]]]}},{"type":"Feature","id":"P0755","properties":{"id":"P0755","layer":"ordinary_parcel","zoneId":"UF05","blockId":"B039","compatibleForms":["U02","U07","U01","U03","U08"]},"geometry":{"type":"Polygon","coordinates":[[[328.0288888888889,701.1350000000001],[339.26,701.1350000000001],[339.26,717.1221428571429],[328.0288888888889,717.1221428571429],[328.0288888888889,701.1350000000001]]]}},{"type":"Feature","id":"P0756","properties":{"id":"P0756","layer":"ordinary_parcel","zoneId":"UF05","blockId":"B039","compatibleForms":["U02","U07","U01","U03","U08"]},"geometry":{"type":"Polygon","coordinates":[[[339.8511111111111,701.1350000000001],[351.0822222222222,701.1350000000001],[351.0822222222222,717.1221428571429],[339.8511111111111,717.1221428571429],[339.8511111111111,701.1350000000001]]]}},{"type":"Feature","id":"P0757","properties":{"id":"P0757","layer":"ordinary_parcel","zoneId":"UF05","blockId":"B039","compatibleForms":["U02","U07","U01","U03","U08"]},"geometry":{"type":"Polygon","coordinates":[[[351.6733333333333,701.1350000000001],[362.90444444444444,701.1350000000001],[362.90444444444444,717.1221428571429],[351.6733333333333,717.1221428571429],[351.6733333333333,701.1350000000001]]]}},{"type":"Feature","id":"B040","properties":{"id":"B040","layer":"block_cluster","zoneId":"UF05","sequenceInZone":5},"geometry":{"type":"Polygon","coordinates":[[[396.8,683.8857142857142],[503.2,683.8857142857142],[503.2,717.5428571428572],[396.8,717.5428571428572],[396.8,683.8857142857142]]]}},{"type":"Feature","id":"P0758","properties":{"id":"P0758","layer":"ordinary_parcel","zoneId":"UF05","blockId":"B040","compatibleForms":["U02","U07","U01","U03","U08"]},"geometry":{"type":"Polygon","coordinates":[[[397.09555555555556,684.3064285714286],[408.32666666666665,684.3064285714286],[408.32666666666665,700.2935714285715],[397.09555555555556,700.2935714285715],[397.09555555555556,684.3064285714286]]]}},{"type":"Feature","id":"P0759","properties":{"id":"P0759","layer":"ordinary_parcel","zoneId":"UF05","blockId":"B040","compatibleForms":["U02","U07","U01","U03","U08"]},"geometry":{"type":"Polygon","coordinates":[[[408.91777777777776,684.3064285714286],[420.1488888888889,684.3064285714286],[420.1488888888889,700.2935714285715],[408.91777777777776,700.2935714285715],[408.91777777777776,684.3064285714286]]]}},{"type":"Feature","id":"P0760","properties":{"id":"P0760","layer":"ordinary_parcel","zoneId":"UF05","blockId":"B040","compatibleForms":["U02","U07","U01","U03","U08"]},"geometry":{"type":"Polygon","coordinates":[[[420.74,684.3064285714286],[431.9711111111111,684.3064285714286],[431.9711111111111,700.2935714285715],[420.74,700.2935714285715],[420.74,684.3064285714286]]]}},{"type":"Feature","id":"P0761","properties":{"id":"P0761","layer":"ordinary_parcel","zoneId":"UF05","blockId":"B040","compatibleForms":["U02","U07","U01","U03","U08"]},"geometry":{"type":"Polygon","coordinates":[[[432.5622222222222,684.3064285714286],[443.79333333333335,684.3064285714286],[443.79333333333335,700.2935714285715],[432.5622222222222,700.2935714285715],[432.5622222222222,684.3064285714286]]]}},{"type":"Feature","id":"P0762","properties":{"id":"P0762","layer":"ordinary_parcel","zoneId":"UF05","blockId":"B040","compatibleForms":["U02","U07","U01","U03","U08"]},"geometry":{"type":"Polygon","coordinates":[[[444.38444444444445,684.3064285714286],[455.61555555555555,684.3064285714286],[455.61555555555555,700.2935714285715],[444.38444444444445,700.2935714285715],[444.38444444444445,684.3064285714286]]]}},{"type":"Feature","id":"P0763","properties":{"id":"P0763","layer":"ordinary_parcel","zoneId":"UF05","blockId":"B040","compatibleForms":["U02","U07","U01","U03","U08"]},"geometry":{"type":"Polygon","coordinates":[[[456.20666666666665,684.3064285714286],[467.4377777777778,684.3064285714286],[467.4377777777778,700.2935714285715],[456.20666666666665,700.2935714285715],[456.20666666666665,684.3064285714286]]]}},{"type":"Feature","id":"P0764","properties":{"id":"P0764","layer":"ordinary_parcel","zoneId":"UF05","blockId":"B040","compatibleForms":["U02","U07","U01","U03","U08"]},"geometry":{"type":"Polygon","coordinates":[[[468.0288888888889,684.3064285714286],[479.26,684.3064285714286],[479.26,700.2935714285715],[468.0288888888889,700.2935714285715],[468.0288888888889,684.3064285714286]]]}},{"type":"Feature","id":"P0765","properties":{"id":"P0765","layer":"ordinary_parcel","zoneId":"UF05","blockId":"B040","compatibleForms":["U02","U07","U01","U03","U08"]},"geometry":{"type":"Polygon","coordinates":[[[479.8511111111111,684.3064285714286],[491.0822222222222,684.3064285714286],[491.0822222222222,700.2935714285715],[479.8511111111111,700.2935714285715],[479.8511111111111,684.3064285714286]]]}},{"type":"Feature","id":"P0766","properties":{"id":"P0766","layer":"ordinary_parcel","zoneId":"UF05","blockId":"B040","compatibleForms":["U02","U07","U01","U03","U08"]},"geometry":{"type":"Polygon","coordinates":[[[491.6733333333333,684.3064285714286],[502.90444444444444,684.3064285714286],[502.90444444444444,700.2935714285715],[491.6733333333333,700.2935714285715],[491.6733333333333,684.3064285714286]]]}},{"type":"Feature","id":"P0767","properties":{"id":"P0767","layer":"ordinary_parcel","zoneId":"UF05","blockId":"B040","compatibleForms":["U02","U07","U01","U03","U08"]},"geometry":{"type":"Polygon","coordinates":[[[397.09555555555556,701.1350000000001],[408.32666666666665,701.1350000000001],[408.32666666666665,717.1221428571429],[397.09555555555556,717.1221428571429],[397.09555555555556,701.1350000000001]]]}},{"type":"Feature","id":"P0768","properties":{"id":"P0768","layer":"ordinary_parcel","zoneId":"UF05","blockId":"B040","compatibleForms":["U02","U07","U01","U03","U08"]},"geometry":{"type":"Polygon","coordinates":[[[408.91777777777776,701.1350000000001],[420.1488888888889,701.1350000000001],[420.1488888888889,717.1221428571429],[408.91777777777776,717.1221428571429],[408.91777777777776,701.1350000000001]]]}},{"type":"Feature","id":"P0769","properties":{"id":"P0769","layer":"ordinary_parcel","zoneId":"UF05","blockId":"B040","compatibleForms":["U02","U07","U01","U03","U08"]},"geometry":{"type":"Polygon","coordinates":[[[420.74,701.1350000000001],[431.9711111111111,701.1350000000001],[431.9711111111111,717.1221428571429],[420.74,717.1221428571429],[420.74,701.1350000000001]]]}},{"type":"Feature","id":"P0770","properties":{"id":"P0770","layer":"ordinary_parcel","zoneId":"UF05","blockId":"B040","compatibleForms":["U02","U07","U01","U03","U08"]},"geometry":{"type":"Polygon","coordinates":[[[432.5622222222222,701.1350000000001],[443.79333333333335,701.1350000000001],[443.79333333333335,717.1221428571429],[432.5622222222222,717.1221428571429],[432.5622222222222,701.1350000000001]]]}},{"type":"Feature","id":"P0771","properties":{"id":"P0771","layer":"ordinary_parcel","zoneId":"UF05","blockId":"B040","compatibleForms":["U02","U07","U01","U03","U08"]},"geometry":{"type":"Polygon","coordinates":[[[444.38444444444445,701.1350000000001],[455.61555555555555,701.1350000000001],[455.61555555555555,717.1221428571429],[444.38444444444445,717.1221428571429],[444.38444444444445,701.1350000000001]]]}},{"type":"Feature","id":"P0772","properties":{"id":"P0772","layer":"ordinary_parcel","zoneId":"UF05","blockId":"B040","compatibleForms":["U02","U07","U01","U03","U08"]},"geometry":{"type":"Polygon","coordinates":[[[456.20666666666665,701.1350000000001],[467.4377777777778,701.1350000000001],[467.4377777777778,717.1221428571429],[456.20666666666665,717.1221428571429],[456.20666666666665,701.1350000000001]]]}},{"type":"Feature","id":"P0773","properties":{"id":"P0773","layer":"ordinary_parcel","zoneId":"UF05","blockId":"B040","compatibleForms":["U02","U07","U01","U03","U08"]},"geometry":{"type":"Polygon","coordinates":[[[468.0288888888889,701.1350000000001],[479.26,701.1350000000001],[479.26,717.1221428571429],[468.0288888888889,717.1221428571429],[468.0288888888889,701.1350000000001]]]}},{"type":"Feature","id":"P0774","properties":{"id":"P0774","layer":"ordinary_parcel","zoneId":"UF05","blockId":"B040","compatibleForms":["U02","U07","U01","U03","U08"]},"geometry":{"type":"Polygon","coordinates":[[[479.8511111111111,701.1350000000001],[491.0822222222222,701.1350000000001],[491.0822222222222,717.1221428571429],[479.8511111111111,717.1221428571429],[479.8511111111111,701.1350000000001]]]}},{"type":"Feature","id":"P0775","properties":{"id":"P0775","layer":"ordinary_parcel","zoneId":"UF05","blockId":"B040","compatibleForms":["U02","U07","U01","U03","U08"]},"geometry":{"type":"Polygon","coordinates":[[[491.6733333333333,701.1350000000001],[502.90444444444444,701.1350000000001],[502.90444444444444,717.1221428571429],[491.6733333333333,717.1221428571429],[491.6733333333333,701.1350000000001]]]}},{"type":"Feature","id":"B041","properties":{"id":"B041","layer":"block_cluster","zoneId":"UF05","sequenceInZone":6},"geometry":{"type":"Polygon","coordinates":[[[116.8,728.1714285714286],[223.2,728.1714285714286],[223.2,761.8285714285714],[116.8,761.8285714285714],[116.8,728.1714285714286]]]}},{"type":"Feature","id":"P0776","properties":{"id":"P0776","layer":"ordinary_parcel","zoneId":"UF05","blockId":"B041","compatibleForms":["U02","U07","U01","U03","U08"]},"geometry":{"type":"Polygon","coordinates":[[[117.09555555555555,728.5921428571429],[128.32666666666665,728.5921428571429],[128.32666666666665,744.5792857142857],[117.09555555555555,744.5792857142857],[117.09555555555555,728.5921428571429]]]}},{"type":"Feature","id":"P0777","properties":{"id":"P0777","layer":"ordinary_parcel","zoneId":"UF05","blockId":"B041","compatibleForms":["U02","U07","U01","U03","U08"]},"geometry":{"type":"Polygon","coordinates":[[[128.91777777777776,728.5921428571429],[140.14888888888888,728.5921428571429],[140.14888888888888,744.5792857142857],[128.91777777777776,744.5792857142857],[128.91777777777776,728.5921428571429]]]}},{"type":"Feature","id":"P0778","properties":{"id":"P0778","layer":"ordinary_parcel","zoneId":"UF05","blockId":"B041","compatibleForms":["U02","U07","U01","U03","U08"]},"geometry":{"type":"Polygon","coordinates":[[[140.73999999999998,728.5921428571429],[151.9711111111111,728.5921428571429],[151.9711111111111,744.5792857142857],[140.73999999999998,744.5792857142857],[140.73999999999998,728.5921428571429]]]}},{"type":"Feature","id":"P0779","properties":{"id":"P0779","layer":"ordinary_parcel","zoneId":"UF05","blockId":"B041","compatibleForms":["U02","U07","U01","U03","U08"]},"geometry":{"type":"Polygon","coordinates":[[[152.5622222222222,728.5921428571429],[163.79333333333332,728.5921428571429],[163.79333333333332,744.5792857142857],[152.5622222222222,744.5792857142857],[152.5622222222222,728.5921428571429]]]}},{"type":"Feature","id":"P0780","properties":{"id":"P0780","layer":"ordinary_parcel","zoneId":"UF05","blockId":"B041","compatibleForms":["U02","U07","U01","U03","U08"]},"geometry":{"type":"Polygon","coordinates":[[[164.38444444444443,728.5921428571429],[175.61555555555555,728.5921428571429],[175.61555555555555,744.5792857142857],[164.38444444444443,744.5792857142857],[164.38444444444443,728.5921428571429]]]}},{"type":"Feature","id":"P0781","properties":{"id":"P0781","layer":"ordinary_parcel","zoneId":"UF05","blockId":"B041","compatibleForms":["U02","U07","U01","U03","U08"]},"geometry":{"type":"Polygon","coordinates":[[[176.20666666666665,728.5921428571429],[187.4377777777778,728.5921428571429],[187.4377777777778,744.5792857142857],[176.20666666666665,744.5792857142857],[176.20666666666665,728.5921428571429]]]}},{"type":"Feature","id":"P0782","properties":{"id":"P0782","layer":"ordinary_parcel","zoneId":"UF05","blockId":"B041","compatibleForms":["U02","U07","U01","U03","U08"]},"geometry":{"type":"Polygon","coordinates":[[[188.0288888888889,728.5921428571429],[199.26,728.5921428571429],[199.26,744.5792857142857],[188.0288888888889,744.5792857142857],[188.0288888888889,728.5921428571429]]]}},{"type":"Feature","id":"P0783","properties":{"id":"P0783","layer":"ordinary_parcel","zoneId":"UF05","blockId":"B041","compatibleForms":["U02","U07","U01","U03","U08"]},"geometry":{"type":"Polygon","coordinates":[[[199.8511111111111,728.5921428571429],[211.0822222222222,728.5921428571429],[211.0822222222222,744.5792857142857],[199.8511111111111,744.5792857142857],[199.8511111111111,728.5921428571429]]]}},{"type":"Feature","id":"P0784","properties":{"id":"P0784","layer":"ordinary_parcel","zoneId":"UF05","blockId":"B041","compatibleForms":["U02","U07","U01","U03","U08"]},"geometry":{"type":"Polygon","coordinates":[[[211.67333333333332,728.5921428571429],[222.90444444444444,728.5921428571429],[222.90444444444444,744.5792857142857],[211.67333333333332,744.5792857142857],[211.67333333333332,728.5921428571429]]]}},{"type":"Feature","id":"P0785","properties":{"id":"P0785","layer":"ordinary_parcel","zoneId":"UF05","blockId":"B041","compatibleForms":["U02","U07","U01","U03","U08"]},"geometry":{"type":"Polygon","coordinates":[[[117.09555555555555,745.4207142857143],[128.32666666666665,745.4207142857143],[128.32666666666665,761.4078571428571],[117.09555555555555,761.4078571428571],[117.09555555555555,745.4207142857143]]]}},{"type":"Feature","id":"P0786","properties":{"id":"P0786","layer":"ordinary_parcel","zoneId":"UF05","blockId":"B041","compatibleForms":["U02","U07","U01","U03","U08"]},"geometry":{"type":"Polygon","coordinates":[[[128.91777777777776,745.4207142857143],[140.14888888888888,745.4207142857143],[140.14888888888888,761.4078571428571],[128.91777777777776,761.4078571428571],[128.91777777777776,745.4207142857143]]]}},{"type":"Feature","id":"P0787","properties":{"id":"P0787","layer":"ordinary_parcel","zoneId":"UF05","blockId":"B041","compatibleForms":["U02","U07","U01","U03","U08"]},"geometry":{"type":"Polygon","coordinates":[[[140.73999999999998,745.4207142857143],[151.9711111111111,745.4207142857143],[151.9711111111111,761.4078571428571],[140.73999999999998,761.4078571428571],[140.73999999999998,745.4207142857143]]]}},{"type":"Feature","id":"P0788","properties":{"id":"P0788","layer":"ordinary_parcel","zoneId":"UF05","blockId":"B041","compatibleForms":["U02","U07","U01","U03","U08"]},"geometry":{"type":"Polygon","coordinates":[[[152.5622222222222,745.4207142857143],[163.79333333333332,745.4207142857143],[163.79333333333332,761.4078571428571],[152.5622222222222,761.4078571428571],[152.5622222222222,745.4207142857143]]]}},{"type":"Feature","id":"P0789","properties":{"id":"P0789","layer":"ordinary_parcel","zoneId":"UF05","blockId":"B041","compatibleForms":["U02","U07","U01","U03","U08"]},"geometry":{"type":"Polygon","coordinates":[[[164.38444444444443,745.4207142857143],[175.61555555555555,745.4207142857143],[175.61555555555555,761.4078571428571],[164.38444444444443,761.4078571428571],[164.38444444444443,745.4207142857143]]]}},{"type":"Feature","id":"P0790","properties":{"id":"P0790","layer":"ordinary_parcel","zoneId":"UF05","blockId":"B041","compatibleForms":["U02","U07","U01","U03","U08"]},"geometry":{"type":"Polygon","coordinates":[[[176.20666666666665,745.4207142857143],[187.4377777777778,745.4207142857143],[187.4377777777778,761.4078571428571],[176.20666666666665,761.4078571428571],[176.20666666666665,745.4207142857143]]]}},{"type":"Feature","id":"P0791","properties":{"id":"P0791","layer":"ordinary_parcel","zoneId":"UF05","blockId":"B041","compatibleForms":["U02","U07","U01","U03","U08"]},"geometry":{"type":"Polygon","coordinates":[[[188.0288888888889,745.4207142857143],[199.26,745.4207142857143],[199.26,761.4078571428571],[188.0288888888889,761.4078571428571],[188.0288888888889,745.4207142857143]]]}},{"type":"Feature","id":"P0792","properties":{"id":"P0792","layer":"ordinary_parcel","zoneId":"UF05","blockId":"B041","compatibleForms":["U02","U07","U01","U03","U08"]},"geometry":{"type":"Polygon","coordinates":[[[199.8511111111111,745.4207142857143],[211.0822222222222,745.4207142857143],[211.0822222222222,761.4078571428571],[199.8511111111111,761.4078571428571],[199.8511111111111,745.4207142857143]]]}},{"type":"Feature","id":"P0793","properties":{"id":"P0793","layer":"ordinary_parcel","zoneId":"UF05","blockId":"B041","compatibleForms":["U02","U07","U01","U03","U08"]},"geometry":{"type":"Polygon","coordinates":[[[211.67333333333332,745.4207142857143],[222.90444444444444,745.4207142857143],[222.90444444444444,761.4078571428571],[211.67333333333332,761.4078571428571],[211.67333333333332,745.4207142857143]]]}},{"type":"Feature","id":"B042","properties":{"id":"B042","layer":"block_cluster","zoneId":"UF05","sequenceInZone":7},"geometry":{"type":"Polygon","coordinates":[[[256.8,728.1714285714286],[363.2,728.1714285714286],[363.2,761.8285714285714],[256.8,761.8285714285714],[256.8,728.1714285714286]]]}},{"type":"Feature","id":"P0794","properties":{"id":"P0794","layer":"ordinary_parcel","zoneId":"UF05","blockId":"B042","compatibleForms":["U02","U07","U01","U03","U08"]},"geometry":{"type":"Polygon","coordinates":[[[257.09555555555556,728.5921428571429],[268.32666666666665,728.5921428571429],[268.32666666666665,744.5792857142857],[257.09555555555556,744.5792857142857],[257.09555555555556,728.5921428571429]]]}},{"type":"Feature","id":"P0795","properties":{"id":"P0795","layer":"ordinary_parcel","zoneId":"UF05","blockId":"B042","compatibleForms":["U02","U07","U01","U03","U08"]},"geometry":{"type":"Polygon","coordinates":[[[268.91777777777776,728.5921428571429],[280.1488888888889,728.5921428571429],[280.1488888888889,744.5792857142857],[268.91777777777776,744.5792857142857],[268.91777777777776,728.5921428571429]]]}},{"type":"Feature","id":"P0796","properties":{"id":"P0796","layer":"ordinary_parcel","zoneId":"UF05","blockId":"B042","compatibleForms":["U02","U07","U01","U03","U08"]},"geometry":{"type":"Polygon","coordinates":[[[280.74,728.5921428571429],[291.9711111111111,728.5921428571429],[291.9711111111111,744.5792857142857],[280.74,744.5792857142857],[280.74,728.5921428571429]]]}},{"type":"Feature","id":"P0797","properties":{"id":"P0797","layer":"ordinary_parcel","zoneId":"UF05","blockId":"B042","compatibleForms":["U02","U07","U01","U03","U08"]},"geometry":{"type":"Polygon","coordinates":[[[292.5622222222222,728.5921428571429],[303.79333333333335,728.5921428571429],[303.79333333333335,744.5792857142857],[292.5622222222222,744.5792857142857],[292.5622222222222,728.5921428571429]]]}},{"type":"Feature","id":"P0798","properties":{"id":"P0798","layer":"ordinary_parcel","zoneId":"UF05","blockId":"B042","compatibleForms":["U02","U07","U01","U03","U08"]},"geometry":{"type":"Polygon","coordinates":[[[304.38444444444445,728.5921428571429],[315.61555555555555,728.5921428571429],[315.61555555555555,744.5792857142857],[304.38444444444445,744.5792857142857],[304.38444444444445,728.5921428571429]]]}},{"type":"Feature","id":"P0799","properties":{"id":"P0799","layer":"ordinary_parcel","zoneId":"UF05","blockId":"B042","compatibleForms":["U02","U07","U01","U03","U08"]},"geometry":{"type":"Polygon","coordinates":[[[316.20666666666665,728.5921428571429],[327.4377777777778,728.5921428571429],[327.4377777777778,744.5792857142857],[316.20666666666665,744.5792857142857],[316.20666666666665,728.5921428571429]]]}},{"type":"Feature","id":"P0800","properties":{"id":"P0800","layer":"ordinary_parcel","zoneId":"UF05","blockId":"B042","compatibleForms":["U02","U07","U01","U03","U08"]},"geometry":{"type":"Polygon","coordinates":[[[328.0288888888889,728.5921428571429],[339.26,728.5921428571429],[339.26,744.5792857142857],[328.0288888888889,744.5792857142857],[328.0288888888889,728.5921428571429]]]}},{"type":"Feature","id":"P0801","properties":{"id":"P0801","layer":"ordinary_parcel","zoneId":"UF05","blockId":"B042","compatibleForms":["U02","U07","U01","U03","U08"]},"geometry":{"type":"Polygon","coordinates":[[[339.8511111111111,728.5921428571429],[351.0822222222222,728.5921428571429],[351.0822222222222,744.5792857142857],[339.8511111111111,744.5792857142857],[339.8511111111111,728.5921428571429]]]}},{"type":"Feature","id":"P0802","properties":{"id":"P0802","layer":"ordinary_parcel","zoneId":"UF05","blockId":"B042","compatibleForms":["U02","U07","U01","U03","U08"]},"geometry":{"type":"Polygon","coordinates":[[[351.6733333333333,728.5921428571429],[362.90444444444444,728.5921428571429],[362.90444444444444,744.5792857142857],[351.6733333333333,744.5792857142857],[351.6733333333333,728.5921428571429]]]}},{"type":"Feature","id":"P0803","properties":{"id":"P0803","layer":"ordinary_parcel","zoneId":"UF05","blockId":"B042","compatibleForms":["U02","U07","U01","U03","U08"]},"geometry":{"type":"Polygon","coordinates":[[[257.1325,745.4207142857143],[269.76750000000004,745.4207142857143],[269.76750000000004,761.4078571428571],[257.1325,761.4078571428571],[257.1325,745.4207142857143]]]}},{"type":"Feature","id":"P0804","properties":{"id":"P0804","layer":"ordinary_parcel","zoneId":"UF05","blockId":"B042","compatibleForms":["U02","U07","U01","U03","U08"]},"geometry":{"type":"Polygon","coordinates":[[[270.4325,745.4207142857143],[283.0675,745.4207142857143],[283.0675,761.4078571428571],[270.4325,761.4078571428571],[270.4325,745.4207142857143]]]}},{"type":"Feature","id":"P0805","properties":{"id":"P0805","layer":"ordinary_parcel","zoneId":"UF05","blockId":"B042","compatibleForms":["U02","U07","U01","U03","U08"]},"geometry":{"type":"Polygon","coordinates":[[[283.73249999999996,745.4207142857143],[296.3675,745.4207142857143],[296.3675,761.4078571428571],[283.73249999999996,761.4078571428571],[283.73249999999996,745.4207142857143]]]}},{"type":"Feature","id":"P0806","properties":{"id":"P0806","layer":"ordinary_parcel","zoneId":"UF05","blockId":"B042","compatibleForms":["U02","U07","U01","U03","U08"]},"geometry":{"type":"Polygon","coordinates":[[[297.03249999999997,745.4207142857143],[309.6675,745.4207142857143],[309.6675,761.4078571428571],[297.03249999999997,761.4078571428571],[297.03249999999997,745.4207142857143]]]}},{"type":"Feature","id":"P0807","properties":{"id":"P0807","layer":"ordinary_parcel","zoneId":"UF05","blockId":"B042","compatibleForms":["U02","U07","U01","U03","U08"]},"geometry":{"type":"Polygon","coordinates":[[[310.3325,745.4207142857143],[322.96750000000003,745.4207142857143],[322.96750000000003,761.4078571428571],[310.3325,761.4078571428571],[310.3325,745.4207142857143]]]}},{"type":"Feature","id":"P0808","properties":{"id":"P0808","layer":"ordinary_parcel","zoneId":"UF05","blockId":"B042","compatibleForms":["U02","U07","U01","U03","U08"]},"geometry":{"type":"Polygon","coordinates":[[[323.6325,745.4207142857143],[336.26750000000004,745.4207142857143],[336.26750000000004,761.4078571428571],[323.6325,761.4078571428571],[323.6325,745.4207142857143]]]}},{"type":"Feature","id":"P0809","properties":{"id":"P0809","layer":"ordinary_parcel","zoneId":"UF05","blockId":"B042","compatibleForms":["U02","U07","U01","U03","U08"]},"geometry":{"type":"Polygon","coordinates":[[[336.9325,745.4207142857143],[349.5675,745.4207142857143],[349.5675,761.4078571428571],[336.9325,761.4078571428571],[336.9325,745.4207142857143]]]}},{"type":"Feature","id":"P0810","properties":{"id":"P0810","layer":"ordinary_parcel","zoneId":"UF05","blockId":"B042","compatibleForms":["U02","U07","U01","U03","U08"]},"geometry":{"type":"Polygon","coordinates":[[[350.23249999999996,745.4207142857143],[362.8675,745.4207142857143],[362.8675,761.4078571428571],[350.23249999999996,761.4078571428571],[350.23249999999996,745.4207142857143]]]}},{"type":"Feature","id":"B043","properties":{"id":"B043","layer":"block_cluster","zoneId":"UF05","sequenceInZone":8},"geometry":{"type":"Polygon","coordinates":[[[396.8,728.1714285714286],[503.2,728.1714285714286],[503.2,761.8285714285714],[396.8,761.8285714285714],[396.8,728.1714285714286]]]}},{"type":"Feature","id":"P0811","properties":{"id":"P0811","layer":"ordinary_parcel","zoneId":"UF05","blockId":"B043","compatibleForms":["U02","U07","U01","U03","U08"]},"geometry":{"type":"Polygon","coordinates":[[[397.09555555555556,728.5921428571429],[408.32666666666665,728.5921428571429],[408.32666666666665,744.5792857142857],[397.09555555555556,744.5792857142857],[397.09555555555556,728.5921428571429]]]}},{"type":"Feature","id":"P0812","properties":{"id":"P0812","layer":"ordinary_parcel","zoneId":"UF05","blockId":"B043","compatibleForms":["U02","U07","U01","U03","U08"]},"geometry":{"type":"Polygon","coordinates":[[[408.91777777777776,728.5921428571429],[420.1488888888889,728.5921428571429],[420.1488888888889,744.5792857142857],[408.91777777777776,744.5792857142857],[408.91777777777776,728.5921428571429]]]}},{"type":"Feature","id":"P0813","properties":{"id":"P0813","layer":"ordinary_parcel","zoneId":"UF05","blockId":"B043","compatibleForms":["U02","U07","U01","U03","U08"]},"geometry":{"type":"Polygon","coordinates":[[[420.74,728.5921428571429],[431.9711111111111,728.5921428571429],[431.9711111111111,744.5792857142857],[420.74,744.5792857142857],[420.74,728.5921428571429]]]}},{"type":"Feature","id":"P0814","properties":{"id":"P0814","layer":"ordinary_parcel","zoneId":"UF05","blockId":"B043","compatibleForms":["U02","U07","U01","U03","U08"]},"geometry":{"type":"Polygon","coordinates":[[[432.5622222222222,728.5921428571429],[443.79333333333335,728.5921428571429],[443.79333333333335,744.5792857142857],[432.5622222222222,744.5792857142857],[432.5622222222222,728.5921428571429]]]}},{"type":"Feature","id":"P0815","properties":{"id":"P0815","layer":"ordinary_parcel","zoneId":"UF05","blockId":"B043","compatibleForms":["U02","U07","U01","U03","U08"]},"geometry":{"type":"Polygon","coordinates":[[[444.38444444444445,728.5921428571429],[455.61555555555555,728.5921428571429],[455.61555555555555,744.5792857142857],[444.38444444444445,744.5792857142857],[444.38444444444445,728.5921428571429]]]}},{"type":"Feature","id":"P0816","properties":{"id":"P0816","layer":"ordinary_parcel","zoneId":"UF05","blockId":"B043","compatibleForms":["U02","U07","U01","U03","U08"]},"geometry":{"type":"Polygon","coordinates":[[[456.20666666666665,728.5921428571429],[467.4377777777778,728.5921428571429],[467.4377777777778,744.5792857142857],[456.20666666666665,744.5792857142857],[456.20666666666665,728.5921428571429]]]}},{"type":"Feature","id":"P0817","properties":{"id":"P0817","layer":"ordinary_parcel","zoneId":"UF05","blockId":"B043","compatibleForms":["U02","U07","U01","U03","U08"]},"geometry":{"type":"Polygon","coordinates":[[[468.0288888888889,728.5921428571429],[479.26,728.5921428571429],[479.26,744.5792857142857],[468.0288888888889,744.5792857142857],[468.0288888888889,728.5921428571429]]]}},{"type":"Feature","id":"P0818","properties":{"id":"P0818","layer":"ordinary_parcel","zoneId":"UF05","blockId":"B043","compatibleForms":["U02","U07","U01","U03","U08"]},"geometry":{"type":"Polygon","coordinates":[[[479.8511111111111,728.5921428571429],[491.0822222222222,728.5921428571429],[491.0822222222222,744.5792857142857],[479.8511111111111,744.5792857142857],[479.8511111111111,728.5921428571429]]]}},{"type":"Feature","id":"P0819","properties":{"id":"P0819","layer":"ordinary_parcel","zoneId":"UF05","blockId":"B043","compatibleForms":["U02","U07","U01","U03","U08"]},"geometry":{"type":"Polygon","coordinates":[[[491.6733333333333,728.5921428571429],[502.90444444444444,728.5921428571429],[502.90444444444444,744.5792857142857],[491.6733333333333,744.5792857142857],[491.6733333333333,728.5921428571429]]]}},{"type":"Feature","id":"P0820","properties":{"id":"P0820","layer":"ordinary_parcel","zoneId":"UF05","blockId":"B043","compatibleForms":["U02","U07","U01","U03","U08"]},"geometry":{"type":"Polygon","coordinates":[[[397.1325,745.4207142857143],[409.76750000000004,745.4207142857143],[409.76750000000004,761.4078571428571],[397.1325,761.4078571428571],[397.1325,745.4207142857143]]]}},{"type":"Feature","id":"P0821","properties":{"id":"P0821","layer":"ordinary_parcel","zoneId":"UF05","blockId":"B043","compatibleForms":["U02","U07","U01","U03","U08"]},"geometry":{"type":"Polygon","coordinates":[[[410.4325,745.4207142857143],[423.0675,745.4207142857143],[423.0675,761.4078571428571],[410.4325,761.4078571428571],[410.4325,745.4207142857143]]]}},{"type":"Feature","id":"P0822","properties":{"id":"P0822","layer":"ordinary_parcel","zoneId":"UF05","blockId":"B043","compatibleForms":["U02","U07","U01","U03","U08"]},"geometry":{"type":"Polygon","coordinates":[[[423.73249999999996,745.4207142857143],[436.3675,745.4207142857143],[436.3675,761.4078571428571],[423.73249999999996,761.4078571428571],[423.73249999999996,745.4207142857143]]]}},{"type":"Feature","id":"P0823","properties":{"id":"P0823","layer":"ordinary_parcel","zoneId":"UF05","blockId":"B043","compatibleForms":["U02","U07","U01","U03","U08"]},"geometry":{"type":"Polygon","coordinates":[[[437.03249999999997,745.4207142857143],[449.6675,745.4207142857143],[449.6675,761.4078571428571],[437.03249999999997,761.4078571428571],[437.03249999999997,745.4207142857143]]]}},{"type":"Feature","id":"P0824","properties":{"id":"P0824","layer":"ordinary_parcel","zoneId":"UF05","blockId":"B043","compatibleForms":["U02","U07","U01","U03","U08"]},"geometry":{"type":"Polygon","coordinates":[[[450.3325,745.4207142857143],[462.96750000000003,745.4207142857143],[462.96750000000003,761.4078571428571],[450.3325,761.4078571428571],[450.3325,745.4207142857143]]]}},{"type":"Feature","id":"P0825","properties":{"id":"P0825","layer":"ordinary_parcel","zoneId":"UF05","blockId":"B043","compatibleForms":["U02","U07","U01","U03","U08"]},"geometry":{"type":"Polygon","coordinates":[[[463.6325,745.4207142857143],[476.26750000000004,745.4207142857143],[476.26750000000004,761.4078571428571],[463.6325,761.4078571428571],[463.6325,745.4207142857143]]]}},{"type":"Feature","id":"P0826","properties":{"id":"P0826","layer":"ordinary_parcel","zoneId":"UF05","blockId":"B043","compatibleForms":["U02","U07","U01","U03","U08"]},"geometry":{"type":"Polygon","coordinates":[[[476.9325,745.4207142857143],[489.5675,745.4207142857143],[489.5675,761.4078571428571],[476.9325,761.4078571428571],[476.9325,745.4207142857143]]]}},{"type":"Feature","id":"P0827","properties":{"id":"P0827","layer":"ordinary_parcel","zoneId":"UF05","blockId":"B043","compatibleForms":["U02","U07","U01","U03","U08"]},"geometry":{"type":"Polygon","coordinates":[[[490.23249999999996,745.4207142857143],[502.8675,745.4207142857143],[502.8675,761.4078571428571],[490.23249999999996,761.4078571428571],[490.23249999999996,745.4207142857143]]]}},{"type":"Feature","id":"B044","properties":{"id":"B044","layer":"block_cluster","zoneId":"UF05","sequenceInZone":9},"geometry":{"type":"Polygon","coordinates":[[[256.8,772.4571428571428],[363.2,772.4571428571428],[363.2,806.1142857142858],[256.8,806.1142857142858],[256.8,772.4571428571428]]]}},{"type":"Feature","id":"P0828","properties":{"id":"P0828","layer":"ordinary_parcel","zoneId":"UF05","blockId":"B044","compatibleForms":["U02","U07","U01","U03","U08"]},"geometry":{"type":"Polygon","coordinates":[[[257.09555555555556,772.8778571428571],[268.32666666666665,772.8778571428571],[268.32666666666665,788.8649999999999],[257.09555555555556,788.8649999999999],[257.09555555555556,772.8778571428571]]]}},{"type":"Feature","id":"P0829","properties":{"id":"P0829","layer":"ordinary_parcel","zoneId":"UF05","blockId":"B044","compatibleForms":["U02","U07","U01","U03","U08"]},"geometry":{"type":"Polygon","coordinates":[[[268.91777777777776,772.8778571428571],[280.1488888888889,772.8778571428571],[280.1488888888889,788.8649999999999],[268.91777777777776,788.8649999999999],[268.91777777777776,772.8778571428571]]]}},{"type":"Feature","id":"P0830","properties":{"id":"P0830","layer":"ordinary_parcel","zoneId":"UF05","blockId":"B044","compatibleForms":["U02","U07","U01","U03","U08"]},"geometry":{"type":"Polygon","coordinates":[[[280.74,772.8778571428571],[291.9711111111111,772.8778571428571],[291.9711111111111,788.8649999999999],[280.74,788.8649999999999],[280.74,772.8778571428571]]]}},{"type":"Feature","id":"P0831","properties":{"id":"P0831","layer":"ordinary_parcel","zoneId":"UF05","blockId":"B044","compatibleForms":["U02","U07","U01","U03","U08"]},"geometry":{"type":"Polygon","coordinates":[[[292.5622222222222,772.8778571428571],[303.79333333333335,772.8778571428571],[303.79333333333335,788.8649999999999],[292.5622222222222,788.8649999999999],[292.5622222222222,772.8778571428571]]]}},{"type":"Feature","id":"P0832","properties":{"id":"P0832","layer":"ordinary_parcel","zoneId":"UF05","blockId":"B044","compatibleForms":["U02","U07","U01","U03","U08"]},"geometry":{"type":"Polygon","coordinates":[[[304.38444444444445,772.8778571428571],[315.61555555555555,772.8778571428571],[315.61555555555555,788.8649999999999],[304.38444444444445,788.8649999999999],[304.38444444444445,772.8778571428571]]]}},{"type":"Feature","id":"P0833","properties":{"id":"P0833","layer":"ordinary_parcel","zoneId":"UF05","blockId":"B044","compatibleForms":["U02","U07","U01","U03","U08"]},"geometry":{"type":"Polygon","coordinates":[[[316.20666666666665,772.8778571428571],[327.4377777777778,772.8778571428571],[327.4377777777778,788.8649999999999],[316.20666666666665,788.8649999999999],[316.20666666666665,772.8778571428571]]]}},{"type":"Feature","id":"P0834","properties":{"id":"P0834","layer":"ordinary_parcel","zoneId":"UF05","blockId":"B044","compatibleForms":["U02","U07","U01","U03","U08"]},"geometry":{"type":"Polygon","coordinates":[[[328.0288888888889,772.8778571428571],[339.26,772.8778571428571],[339.26,788.8649999999999],[328.0288888888889,788.8649999999999],[328.0288888888889,772.8778571428571]]]}},{"type":"Feature","id":"P0835","properties":{"id":"P0835","layer":"ordinary_parcel","zoneId":"UF05","blockId":"B044","compatibleForms":["U02","U07","U01","U03","U08"]},"geometry":{"type":"Polygon","coordinates":[[[339.8511111111111,772.8778571428571],[351.0822222222222,772.8778571428571],[351.0822222222222,788.8649999999999],[339.8511111111111,788.8649999999999],[339.8511111111111,772.8778571428571]]]}},{"type":"Feature","id":"P0836","properties":{"id":"P0836","layer":"ordinary_parcel","zoneId":"UF05","blockId":"B044","compatibleForms":["U02","U07","U01","U03","U08"]},"geometry":{"type":"Polygon","coordinates":[[[351.6733333333333,772.8778571428571],[362.90444444444444,772.8778571428571],[362.90444444444444,788.8649999999999],[351.6733333333333,788.8649999999999],[351.6733333333333,772.8778571428571]]]}},{"type":"Feature","id":"P0837","properties":{"id":"P0837","layer":"ordinary_parcel","zoneId":"UF05","blockId":"B044","compatibleForms":["U02","U07","U01","U03","U08"]},"geometry":{"type":"Polygon","coordinates":[[[257.1325,789.7064285714285],[269.76750000000004,789.7064285714285],[269.76750000000004,805.6935714285714],[257.1325,805.6935714285714],[257.1325,789.7064285714285]]]}},{"type":"Feature","id":"P0838","properties":{"id":"P0838","layer":"ordinary_parcel","zoneId":"UF05","blockId":"B044","compatibleForms":["U02","U07","U01","U03","U08"]},"geometry":{"type":"Polygon","coordinates":[[[270.4325,789.7064285714285],[283.0675,789.7064285714285],[283.0675,805.6935714285714],[270.4325,805.6935714285714],[270.4325,789.7064285714285]]]}},{"type":"Feature","id":"P0839","properties":{"id":"P0839","layer":"ordinary_parcel","zoneId":"UF05","blockId":"B044","compatibleForms":["U02","U07","U01","U03","U08"]},"geometry":{"type":"Polygon","coordinates":[[[283.73249999999996,789.7064285714285],[296.3675,789.7064285714285],[296.3675,805.6935714285714],[283.73249999999996,805.6935714285714],[283.73249999999996,789.7064285714285]]]}},{"type":"Feature","id":"P0840","properties":{"id":"P0840","layer":"ordinary_parcel","zoneId":"UF05","blockId":"B044","compatibleForms":["U02","U07","U01","U03","U08"]},"geometry":{"type":"Polygon","coordinates":[[[297.03249999999997,789.7064285714285],[309.6675,789.7064285714285],[309.6675,805.6935714285714],[297.03249999999997,805.6935714285714],[297.03249999999997,789.7064285714285]]]}},{"type":"Feature","id":"P0841","properties":{"id":"P0841","layer":"ordinary_parcel","zoneId":"UF05","blockId":"B044","compatibleForms":["U02","U07","U01","U03","U08"]},"geometry":{"type":"Polygon","coordinates":[[[310.3325,789.7064285714285],[322.96750000000003,789.7064285714285],[322.96750000000003,805.6935714285714],[310.3325,805.6935714285714],[310.3325,789.7064285714285]]]}},{"type":"Feature","id":"P0842","properties":{"id":"P0842","layer":"ordinary_parcel","zoneId":"UF05","blockId":"B044","compatibleForms":["U02","U07","U01","U03","U08"]},"geometry":{"type":"Polygon","coordinates":[[[323.6325,789.7064285714285],[336.26750000000004,789.7064285714285],[336.26750000000004,805.6935714285714],[323.6325,805.6935714285714],[323.6325,789.7064285714285]]]}},{"type":"Feature","id":"P0843","properties":{"id":"P0843","layer":"ordinary_parcel","zoneId":"UF05","blockId":"B044","compatibleForms":["U02","U07","U01","U03","U08"]},"geometry":{"type":"Polygon","coordinates":[[[336.9325,789.7064285714285],[349.5675,789.7064285714285],[349.5675,805.6935714285714],[336.9325,805.6935714285714],[336.9325,789.7064285714285]]]}},{"type":"Feature","id":"P0844","properties":{"id":"P0844","layer":"ordinary_parcel","zoneId":"UF05","blockId":"B044","compatibleForms":["U02","U07","U01","U03","U08"]},"geometry":{"type":"Polygon","coordinates":[[[350.23249999999996,789.7064285714285],[362.8675,789.7064285714285],[362.8675,805.6935714285714],[350.23249999999996,805.6935714285714],[350.23249999999996,789.7064285714285]]]}},{"type":"Feature","id":"B045","properties":{"id":"B045","layer":"block_cluster","zoneId":"UF05","sequenceInZone":10},"geometry":{"type":"Polygon","coordinates":[[[396.8,772.4571428571428],[503.2,772.4571428571428],[503.2,806.1142857142858],[396.8,806.1142857142858],[396.8,772.4571428571428]]]}},{"type":"Feature","id":"P0845","properties":{"id":"P0845","layer":"ordinary_parcel","zoneId":"UF05","blockId":"B045","compatibleForms":["U02","U07","U01","U03","U08"]},"geometry":{"type":"Polygon","coordinates":[[[397.09555555555556,772.8778571428571],[408.32666666666665,772.8778571428571],[408.32666666666665,788.8649999999999],[397.09555555555556,788.8649999999999],[397.09555555555556,772.8778571428571]]]}},{"type":"Feature","id":"P0846","properties":{"id":"P0846","layer":"ordinary_parcel","zoneId":"UF05","blockId":"B045","compatibleForms":["U02","U07","U01","U03","U08"]},"geometry":{"type":"Polygon","coordinates":[[[408.91777777777776,772.8778571428571],[420.1488888888889,772.8778571428571],[420.1488888888889,788.8649999999999],[408.91777777777776,788.8649999999999],[408.91777777777776,772.8778571428571]]]}},{"type":"Feature","id":"P0847","properties":{"id":"P0847","layer":"ordinary_parcel","zoneId":"UF05","blockId":"B045","compatibleForms":["U02","U07","U01","U03","U08"]},"geometry":{"type":"Polygon","coordinates":[[[420.74,772.8778571428571],[431.9711111111111,772.8778571428571],[431.9711111111111,788.8649999999999],[420.74,788.8649999999999],[420.74,772.8778571428571]]]}},{"type":"Feature","id":"P0848","properties":{"id":"P0848","layer":"ordinary_parcel","zoneId":"UF05","blockId":"B045","compatibleForms":["U02","U07","U01","U03","U08"]},"geometry":{"type":"Polygon","coordinates":[[[432.5622222222222,772.8778571428571],[443.79333333333335,772.8778571428571],[443.79333333333335,788.8649999999999],[432.5622222222222,788.8649999999999],[432.5622222222222,772.8778571428571]]]}},{"type":"Feature","id":"P0849","properties":{"id":"P0849","layer":"ordinary_parcel","zoneId":"UF05","blockId":"B045","compatibleForms":["U02","U07","U01","U03","U08"]},"geometry":{"type":"Polygon","coordinates":[[[444.38444444444445,772.8778571428571],[455.61555555555555,772.8778571428571],[455.61555555555555,788.8649999999999],[444.38444444444445,788.8649999999999],[444.38444444444445,772.8778571428571]]]}},{"type":"Feature","id":"P0850","properties":{"id":"P0850","layer":"ordinary_parcel","zoneId":"UF05","blockId":"B045","compatibleForms":["U02","U07","U01","U03","U08"]},"geometry":{"type":"Polygon","coordinates":[[[456.20666666666665,772.8778571428571],[467.4377777777778,772.8778571428571],[467.4377777777778,788.8649999999999],[456.20666666666665,788.8649999999999],[456.20666666666665,772.8778571428571]]]}},{"type":"Feature","id":"P0851","properties":{"id":"P0851","layer":"ordinary_parcel","zoneId":"UF05","blockId":"B045","compatibleForms":["U02","U07","U01","U03","U08"]},"geometry":{"type":"Polygon","coordinates":[[[468.0288888888889,772.8778571428571],[479.26,772.8778571428571],[479.26,788.8649999999999],[468.0288888888889,788.8649999999999],[468.0288888888889,772.8778571428571]]]}},{"type":"Feature","id":"P0852","properties":{"id":"P0852","layer":"ordinary_parcel","zoneId":"UF05","blockId":"B045","compatibleForms":["U02","U07","U01","U03","U08"]},"geometry":{"type":"Polygon","coordinates":[[[479.8511111111111,772.8778571428571],[491.0822222222222,772.8778571428571],[491.0822222222222,788.8649999999999],[479.8511111111111,788.8649999999999],[479.8511111111111,772.8778571428571]]]}},{"type":"Feature","id":"P0853","properties":{"id":"P0853","layer":"ordinary_parcel","zoneId":"UF05","blockId":"B045","compatibleForms":["U02","U07","U01","U03","U08"]},"geometry":{"type":"Polygon","coordinates":[[[491.6733333333333,772.8778571428571],[502.90444444444444,772.8778571428571],[502.90444444444444,788.8649999999999],[491.6733333333333,788.8649999999999],[491.6733333333333,772.8778571428571]]]}},{"type":"Feature","id":"P0854","properties":{"id":"P0854","layer":"ordinary_parcel","zoneId":"UF05","blockId":"B045","compatibleForms":["U02","U07","U01","U03","U08"]},"geometry":{"type":"Polygon","coordinates":[[[397.1325,789.7064285714285],[409.76750000000004,789.7064285714285],[409.76750000000004,805.6935714285714],[397.1325,805.6935714285714],[397.1325,789.7064285714285]]]}},{"type":"Feature","id":"P0855","properties":{"id":"P0855","layer":"ordinary_parcel","zoneId":"UF05","blockId":"B045","compatibleForms":["U02","U07","U01","U03","U08"]},"geometry":{"type":"Polygon","coordinates":[[[410.4325,789.7064285714285],[423.0675,789.7064285714285],[423.0675,805.6935714285714],[410.4325,805.6935714285714],[410.4325,789.7064285714285]]]}},{"type":"Feature","id":"P0856","properties":{"id":"P0856","layer":"ordinary_parcel","zoneId":"UF05","blockId":"B045","compatibleForms":["U02","U07","U01","U03","U08"]},"geometry":{"type":"Polygon","coordinates":[[[423.73249999999996,789.7064285714285],[436.3675,789.7064285714285],[436.3675,805.6935714285714],[423.73249999999996,805.6935714285714],[423.73249999999996,789.7064285714285]]]}},{"type":"Feature","id":"P0857","properties":{"id":"P0857","layer":"ordinary_parcel","zoneId":"UF05","blockId":"B045","compatibleForms":["U02","U07","U01","U03","U08"]},"geometry":{"type":"Polygon","coordinates":[[[437.03249999999997,789.7064285714285],[449.6675,789.7064285714285],[449.6675,805.6935714285714],[437.03249999999997,805.6935714285714],[437.03249999999997,789.7064285714285]]]}},{"type":"Feature","id":"P0858","properties":{"id":"P0858","layer":"ordinary_parcel","zoneId":"UF05","blockId":"B045","compatibleForms":["U02","U07","U01","U03","U08"]},"geometry":{"type":"Polygon","coordinates":[[[450.3325,789.7064285714285],[462.96750000000003,789.7064285714285],[462.96750000000003,805.6935714285714],[450.3325,805.6935714285714],[450.3325,789.7064285714285]]]}},{"type":"Feature","id":"P0859","properties":{"id":"P0859","layer":"ordinary_parcel","zoneId":"UF05","blockId":"B045","compatibleForms":["U02","U07","U01","U03","U08"]},"geometry":{"type":"Polygon","coordinates":[[[463.6325,789.7064285714285],[476.26750000000004,789.7064285714285],[476.26750000000004,805.6935714285714],[463.6325,805.6935714285714],[463.6325,789.7064285714285]]]}},{"type":"Feature","id":"P0860","properties":{"id":"P0860","layer":"ordinary_parcel","zoneId":"UF05","blockId":"B045","compatibleForms":["U02","U07","U01","U03","U08"]},"geometry":{"type":"Polygon","coordinates":[[[476.9325,789.7064285714285],[489.5675,789.7064285714285],[489.5675,805.6935714285714],[476.9325,805.6935714285714],[476.9325,789.7064285714285]]]}},{"type":"Feature","id":"P0861","properties":{"id":"P0861","layer":"ordinary_parcel","zoneId":"UF05","blockId":"B045","compatibleForms":["U02","U07","U01","U03","U08"]},"geometry":{"type":"Polygon","coordinates":[[[490.23249999999996,789.7064285714285],[502.8675,789.7064285714285],[502.8675,805.6935714285714],[490.23249999999996,805.6935714285714],[490.23249999999996,789.7064285714285]]]}},{"type":"Feature","id":"B046","properties":{"id":"B046","layer":"block_cluster","zoneId":"UF05","sequenceInZone":11},"geometry":{"type":"Polygon","coordinates":[[[256.8,816.7428571428571],[363.2,816.7428571428571],[363.2,850.4000000000001],[256.8,850.4000000000001],[256.8,816.7428571428571]]]}},{"type":"Feature","id":"P0862","properties":{"id":"P0862","layer":"ordinary_parcel","zoneId":"UF05","blockId":"B046","compatibleForms":["U02","U07","U01","U03","U08"]},"geometry":{"type":"Polygon","coordinates":[[[257.09555555555556,817.1635714285715],[268.32666666666665,817.1635714285715],[268.32666666666665,833.1507142857143],[257.09555555555556,833.1507142857143],[257.09555555555556,817.1635714285715]]]}},{"type":"Feature","id":"P0863","properties":{"id":"P0863","layer":"ordinary_parcel","zoneId":"UF05","blockId":"B046","compatibleForms":["U02","U07","U01","U03","U08"]},"geometry":{"type":"Polygon","coordinates":[[[268.91777777777776,817.1635714285715],[280.1488888888889,817.1635714285715],[280.1488888888889,833.1507142857143],[268.91777777777776,833.1507142857143],[268.91777777777776,817.1635714285715]]]}},{"type":"Feature","id":"P0864","properties":{"id":"P0864","layer":"ordinary_parcel","zoneId":"UF05","blockId":"B046","compatibleForms":["U02","U07","U01","U03","U08"]},"geometry":{"type":"Polygon","coordinates":[[[280.74,817.1635714285715],[291.9711111111111,817.1635714285715],[291.9711111111111,833.1507142857143],[280.74,833.1507142857143],[280.74,817.1635714285715]]]}},{"type":"Feature","id":"P0865","properties":{"id":"P0865","layer":"ordinary_parcel","zoneId":"UF05","blockId":"B046","compatibleForms":["U02","U07","U01","U03","U08"]},"geometry":{"type":"Polygon","coordinates":[[[292.5622222222222,817.1635714285715],[303.79333333333335,817.1635714285715],[303.79333333333335,833.1507142857143],[292.5622222222222,833.1507142857143],[292.5622222222222,817.1635714285715]]]}},{"type":"Feature","id":"P0866","properties":{"id":"P0866","layer":"ordinary_parcel","zoneId":"UF05","blockId":"B046","compatibleForms":["U02","U07","U01","U03","U08"]},"geometry":{"type":"Polygon","coordinates":[[[304.38444444444445,817.1635714285715],[315.61555555555555,817.1635714285715],[315.61555555555555,833.1507142857143],[304.38444444444445,833.1507142857143],[304.38444444444445,817.1635714285715]]]}},{"type":"Feature","id":"P0867","properties":{"id":"P0867","layer":"ordinary_parcel","zoneId":"UF05","blockId":"B046","compatibleForms":["U02","U07","U01","U03","U08"]},"geometry":{"type":"Polygon","coordinates":[[[316.20666666666665,817.1635714285715],[327.4377777777778,817.1635714285715],[327.4377777777778,833.1507142857143],[316.20666666666665,833.1507142857143],[316.20666666666665,817.1635714285715]]]}},{"type":"Feature","id":"P0868","properties":{"id":"P0868","layer":"ordinary_parcel","zoneId":"UF05","blockId":"B046","compatibleForms":["U02","U07","U01","U03","U08"]},"geometry":{"type":"Polygon","coordinates":[[[328.0288888888889,817.1635714285715],[339.26,817.1635714285715],[339.26,833.1507142857143],[328.0288888888889,833.1507142857143],[328.0288888888889,817.1635714285715]]]}},{"type":"Feature","id":"P0869","properties":{"id":"P0869","layer":"ordinary_parcel","zoneId":"UF05","blockId":"B046","compatibleForms":["U02","U07","U01","U03","U08"]},"geometry":{"type":"Polygon","coordinates":[[[339.8511111111111,817.1635714285715],[351.0822222222222,817.1635714285715],[351.0822222222222,833.1507142857143],[339.8511111111111,833.1507142857143],[339.8511111111111,817.1635714285715]]]}},{"type":"Feature","id":"P0870","properties":{"id":"P0870","layer":"ordinary_parcel","zoneId":"UF05","blockId":"B046","compatibleForms":["U02","U07","U01","U03","U08"]},"geometry":{"type":"Polygon","coordinates":[[[351.6733333333333,817.1635714285715],[362.90444444444444,817.1635714285715],[362.90444444444444,833.1507142857143],[351.6733333333333,833.1507142857143],[351.6733333333333,817.1635714285715]]]}},{"type":"Feature","id":"P0871","properties":{"id":"P0871","layer":"ordinary_parcel","zoneId":"UF05","blockId":"B046","compatibleForms":["U02","U07","U01","U03","U08"]},"geometry":{"type":"Polygon","coordinates":[[[257.1325,833.992142857143],[269.76750000000004,833.992142857143],[269.76750000000004,849.9792857142858],[257.1325,849.9792857142858],[257.1325,833.992142857143]]]}},{"type":"Feature","id":"P0872","properties":{"id":"P0872","layer":"ordinary_parcel","zoneId":"UF05","blockId":"B046","compatibleForms":["U02","U07","U01","U03","U08"]},"geometry":{"type":"Polygon","coordinates":[[[270.4325,833.992142857143],[283.0675,833.992142857143],[283.0675,849.9792857142858],[270.4325,849.9792857142858],[270.4325,833.992142857143]]]}},{"type":"Feature","id":"P0873","properties":{"id":"P0873","layer":"ordinary_parcel","zoneId":"UF05","blockId":"B046","compatibleForms":["U02","U07","U01","U03","U08"]},"geometry":{"type":"Polygon","coordinates":[[[283.73249999999996,833.992142857143],[296.3675,833.992142857143],[296.3675,849.9792857142858],[283.73249999999996,849.9792857142858],[283.73249999999996,833.992142857143]]]}},{"type":"Feature","id":"P0874","properties":{"id":"P0874","layer":"ordinary_parcel","zoneId":"UF05","blockId":"B046","compatibleForms":["U02","U07","U01","U03","U08"]},"geometry":{"type":"Polygon","coordinates":[[[297.03249999999997,833.992142857143],[309.6675,833.992142857143],[309.6675,849.9792857142858],[297.03249999999997,849.9792857142858],[297.03249999999997,833.992142857143]]]}},{"type":"Feature","id":"P0875","properties":{"id":"P0875","layer":"ordinary_parcel","zoneId":"UF05","blockId":"B046","compatibleForms":["U02","U07","U01","U03","U08"]},"geometry":{"type":"Polygon","coordinates":[[[310.3325,833.992142857143],[322.96750000000003,833.992142857143],[322.96750000000003,849.9792857142858],[310.3325,849.9792857142858],[310.3325,833.992142857143]]]}},{"type":"Feature","id":"P0876","properties":{"id":"P0876","layer":"ordinary_parcel","zoneId":"UF05","blockId":"B046","compatibleForms":["U02","U07","U01","U03","U08"]},"geometry":{"type":"Polygon","coordinates":[[[323.6325,833.992142857143],[336.26750000000004,833.992142857143],[336.26750000000004,849.9792857142858],[323.6325,849.9792857142858],[323.6325,833.992142857143]]]}},{"type":"Feature","id":"P0877","properties":{"id":"P0877","layer":"ordinary_parcel","zoneId":"UF05","blockId":"B046","compatibleForms":["U02","U07","U01","U03","U08"]},"geometry":{"type":"Polygon","coordinates":[[[336.9325,833.992142857143],[349.5675,833.992142857143],[349.5675,849.9792857142858],[336.9325,849.9792857142858],[336.9325,833.992142857143]]]}},{"type":"Feature","id":"P0878","properties":{"id":"P0878","layer":"ordinary_parcel","zoneId":"UF05","blockId":"B046","compatibleForms":["U02","U07","U01","U03","U08"]},"geometry":{"type":"Polygon","coordinates":[[[350.23249999999996,833.992142857143],[362.8675,833.992142857143],[362.8675,849.9792857142858],[350.23249999999996,849.9792857142858],[350.23249999999996,833.992142857143]]]}},{"type":"Feature","id":"B047","properties":{"id":"B047","layer":"block_cluster","zoneId":"UF05","sequenceInZone":12},"geometry":{"type":"Polygon","coordinates":[[[256.8,861.0285714285715],[363.2,861.0285714285715],[363.2,894.6857142857143],[256.8,894.6857142857143],[256.8,861.0285714285715]]]}},{"type":"Feature","id":"P0879","properties":{"id":"P0879","layer":"ordinary_parcel","zoneId":"UF05","blockId":"B047","compatibleForms":["U02","U07","U01","U03","U08"]},"geometry":{"type":"Polygon","coordinates":[[[257.09555555555556,861.4492857142858],[268.32666666666665,861.4492857142858],[268.32666666666665,877.4364285714286],[257.09555555555556,877.4364285714286],[257.09555555555556,861.4492857142858]]]}},{"type":"Feature","id":"P0880","properties":{"id":"P0880","layer":"ordinary_parcel","zoneId":"UF05","blockId":"B047","compatibleForms":["U02","U07","U01","U03","U08"]},"geometry":{"type":"Polygon","coordinates":[[[268.91777777777776,861.4492857142858],[280.1488888888889,861.4492857142858],[280.1488888888889,877.4364285714286],[268.91777777777776,877.4364285714286],[268.91777777777776,861.4492857142858]]]}},{"type":"Feature","id":"P0881","properties":{"id":"P0881","layer":"ordinary_parcel","zoneId":"UF05","blockId":"B047","compatibleForms":["U02","U07","U01","U03","U08"]},"geometry":{"type":"Polygon","coordinates":[[[280.74,861.4492857142858],[291.9711111111111,861.4492857142858],[291.9711111111111,877.4364285714286],[280.74,877.4364285714286],[280.74,861.4492857142858]]]}},{"type":"Feature","id":"P0882","properties":{"id":"P0882","layer":"ordinary_parcel","zoneId":"UF05","blockId":"B047","compatibleForms":["U02","U07","U01","U03","U08"]},"geometry":{"type":"Polygon","coordinates":[[[292.5622222222222,861.4492857142858],[303.79333333333335,861.4492857142858],[303.79333333333335,877.4364285714286],[292.5622222222222,877.4364285714286],[292.5622222222222,861.4492857142858]]]}},{"type":"Feature","id":"P0883","properties":{"id":"P0883","layer":"ordinary_parcel","zoneId":"UF05","blockId":"B047","compatibleForms":["U02","U07","U01","U03","U08"]},"geometry":{"type":"Polygon","coordinates":[[[304.38444444444445,861.4492857142858],[315.61555555555555,861.4492857142858],[315.61555555555555,877.4364285714286],[304.38444444444445,877.4364285714286],[304.38444444444445,861.4492857142858]]]}},{"type":"Feature","id":"P0884","properties":{"id":"P0884","layer":"ordinary_parcel","zoneId":"UF05","blockId":"B047","compatibleForms":["U02","U07","U01","U03","U08"]},"geometry":{"type":"Polygon","coordinates":[[[316.20666666666665,861.4492857142858],[327.4377777777778,861.4492857142858],[327.4377777777778,877.4364285714286],[316.20666666666665,877.4364285714286],[316.20666666666665,861.4492857142858]]]}},{"type":"Feature","id":"P0885","properties":{"id":"P0885","layer":"ordinary_parcel","zoneId":"UF05","blockId":"B047","compatibleForms":["U02","U07","U01","U03","U08"]},"geometry":{"type":"Polygon","coordinates":[[[328.0288888888889,861.4492857142858],[339.26,861.4492857142858],[339.26,877.4364285714286],[328.0288888888889,877.4364285714286],[328.0288888888889,861.4492857142858]]]}},{"type":"Feature","id":"P0886","properties":{"id":"P0886","layer":"ordinary_parcel","zoneId":"UF05","blockId":"B047","compatibleForms":["U02","U07","U01","U03","U08"]},"geometry":{"type":"Polygon","coordinates":[[[339.8511111111111,861.4492857142858],[351.0822222222222,861.4492857142858],[351.0822222222222,877.4364285714286],[339.8511111111111,877.4364285714286],[339.8511111111111,861.4492857142858]]]}},{"type":"Feature","id":"P0887","properties":{"id":"P0887","layer":"ordinary_parcel","zoneId":"UF05","blockId":"B047","compatibleForms":["U02","U07","U01","U03","U08"]},"geometry":{"type":"Polygon","coordinates":[[[351.6733333333333,861.4492857142858],[362.90444444444444,861.4492857142858],[362.90444444444444,877.4364285714286],[351.6733333333333,877.4364285714286],[351.6733333333333,861.4492857142858]]]}},{"type":"Feature","id":"P0888","properties":{"id":"P0888","layer":"ordinary_parcel","zoneId":"UF05","blockId":"B047","compatibleForms":["U02","U07","U01","U03","U08"]},"geometry":{"type":"Polygon","coordinates":[[[257.1325,878.2778571428572],[269.76750000000004,878.2778571428572],[269.76750000000004,894.265],[257.1325,894.265],[257.1325,878.2778571428572]]]}},{"type":"Feature","id":"P0889","properties":{"id":"P0889","layer":"ordinary_parcel","zoneId":"UF05","blockId":"B047","compatibleForms":["U02","U07","U01","U03","U08"]},"geometry":{"type":"Polygon","coordinates":[[[270.4325,878.2778571428572],[283.0675,878.2778571428572],[283.0675,894.265],[270.4325,894.265],[270.4325,878.2778571428572]]]}},{"type":"Feature","id":"P0890","properties":{"id":"P0890","layer":"ordinary_parcel","zoneId":"UF05","blockId":"B047","compatibleForms":["U02","U07","U01","U03","U08"]},"geometry":{"type":"Polygon","coordinates":[[[283.73249999999996,878.2778571428572],[296.3675,878.2778571428572],[296.3675,894.265],[283.73249999999996,894.265],[283.73249999999996,878.2778571428572]]]}},{"type":"Feature","id":"P0891","properties":{"id":"P0891","layer":"ordinary_parcel","zoneId":"UF05","blockId":"B047","compatibleForms":["U02","U07","U01","U03","U08"]},"geometry":{"type":"Polygon","coordinates":[[[297.03249999999997,878.2778571428572],[309.6675,878.2778571428572],[309.6675,894.265],[297.03249999999997,894.265],[297.03249999999997,878.2778571428572]]]}},{"type":"Feature","id":"P0892","properties":{"id":"P0892","layer":"ordinary_parcel","zoneId":"UF05","blockId":"B047","compatibleForms":["U02","U07","U01","U03","U08"]},"geometry":{"type":"Polygon","coordinates":[[[310.3325,878.2778571428572],[322.96750000000003,878.2778571428572],[322.96750000000003,894.265],[310.3325,894.265],[310.3325,878.2778571428572]]]}},{"type":"Feature","id":"P0893","properties":{"id":"P0893","layer":"ordinary_parcel","zoneId":"UF05","blockId":"B047","compatibleForms":["U02","U07","U01","U03","U08"]},"geometry":{"type":"Polygon","coordinates":[[[323.6325,878.2778571428572],[336.26750000000004,878.2778571428572],[336.26750000000004,894.265],[323.6325,894.265],[323.6325,878.2778571428572]]]}},{"type":"Feature","id":"P0894","properties":{"id":"P0894","layer":"ordinary_parcel","zoneId":"UF05","blockId":"B047","compatibleForms":["U02","U07","U01","U03","U08"]},"geometry":{"type":"Polygon","coordinates":[[[336.9325,878.2778571428572],[349.5675,878.2778571428572],[349.5675,894.265],[336.9325,894.265],[336.9325,878.2778571428572]]]}},{"type":"Feature","id":"P0895","properties":{"id":"P0895","layer":"ordinary_parcel","zoneId":"UF05","blockId":"B047","compatibleForms":["U02","U07","U01","U03","U08"]},"geometry":{"type":"Polygon","coordinates":[[[350.23249999999996,878.2778571428572],[362.8675,878.2778571428572],[362.8675,894.265],[350.23249999999996,894.265],[350.23249999999996,878.2778571428572]]]}},{"type":"Feature","id":"B048","properties":{"id":"B048","layer":"block_cluster","zoneId":"UF06","sequenceInZone":1},"geometry":{"type":"Polygon","coordinates":[[[505.2,540.4],[556.2285714285714,540.4],[556.2285714285714,622.1],[505.2,622.1],[505.2,540.4]]]}},{"type":"Feature","id":"P0896","properties":{"id":"P0896","layer":"ordinary_parcel","zoneId":"UF06","blockId":"B048","compatibleForms":["U02","U07","U01","U03","U08"]},"geometry":{"type":"Polygon","coordinates":[[[505.51892857142855,540.8085],[517.6382142857142,540.8085],[517.6382142857142,556.3315],[505.51892857142855,556.3315],[505.51892857142855,540.8085]]]}},{"type":"Feature","id":"P0897","properties":{"id":"P0897","layer":"ordinary_parcel","zoneId":"UF06","blockId":"B048","compatibleForms":["U02","U07","U01","U03","U08"]},"geometry":{"type":"Polygon","coordinates":[[[518.2760714285714,540.8085],[530.395357142857,540.8085],[530.395357142857,556.3315],[518.2760714285714,556.3315],[518.2760714285714,540.8085]]]}},{"type":"Feature","id":"P0898","properties":{"id":"P0898","layer":"ordinary_parcel","zoneId":"UF06","blockId":"B048","compatibleForms":["U02","U07","U01","U03","U08"]},"geometry":{"type":"Polygon","coordinates":[[[531.0332142857143,540.8085],[543.1524999999999,540.8085],[543.1524999999999,556.3315],[531.0332142857143,556.3315],[531.0332142857143,540.8085]]]}},{"type":"Feature","id":"P0899","properties":{"id":"P0899","layer":"ordinary_parcel","zoneId":"UF06","blockId":"B048","compatibleForms":["U02","U07","U01","U03","U08"]},"geometry":{"type":"Polygon","coordinates":[[[543.7903571428571,540.8085],[555.9096428571428,540.8085],[555.9096428571428,556.3315],[543.7903571428571,556.3315],[543.7903571428571,540.8085]]]}},{"type":"Feature","id":"P0900","properties":{"id":"P0900","layer":"ordinary_parcel","zoneId":"UF06","blockId":"B048","compatibleForms":["U02","U07","U01","U03","U08"]},"geometry":{"type":"Polygon","coordinates":[[[505.51892857142855,557.1485],[517.6382142857142,557.1485],[517.6382142857142,572.6715],[505.51892857142855,572.6715],[505.51892857142855,557.1485]]]}},{"type":"Feature","id":"P0901","properties":{"id":"P0901","layer":"ordinary_parcel","zoneId":"UF06","blockId":"B048","compatibleForms":["U02","U07","U01","U03","U08"]},"geometry":{"type":"Polygon","coordinates":[[[518.2760714285714,557.1485],[530.395357142857,557.1485],[530.395357142857,572.6715],[518.2760714285714,572.6715],[518.2760714285714,557.1485]]]}},{"type":"Feature","id":"P0902","properties":{"id":"P0902","layer":"ordinary_parcel","zoneId":"UF06","blockId":"B048","compatibleForms":["U02","U07","U01","U03","U08"]},"geometry":{"type":"Polygon","coordinates":[[[531.0332142857143,557.1485],[543.1524999999999,557.1485],[543.1524999999999,572.6715],[531.0332142857143,572.6715],[531.0332142857143,557.1485]]]}},{"type":"Feature","id":"P0903","properties":{"id":"P0903","layer":"ordinary_parcel","zoneId":"UF06","blockId":"B048","compatibleForms":["U02","U07","U01","U03","U08"]},"geometry":{"type":"Polygon","coordinates":[[[543.7903571428571,557.1485],[555.9096428571428,557.1485],[555.9096428571428,572.6715],[543.7903571428571,572.6715],[543.7903571428571,557.1485]]]}},{"type":"Feature","id":"P0904","properties":{"id":"P0904","layer":"ordinary_parcel","zoneId":"UF06","blockId":"B048","compatibleForms":["U02","U07","U01","U03","U08"]},"geometry":{"type":"Polygon","coordinates":[[[505.51892857142855,573.4885],[517.6382142857142,573.4885],[517.6382142857142,589.0115],[505.51892857142855,589.0115],[505.51892857142855,573.4885]]]}},{"type":"Feature","id":"P0905","properties":{"id":"P0905","layer":"ordinary_parcel","zoneId":"UF06","blockId":"B048","compatibleForms":["U02","U07","U01","U03","U08"]},"geometry":{"type":"Polygon","coordinates":[[[518.2760714285714,573.4885],[530.395357142857,573.4885],[530.395357142857,589.0115],[518.2760714285714,589.0115],[518.2760714285714,573.4885]]]}},{"type":"Feature","id":"P0906","properties":{"id":"P0906","layer":"ordinary_parcel","zoneId":"UF06","blockId":"B048","compatibleForms":["U02","U07","U01","U03","U08"]},"geometry":{"type":"Polygon","coordinates":[[[531.0332142857143,573.4885],[543.1524999999999,573.4885],[543.1524999999999,589.0115],[531.0332142857143,589.0115],[531.0332142857143,573.4885]]]}},{"type":"Feature","id":"P0907","properties":{"id":"P0907","layer":"ordinary_parcel","zoneId":"UF06","blockId":"B048","compatibleForms":["U02","U07","U01","U03","U08"]},"geometry":{"type":"Polygon","coordinates":[[[543.7903571428571,573.4885],[555.9096428571428,573.4885],[555.9096428571428,589.0115],[543.7903571428571,589.0115],[543.7903571428571,573.4885]]]}},{"type":"Feature","id":"P0908","properties":{"id":"P0908","layer":"ordinary_parcel","zoneId":"UF06","blockId":"B048","compatibleForms":["U02","U07","U01","U03","U08"]},"geometry":{"type":"Polygon","coordinates":[[[505.6252380952381,589.8285],[521.7842857142857,589.8285],[521.7842857142857,605.3515],[505.6252380952381,605.3515],[505.6252380952381,589.8285]]]}},{"type":"Feature","id":"P0909","properties":{"id":"P0909","layer":"ordinary_parcel","zoneId":"UF06","blockId":"B048","compatibleForms":["U02","U07","U01","U03","U08"]},"geometry":{"type":"Polygon","coordinates":[[[522.634761904762,589.8285],[538.7938095238095,589.8285],[538.7938095238095,605.3515],[522.634761904762,605.3515],[522.634761904762,589.8285]]]}},{"type":"Feature","id":"P0910","properties":{"id":"P0910","layer":"ordinary_parcel","zoneId":"UF06","blockId":"B048","compatibleForms":["U02","U07","U01","U03","U08"]},"geometry":{"type":"Polygon","coordinates":[[[539.6442857142857,589.8285],[555.8033333333333,589.8285],[555.8033333333333,605.3515],[539.6442857142857,605.3515],[539.6442857142857,589.8285]]]}},{"type":"Feature","id":"P0911","properties":{"id":"P0911","layer":"ordinary_parcel","zoneId":"UF06","blockId":"B048","compatibleForms":["U02","U07","U01","U03","U08"]},"geometry":{"type":"Polygon","coordinates":[[[505.6252380952381,606.1685],[521.7842857142857,606.1685],[521.7842857142857,621.6915],[505.6252380952381,621.6915],[505.6252380952381,606.1685]]]}},{"type":"Feature","id":"P0912","properties":{"id":"P0912","layer":"ordinary_parcel","zoneId":"UF06","blockId":"B048","compatibleForms":["U02","U07","U01","U03","U08"]},"geometry":{"type":"Polygon","coordinates":[[[522.634761904762,606.1685],[538.7938095238095,606.1685],[538.7938095238095,621.6915],[522.634761904762,621.6915],[522.634761904762,606.1685]]]}},{"type":"Feature","id":"P0913","properties":{"id":"P0913","layer":"ordinary_parcel","zoneId":"UF06","blockId":"B048","compatibleForms":["U02","U07","U01","U03","U08"]},"geometry":{"type":"Polygon","coordinates":[[[539.6442857142857,606.1685],[555.8033333333333,606.1685],[555.8033333333333,621.6915],[539.6442857142857,621.6915],[539.6442857142857,606.1685]]]}},{"type":"Feature","id":"B049","properties":{"id":"B049","layer":"block_cluster","zoneId":"UF06","sequenceInZone":2},"geometry":{"type":"Polygon","coordinates":[[[572.342857142857,540.4],[623.3714285714286,540.4],[623.3714285714286,622.1],[572.342857142857,622.1],[572.342857142857,540.4]]]}},{"type":"Feature","id":"P0914","properties":{"id":"P0914","layer":"ordinary_parcel","zoneId":"UF06","blockId":"B049","compatibleForms":["U02","U07","U01","U03","U08"]},"geometry":{"type":"Polygon","coordinates":[[[572.6617857142857,540.8085],[584.7810714285713,540.8085],[584.7810714285713,556.3315],[572.6617857142857,556.3315],[572.6617857142857,540.8085]]]}},{"type":"Feature","id":"P0915","properties":{"id":"P0915","layer":"ordinary_parcel","zoneId":"UF06","blockId":"B049","compatibleForms":["U02","U07","U01","U03","U08"]},"geometry":{"type":"Polygon","coordinates":[[[585.4189285714285,540.8085],[597.5382142857143,540.8085],[597.5382142857143,556.3315],[585.4189285714285,556.3315],[585.4189285714285,540.8085]]]}},{"type":"Feature","id":"P0916","properties":{"id":"P0916","layer":"ordinary_parcel","zoneId":"UF06","blockId":"B049","compatibleForms":["U02","U07","U01","U03","U08"]},"geometry":{"type":"Polygon","coordinates":[[[598.1760714285715,540.8085],[610.2953571428571,540.8085],[610.2953571428571,556.3315],[598.1760714285715,556.3315],[598.1760714285715,540.8085]]]}},{"type":"Feature","id":"P0917","properties":{"id":"P0917","layer":"ordinary_parcel","zoneId":"UF06","blockId":"B049","compatibleForms":["U02","U07","U01","U03","U08"]},"geometry":{"type":"Polygon","coordinates":[[[610.9332142857144,540.8085],[623.0525,540.8085],[623.0525,556.3315],[610.9332142857144,556.3315],[610.9332142857144,540.8085]]]}},{"type":"Feature","id":"P0918","properties":{"id":"P0918","layer":"ordinary_parcel","zoneId":"UF06","blockId":"B049","compatibleForms":["U02","U07","U01","U03","U08"]},"geometry":{"type":"Polygon","coordinates":[[[572.6617857142857,557.1485],[584.7810714285713,557.1485],[584.7810714285713,572.6715],[572.6617857142857,572.6715],[572.6617857142857,557.1485]]]}},{"type":"Feature","id":"P0919","properties":{"id":"P0919","layer":"ordinary_parcel","zoneId":"UF06","blockId":"B049","compatibleForms":["U02","U07","U01","U03","U08"]},"geometry":{"type":"Polygon","coordinates":[[[585.4189285714285,557.1485],[597.5382142857143,557.1485],[597.5382142857143,572.6715],[585.4189285714285,572.6715],[585.4189285714285,557.1485]]]}},{"type":"Feature","id":"P0920","properties":{"id":"P0920","layer":"ordinary_parcel","zoneId":"UF06","blockId":"B049","compatibleForms":["U02","U07","U01","U03","U08"]},"geometry":{"type":"Polygon","coordinates":[[[598.1760714285715,557.1485],[610.2953571428571,557.1485],[610.2953571428571,572.6715],[598.1760714285715,572.6715],[598.1760714285715,557.1485]]]}},{"type":"Feature","id":"P0921","properties":{"id":"P0921","layer":"ordinary_parcel","zoneId":"UF06","blockId":"B049","compatibleForms":["U02","U07","U01","U03","U08"]},"geometry":{"type":"Polygon","coordinates":[[[610.9332142857144,557.1485],[623.0525,557.1485],[623.0525,572.6715],[610.9332142857144,572.6715],[610.9332142857144,557.1485]]]}},{"type":"Feature","id":"P0922","properties":{"id":"P0922","layer":"ordinary_parcel","zoneId":"UF06","blockId":"B049","compatibleForms":["U02","U07","U01","U03","U08"]},"geometry":{"type":"Polygon","coordinates":[[[572.6617857142857,573.4885],[584.7810714285713,573.4885],[584.7810714285713,589.0115],[572.6617857142857,589.0115],[572.6617857142857,573.4885]]]}},{"type":"Feature","id":"P0923","properties":{"id":"P0923","layer":"ordinary_parcel","zoneId":"UF06","blockId":"B049","compatibleForms":["U02","U07","U01","U03","U08"]},"geometry":{"type":"Polygon","coordinates":[[[585.4189285714285,573.4885],[597.5382142857143,573.4885],[597.5382142857143,589.0115],[585.4189285714285,589.0115],[585.4189285714285,573.4885]]]}},{"type":"Feature","id":"P0924","properties":{"id":"P0924","layer":"ordinary_parcel","zoneId":"UF06","blockId":"B049","compatibleForms":["U02","U07","U01","U03","U08"]},"geometry":{"type":"Polygon","coordinates":[[[598.1760714285715,573.4885],[610.2953571428571,573.4885],[610.2953571428571,589.0115],[598.1760714285715,589.0115],[598.1760714285715,573.4885]]]}},{"type":"Feature","id":"P0925","properties":{"id":"P0925","layer":"ordinary_parcel","zoneId":"UF06","blockId":"B049","compatibleForms":["U02","U07","U01","U03","U08"]},"geometry":{"type":"Polygon","coordinates":[[[610.9332142857144,573.4885],[623.0525,573.4885],[623.0525,589.0115],[610.9332142857144,589.0115],[610.9332142857144,573.4885]]]}},{"type":"Feature","id":"P0926","properties":{"id":"P0926","layer":"ordinary_parcel","zoneId":"UF06","blockId":"B049","compatibleForms":["U02","U07","U01","U03","U08"]},"geometry":{"type":"Polygon","coordinates":[[[572.7680952380952,589.8285],[588.9271428571428,589.8285],[588.9271428571428,605.3515],[572.7680952380952,605.3515],[572.7680952380952,589.8285]]]}},{"type":"Feature","id":"P0927","properties":{"id":"P0927","layer":"ordinary_parcel","zoneId":"UF06","blockId":"B049","compatibleForms":["U02","U07","U01","U03","U08"]},"geometry":{"type":"Polygon","coordinates":[[[589.777619047619,589.8285],[605.9366666666666,589.8285],[605.9366666666666,605.3515],[589.777619047619,605.3515],[589.777619047619,589.8285]]]}},{"type":"Feature","id":"P0928","properties":{"id":"P0928","layer":"ordinary_parcel","zoneId":"UF06","blockId":"B049","compatibleForms":["U02","U07","U01","U03","U08"]},"geometry":{"type":"Polygon","coordinates":[[[606.7871428571428,589.8285],[622.9461904761905,589.8285],[622.9461904761905,605.3515],[606.7871428571428,605.3515],[606.7871428571428,589.8285]]]}},{"type":"Feature","id":"P0929","properties":{"id":"P0929","layer":"ordinary_parcel","zoneId":"UF06","blockId":"B049","compatibleForms":["U02","U07","U01","U03","U08"]},"geometry":{"type":"Polygon","coordinates":[[[572.7680952380952,606.1685],[588.9271428571428,606.1685],[588.9271428571428,621.6915],[572.7680952380952,621.6915],[572.7680952380952,606.1685]]]}},{"type":"Feature","id":"P0930","properties":{"id":"P0930","layer":"ordinary_parcel","zoneId":"UF06","blockId":"B049","compatibleForms":["U02","U07","U01","U03","U08"]},"geometry":{"type":"Polygon","coordinates":[[[589.777619047619,606.1685],[605.9366666666666,606.1685],[605.9366666666666,621.6915],[589.777619047619,621.6915],[589.777619047619,606.1685]]]}},{"type":"Feature","id":"P0931","properties":{"id":"P0931","layer":"ordinary_parcel","zoneId":"UF06","blockId":"B049","compatibleForms":["U02","U07","U01","U03","U08"]},"geometry":{"type":"Polygon","coordinates":[[[606.7871428571428,606.1685],[622.9461904761905,606.1685],[622.9461904761905,621.6915],[606.7871428571428,621.6915],[606.7871428571428,606.1685]]]}},{"type":"Feature","id":"B050","properties":{"id":"B050","layer":"block_cluster","zoneId":"UF06","sequenceInZone":3},"geometry":{"type":"Polygon","coordinates":[[[639.4857142857143,540.4],[690.5142857142857,540.4],[690.5142857142857,622.1],[639.4857142857143,622.1],[639.4857142857143,540.4]]]}},{"type":"Feature","id":"P0932","properties":{"id":"P0932","layer":"ordinary_parcel","zoneId":"UF06","blockId":"B050","compatibleForms":["U02","U07","U01","U03","U08"]},"geometry":{"type":"Polygon","coordinates":[[[639.8046428571429,540.8085],[651.9239285714285,540.8085],[651.9239285714285,556.3315],[639.8046428571429,556.3315],[639.8046428571429,540.8085]]]}},{"type":"Feature","id":"P0933","properties":{"id":"P0933","layer":"ordinary_parcel","zoneId":"UF06","blockId":"B050","compatibleForms":["U02","U07","U01","U03","U08"]},"geometry":{"type":"Polygon","coordinates":[[[652.5617857142857,540.8085],[664.6810714285714,540.8085],[664.6810714285714,556.3315],[652.5617857142857,556.3315],[652.5617857142857,540.8085]]]}},{"type":"Feature","id":"P0934","properties":{"id":"P0934","layer":"ordinary_parcel","zoneId":"UF06","blockId":"B050","compatibleForms":["U02","U07","U01","U03","U08"]},"geometry":{"type":"Polygon","coordinates":[[[665.3189285714286,540.8085],[677.4382142857143,540.8085],[677.4382142857143,556.3315],[665.3189285714286,556.3315],[665.3189285714286,540.8085]]]}},{"type":"Feature","id":"P0935","properties":{"id":"P0935","layer":"ordinary_parcel","zoneId":"UF06","blockId":"B050","compatibleForms":["U02","U07","U01","U03","U08"]},"geometry":{"type":"Polygon","coordinates":[[[678.0760714285715,540.8085],[690.1953571428571,540.8085],[690.1953571428571,556.3315],[678.0760714285715,556.3315],[678.0760714285715,540.8085]]]}},{"type":"Feature","id":"P0936","properties":{"id":"P0936","layer":"ordinary_parcel","zoneId":"UF06","blockId":"B050","compatibleForms":["U02","U07","U01","U03","U08"]},"geometry":{"type":"Polygon","coordinates":[[[639.8046428571429,557.1485],[651.9239285714285,557.1485],[651.9239285714285,572.6715],[639.8046428571429,572.6715],[639.8046428571429,557.1485]]]}},{"type":"Feature","id":"P0937","properties":{"id":"P0937","layer":"ordinary_parcel","zoneId":"UF06","blockId":"B050","compatibleForms":["U02","U07","U01","U03","U08"]},"geometry":{"type":"Polygon","coordinates":[[[652.5617857142857,557.1485],[664.6810714285714,557.1485],[664.6810714285714,572.6715],[652.5617857142857,572.6715],[652.5617857142857,557.1485]]]}},{"type":"Feature","id":"P0938","properties":{"id":"P0938","layer":"ordinary_parcel","zoneId":"UF06","blockId":"B050","compatibleForms":["U02","U07","U01","U03","U08"]},"geometry":{"type":"Polygon","coordinates":[[[665.3189285714286,557.1485],[677.4382142857143,557.1485],[677.4382142857143,572.6715],[665.3189285714286,572.6715],[665.3189285714286,557.1485]]]}},{"type":"Feature","id":"P0939","properties":{"id":"P0939","layer":"ordinary_parcel","zoneId":"UF06","blockId":"B050","compatibleForms":["U02","U07","U01","U03","U08"]},"geometry":{"type":"Polygon","coordinates":[[[678.0760714285715,557.1485],[690.1953571428571,557.1485],[690.1953571428571,572.6715],[678.0760714285715,572.6715],[678.0760714285715,557.1485]]]}},{"type":"Feature","id":"P0940","properties":{"id":"P0940","layer":"ordinary_parcel","zoneId":"UF06","blockId":"B050","compatibleForms":["U02","U07","U01","U03","U08"]},"geometry":{"type":"Polygon","coordinates":[[[639.8046428571429,573.4885],[651.9239285714285,573.4885],[651.9239285714285,589.0115],[639.8046428571429,589.0115],[639.8046428571429,573.4885]]]}},{"type":"Feature","id":"P0941","properties":{"id":"P0941","layer":"ordinary_parcel","zoneId":"UF06","blockId":"B050","compatibleForms":["U02","U07","U01","U03","U08"]},"geometry":{"type":"Polygon","coordinates":[[[652.5617857142857,573.4885],[664.6810714285714,573.4885],[664.6810714285714,589.0115],[652.5617857142857,589.0115],[652.5617857142857,573.4885]]]}},{"type":"Feature","id":"P0942","properties":{"id":"P0942","layer":"ordinary_parcel","zoneId":"UF06","blockId":"B050","compatibleForms":["U02","U07","U01","U03","U08"]},"geometry":{"type":"Polygon","coordinates":[[[665.3189285714286,573.4885],[677.4382142857143,573.4885],[677.4382142857143,589.0115],[665.3189285714286,589.0115],[665.3189285714286,573.4885]]]}},{"type":"Feature","id":"P0943","properties":{"id":"P0943","layer":"ordinary_parcel","zoneId":"UF06","blockId":"B050","compatibleForms":["U02","U07","U01","U03","U08"]},"geometry":{"type":"Polygon","coordinates":[[[678.0760714285715,573.4885],[690.1953571428571,573.4885],[690.1953571428571,589.0115],[678.0760714285715,589.0115],[678.0760714285715,573.4885]]]}},{"type":"Feature","id":"P0944","properties":{"id":"P0944","layer":"ordinary_parcel","zoneId":"UF06","blockId":"B050","compatibleForms":["U02","U07","U01","U03","U08"]},"geometry":{"type":"Polygon","coordinates":[[[639.9109523809524,589.8285],[656.0699999999999,589.8285],[656.0699999999999,605.3515],[639.9109523809524,605.3515],[639.9109523809524,589.8285]]]}},{"type":"Feature","id":"P0945","properties":{"id":"P0945","layer":"ordinary_parcel","zoneId":"UF06","blockId":"B050","compatibleForms":["U02","U07","U01","U03","U08"]},"geometry":{"type":"Polygon","coordinates":[[[656.9204761904762,589.8285],[673.0795238095238,589.8285],[673.0795238095238,605.3515],[656.9204761904762,605.3515],[656.9204761904762,589.8285]]]}},{"type":"Feature","id":"P0946","properties":{"id":"P0946","layer":"ordinary_parcel","zoneId":"UF06","blockId":"B050","compatibleForms":["U02","U07","U01","U03","U08"]},"geometry":{"type":"Polygon","coordinates":[[[673.9300000000001,589.8285],[690.0890476190476,589.8285],[690.0890476190476,605.3515],[673.9300000000001,605.3515],[673.9300000000001,589.8285]]]}},{"type":"Feature","id":"P0947","properties":{"id":"P0947","layer":"ordinary_parcel","zoneId":"UF06","blockId":"B050","compatibleForms":["U02","U07","U01","U03","U08"]},"geometry":{"type":"Polygon","coordinates":[[[639.9109523809524,606.1685],[656.0699999999999,606.1685],[656.0699999999999,621.6915],[639.9109523809524,621.6915],[639.9109523809524,606.1685]]]}},{"type":"Feature","id":"P0948","properties":{"id":"P0948","layer":"ordinary_parcel","zoneId":"UF06","blockId":"B050","compatibleForms":["U02","U07","U01","U03","U08"]},"geometry":{"type":"Polygon","coordinates":[[[656.9204761904762,606.1685],[673.0795238095238,606.1685],[673.0795238095238,621.6915],[656.9204761904762,621.6915],[656.9204761904762,606.1685]]]}},{"type":"Feature","id":"P0949","properties":{"id":"P0949","layer":"ordinary_parcel","zoneId":"UF06","blockId":"B050","compatibleForms":["U02","U07","U01","U03","U08"]},"geometry":{"type":"Polygon","coordinates":[[[673.9300000000001,606.1685],[690.0890476190476,606.1685],[690.0890476190476,621.6915],[673.9300000000001,621.6915],[673.9300000000001,606.1685]]]}},{"type":"Feature","id":"B051","properties":{"id":"B051","layer":"block_cluster","zoneId":"UF06","sequenceInZone":4},"geometry":{"type":"Polygon","coordinates":[[[706.6285714285714,540.4],[757.6571428571428,540.4],[757.6571428571428,622.1],[706.6285714285714,622.1],[706.6285714285714,540.4]]]}},{"type":"Feature","id":"P0950","properties":{"id":"P0950","layer":"ordinary_parcel","zoneId":"UF06","blockId":"B051","compatibleForms":["U02","U07","U01","U03","U08"]},"geometry":{"type":"Polygon","coordinates":[[[706.9475,540.8085],[719.0667857142856,540.8085],[719.0667857142856,556.3315],[706.9475,556.3315],[706.9475,540.8085]]]}},{"type":"Feature","id":"P0951","properties":{"id":"P0951","layer":"ordinary_parcel","zoneId":"UF06","blockId":"B051","compatibleForms":["U02","U07","U01","U03","U08"]},"geometry":{"type":"Polygon","coordinates":[[[719.7046428571429,540.8085],[731.8239285714285,540.8085],[731.8239285714285,556.3315],[719.7046428571429,556.3315],[719.7046428571429,540.8085]]]}},{"type":"Feature","id":"P0952","properties":{"id":"P0952","layer":"ordinary_parcel","zoneId":"UF06","blockId":"B051","compatibleForms":["U02","U07","U01","U03","U08"]},"geometry":{"type":"Polygon","coordinates":[[[732.4617857142857,540.8085],[744.5810714285714,540.8085],[744.5810714285714,556.3315],[732.4617857142857,556.3315],[732.4617857142857,540.8085]]]}},{"type":"Feature","id":"P0953","properties":{"id":"P0953","layer":"ordinary_parcel","zoneId":"UF06","blockId":"B051","compatibleForms":["U02","U07","U01","U03","U08"]},"geometry":{"type":"Polygon","coordinates":[[[745.2189285714286,540.8085],[757.3382142857142,540.8085],[757.3382142857142,556.3315],[745.2189285714286,556.3315],[745.2189285714286,540.8085]]]}},{"type":"Feature","id":"P0954","properties":{"id":"P0954","layer":"ordinary_parcel","zoneId":"UF06","blockId":"B051","compatibleForms":["U02","U07","U01","U03","U08"]},"geometry":{"type":"Polygon","coordinates":[[[706.9475,557.1485],[719.0667857142856,557.1485],[719.0667857142856,572.6715],[706.9475,572.6715],[706.9475,557.1485]]]}},{"type":"Feature","id":"P0955","properties":{"id":"P0955","layer":"ordinary_parcel","zoneId":"UF06","blockId":"B051","compatibleForms":["U02","U07","U01","U03","U08"]},"geometry":{"type":"Polygon","coordinates":[[[719.7046428571429,557.1485],[731.8239285714285,557.1485],[731.8239285714285,572.6715],[719.7046428571429,572.6715],[719.7046428571429,557.1485]]]}},{"type":"Feature","id":"P0956","properties":{"id":"P0956","layer":"ordinary_parcel","zoneId":"UF06","blockId":"B051","compatibleForms":["U02","U07","U01","U03","U08"]},"geometry":{"type":"Polygon","coordinates":[[[732.4617857142857,557.1485],[744.5810714285714,557.1485],[744.5810714285714,572.6715],[732.4617857142857,572.6715],[732.4617857142857,557.1485]]]}},{"type":"Feature","id":"P0957","properties":{"id":"P0957","layer":"ordinary_parcel","zoneId":"UF06","blockId":"B051","compatibleForms":["U02","U07","U01","U03","U08"]},"geometry":{"type":"Polygon","coordinates":[[[745.2189285714286,557.1485],[757.3382142857142,557.1485],[757.3382142857142,572.6715],[745.2189285714286,572.6715],[745.2189285714286,557.1485]]]}},{"type":"Feature","id":"P0958","properties":{"id":"P0958","layer":"ordinary_parcel","zoneId":"UF06","blockId":"B051","compatibleForms":["U02","U07","U01","U03","U08"]},"geometry":{"type":"Polygon","coordinates":[[[706.9475,573.4885],[719.0667857142856,573.4885],[719.0667857142856,589.0115],[706.9475,589.0115],[706.9475,573.4885]]]}},{"type":"Feature","id":"P0959","properties":{"id":"P0959","layer":"ordinary_parcel","zoneId":"UF06","blockId":"B051","compatibleForms":["U02","U07","U01","U03","U08"]},"geometry":{"type":"Polygon","coordinates":[[[719.7046428571429,573.4885],[731.8239285714285,573.4885],[731.8239285714285,589.0115],[719.7046428571429,589.0115],[719.7046428571429,573.4885]]]}},{"type":"Feature","id":"P0960","properties":{"id":"P0960","layer":"ordinary_parcel","zoneId":"UF06","blockId":"B051","compatibleForms":["U02","U07","U01","U03","U08"]},"geometry":{"type":"Polygon","coordinates":[[[732.4617857142857,573.4885],[744.5810714285714,573.4885],[744.5810714285714,589.0115],[732.4617857142857,589.0115],[732.4617857142857,573.4885]]]}},{"type":"Feature","id":"P0961","properties":{"id":"P0961","layer":"ordinary_parcel","zoneId":"UF06","blockId":"B051","compatibleForms":["U02","U07","U01","U03","U08"]},"geometry":{"type":"Polygon","coordinates":[[[745.2189285714286,573.4885],[757.3382142857142,573.4885],[757.3382142857142,589.0115],[745.2189285714286,589.0115],[745.2189285714286,573.4885]]]}},{"type":"Feature","id":"P0962","properties":{"id":"P0962","layer":"ordinary_parcel","zoneId":"UF06","blockId":"B051","compatibleForms":["U02","U07","U01","U03","U08"]},"geometry":{"type":"Polygon","coordinates":[[[707.0538095238095,589.8285],[723.212857142857,589.8285],[723.212857142857,605.3515],[707.0538095238095,605.3515],[707.0538095238095,589.8285]]]}},{"type":"Feature","id":"P0963","properties":{"id":"P0963","layer":"ordinary_parcel","zoneId":"UF06","blockId":"B051","compatibleForms":["U02","U07","U01","U03","U08"]},"geometry":{"type":"Polygon","coordinates":[[[724.0633333333333,589.8285],[740.222380952381,589.8285],[740.222380952381,605.3515],[724.0633333333333,605.3515],[724.0633333333333,589.8285]]]}},{"type":"Feature","id":"P0964","properties":{"id":"P0964","layer":"ordinary_parcel","zoneId":"UF06","blockId":"B051","compatibleForms":["U02","U07","U01","U03","U08"]},"geometry":{"type":"Polygon","coordinates":[[[741.0728571428572,589.8285],[757.2319047619047,589.8285],[757.2319047619047,605.3515],[741.0728571428572,605.3515],[741.0728571428572,589.8285]]]}},{"type":"Feature","id":"P0965","properties":{"id":"P0965","layer":"ordinary_parcel","zoneId":"UF06","blockId":"B051","compatibleForms":["U02","U07","U01","U03","U08"]},"geometry":{"type":"Polygon","coordinates":[[[707.0538095238095,606.1685],[723.212857142857,606.1685],[723.212857142857,621.6915],[707.0538095238095,621.6915],[707.0538095238095,606.1685]]]}},{"type":"Feature","id":"P0966","properties":{"id":"P0966","layer":"ordinary_parcel","zoneId":"UF06","blockId":"B051","compatibleForms":["U02","U07","U01","U03","U08"]},"geometry":{"type":"Polygon","coordinates":[[[724.0633333333333,606.1685],[740.222380952381,606.1685],[740.222380952381,621.6915],[724.0633333333333,621.6915],[724.0633333333333,606.1685]]]}},{"type":"Feature","id":"P0967","properties":{"id":"P0967","layer":"ordinary_parcel","zoneId":"UF06","blockId":"B051","compatibleForms":["U02","U07","U01","U03","U08"]},"geometry":{"type":"Polygon","coordinates":[[[741.0728571428572,606.1685],[757.2319047619047,606.1685],[757.2319047619047,621.6915],[741.0728571428572,621.6915],[741.0728571428572,606.1685]]]}},{"type":"Feature","id":"B052","properties":{"id":"B052","layer":"block_cluster","zoneId":"UF06","sequenceInZone":5},"geometry":{"type":"Polygon","coordinates":[[[773.7714285714285,540.4],[824.8000000000001,540.4],[824.8000000000001,622.1],[773.7714285714285,622.1],[773.7714285714285,540.4]]]}},{"type":"Feature","id":"P0968","properties":{"id":"P0968","layer":"ordinary_parcel","zoneId":"UF06","blockId":"B052","compatibleForms":["U02","U07","U01","U03","U08"]},"geometry":{"type":"Polygon","coordinates":[[[774.0903571428571,540.8085],[786.2096428571427,540.8085],[786.2096428571427,556.3315],[774.0903571428571,556.3315],[774.0903571428571,540.8085]]]}},{"type":"Feature","id":"P0969","properties":{"id":"P0969","layer":"ordinary_parcel","zoneId":"UF06","blockId":"B052","compatibleForms":["U02","U07","U01","U03","U08"]},"geometry":{"type":"Polygon","coordinates":[[[786.8475,540.8085],[798.9667857142856,540.8085],[798.9667857142856,556.3315],[786.8475,556.3315],[786.8475,540.8085]]]}},{"type":"Feature","id":"P0970","properties":{"id":"P0970","layer":"ordinary_parcel","zoneId":"UF06","blockId":"B052","compatibleForms":["U02","U07","U01","U03","U08"]},"geometry":{"type":"Polygon","coordinates":[[[799.6046428571428,540.8085],[811.7239285714286,540.8085],[811.7239285714286,556.3315],[799.6046428571428,556.3315],[799.6046428571428,540.8085]]]}},{"type":"Feature","id":"P0971","properties":{"id":"P0971","layer":"ordinary_parcel","zoneId":"UF06","blockId":"B052","compatibleForms":["U02","U07","U01","U03","U08"]},"geometry":{"type":"Polygon","coordinates":[[[812.3617857142858,540.8085],[824.4810714285715,540.8085],[824.4810714285715,556.3315],[812.3617857142858,556.3315],[812.3617857142858,540.8085]]]}},{"type":"Feature","id":"P0972","properties":{"id":"P0972","layer":"ordinary_parcel","zoneId":"UF06","blockId":"B052","compatibleForms":["U02","U07","U01","U03","U08"]},"geometry":{"type":"Polygon","coordinates":[[[774.0903571428571,557.1485],[786.2096428571427,557.1485],[786.2096428571427,572.6715],[774.0903571428571,572.6715],[774.0903571428571,557.1485]]]}},{"type":"Feature","id":"P0973","properties":{"id":"P0973","layer":"ordinary_parcel","zoneId":"UF06","blockId":"B052","compatibleForms":["U02","U07","U01","U03","U08"]},"geometry":{"type":"Polygon","coordinates":[[[786.8475,557.1485],[798.9667857142856,557.1485],[798.9667857142856,572.6715],[786.8475,572.6715],[786.8475,557.1485]]]}},{"type":"Feature","id":"P0974","properties":{"id":"P0974","layer":"ordinary_parcel","zoneId":"UF06","blockId":"B052","compatibleForms":["U02","U07","U01","U03","U08"]},"geometry":{"type":"Polygon","coordinates":[[[799.6046428571428,557.1485],[811.7239285714286,557.1485],[811.7239285714286,572.6715],[799.6046428571428,572.6715],[799.6046428571428,557.1485]]]}},{"type":"Feature","id":"P0975","properties":{"id":"P0975","layer":"ordinary_parcel","zoneId":"UF06","blockId":"B052","compatibleForms":["U02","U07","U01","U03","U08"]},"geometry":{"type":"Polygon","coordinates":[[[812.3617857142858,557.1485],[824.4810714285715,557.1485],[824.4810714285715,572.6715],[812.3617857142858,572.6715],[812.3617857142858,557.1485]]]}},{"type":"Feature","id":"P0976","properties":{"id":"P0976","layer":"ordinary_parcel","zoneId":"UF06","blockId":"B052","compatibleForms":["U02","U07","U01","U03","U08"]},"geometry":{"type":"Polygon","coordinates":[[[774.0903571428571,573.4885],[786.2096428571427,573.4885],[786.2096428571427,589.0115],[774.0903571428571,589.0115],[774.0903571428571,573.4885]]]}},{"type":"Feature","id":"P0977","properties":{"id":"P0977","layer":"ordinary_parcel","zoneId":"UF06","blockId":"B052","compatibleForms":["U02","U07","U01","U03","U08"]},"geometry":{"type":"Polygon","coordinates":[[[786.8475,573.4885],[798.9667857142856,573.4885],[798.9667857142856,589.0115],[786.8475,589.0115],[786.8475,573.4885]]]}},{"type":"Feature","id":"P0978","properties":{"id":"P0978","layer":"ordinary_parcel","zoneId":"UF06","blockId":"B052","compatibleForms":["U02","U07","U01","U03","U08"]},"geometry":{"type":"Polygon","coordinates":[[[799.6046428571428,573.4885],[811.7239285714286,573.4885],[811.7239285714286,589.0115],[799.6046428571428,589.0115],[799.6046428571428,573.4885]]]}},{"type":"Feature","id":"P0979","properties":{"id":"P0979","layer":"ordinary_parcel","zoneId":"UF06","blockId":"B052","compatibleForms":["U02","U07","U01","U03","U08"]},"geometry":{"type":"Polygon","coordinates":[[[812.3617857142858,573.4885],[824.4810714285715,573.4885],[824.4810714285715,589.0115],[812.3617857142858,589.0115],[812.3617857142858,573.4885]]]}},{"type":"Feature","id":"P0980","properties":{"id":"P0980","layer":"ordinary_parcel","zoneId":"UF06","blockId":"B052","compatibleForms":["U02","U07","U01","U03","U08"]},"geometry":{"type":"Polygon","coordinates":[[[774.1966666666666,589.8285],[790.3557142857143,589.8285],[790.3557142857143,605.3515],[774.1966666666666,605.3515],[774.1966666666666,589.8285]]]}},{"type":"Feature","id":"P0981","properties":{"id":"P0981","layer":"ordinary_parcel","zoneId":"UF06","blockId":"B052","compatibleForms":["U02","U07","U01","U03","U08"]},"geometry":{"type":"Polygon","coordinates":[[[791.2061904761905,589.8285],[807.365238095238,589.8285],[807.365238095238,605.3515],[791.2061904761905,605.3515],[791.2061904761905,589.8285]]]}},{"type":"Feature","id":"P0982","properties":{"id":"P0982","layer":"ordinary_parcel","zoneId":"UF06","blockId":"B052","compatibleForms":["U02","U07","U01","U03","U08"]},"geometry":{"type":"Polygon","coordinates":[[[808.2157142857143,589.8285],[824.374761904762,589.8285],[824.374761904762,605.3515],[808.2157142857143,605.3515],[808.2157142857143,589.8285]]]}},{"type":"Feature","id":"P0983","properties":{"id":"P0983","layer":"ordinary_parcel","zoneId":"UF06","blockId":"B052","compatibleForms":["U02","U07","U01","U03","U08"]},"geometry":{"type":"Polygon","coordinates":[[[774.1966666666666,606.1685],[790.3557142857143,606.1685],[790.3557142857143,621.6915],[774.1966666666666,621.6915],[774.1966666666666,606.1685]]]}},{"type":"Feature","id":"P0984","properties":{"id":"P0984","layer":"ordinary_parcel","zoneId":"UF06","blockId":"B052","compatibleForms":["U02","U07","U01","U03","U08"]},"geometry":{"type":"Polygon","coordinates":[[[791.2061904761905,606.1685],[807.365238095238,606.1685],[807.365238095238,621.6915],[791.2061904761905,621.6915],[791.2061904761905,606.1685]]]}},{"type":"Feature","id":"P0985","properties":{"id":"P0985","layer":"ordinary_parcel","zoneId":"UF06","blockId":"B052","compatibleForms":["U02","U07","U01","U03","U08"]},"geometry":{"type":"Polygon","coordinates":[[[808.2157142857143,606.1685],[824.374761904762,606.1685],[824.374761904762,621.6915],[808.2157142857143,621.6915],[808.2157142857143,606.1685]]]}},{"type":"Feature","id":"B053","properties":{"id":"B053","layer":"block_cluster","zoneId":"UF06","sequenceInZone":6},"geometry":{"type":"Polygon","coordinates":[[[505.2,647.9],[556.2285714285714,647.9],[556.2285714285714,729.6],[505.2,729.6],[505.2,647.9]]]}},{"type":"Feature","id":"P0986","properties":{"id":"P0986","layer":"ordinary_parcel","zoneId":"UF06","blockId":"B053","compatibleForms":["U02","U07","U01","U03","U08"]},"geometry":{"type":"Polygon","coordinates":[[[505.51892857142855,648.3085],[517.6382142857142,648.3085],[517.6382142857142,663.8315],[505.51892857142855,663.8315],[505.51892857142855,648.3085]]]}},{"type":"Feature","id":"P0987","properties":{"id":"P0987","layer":"ordinary_parcel","zoneId":"UF06","blockId":"B053","compatibleForms":["U02","U07","U01","U03","U08"]},"geometry":{"type":"Polygon","coordinates":[[[518.2760714285714,648.3085],[530.395357142857,648.3085],[530.395357142857,663.8315],[518.2760714285714,663.8315],[518.2760714285714,648.3085]]]}},{"type":"Feature","id":"P0988","properties":{"id":"P0988","layer":"ordinary_parcel","zoneId":"UF06","blockId":"B053","compatibleForms":["U02","U07","U01","U03","U08"]},"geometry":{"type":"Polygon","coordinates":[[[531.0332142857143,648.3085],[543.1524999999999,648.3085],[543.1524999999999,663.8315],[531.0332142857143,663.8315],[531.0332142857143,648.3085]]]}},{"type":"Feature","id":"P0989","properties":{"id":"P0989","layer":"ordinary_parcel","zoneId":"UF06","blockId":"B053","compatibleForms":["U02","U07","U01","U03","U08"]},"geometry":{"type":"Polygon","coordinates":[[[543.7903571428571,648.3085],[555.9096428571428,648.3085],[555.9096428571428,663.8315],[543.7903571428571,663.8315],[543.7903571428571,648.3085]]]}},{"type":"Feature","id":"P0990","properties":{"id":"P0990","layer":"ordinary_parcel","zoneId":"UF06","blockId":"B053","compatibleForms":["U02","U07","U01","U03","U08"]},"geometry":{"type":"Polygon","coordinates":[[[505.51892857142855,664.6485],[517.6382142857142,664.6485],[517.6382142857142,680.1715],[505.51892857142855,680.1715],[505.51892857142855,664.6485]]]}},{"type":"Feature","id":"P0991","properties":{"id":"P0991","layer":"ordinary_parcel","zoneId":"UF06","blockId":"B053","compatibleForms":["U02","U07","U01","U03","U08"]},"geometry":{"type":"Polygon","coordinates":[[[518.2760714285714,664.6485],[530.395357142857,664.6485],[530.395357142857,680.1715],[518.2760714285714,680.1715],[518.2760714285714,664.6485]]]}},{"type":"Feature","id":"P0992","properties":{"id":"P0992","layer":"ordinary_parcel","zoneId":"UF06","blockId":"B053","compatibleForms":["U02","U07","U01","U03","U08"]},"geometry":{"type":"Polygon","coordinates":[[[531.0332142857143,664.6485],[543.1524999999999,664.6485],[543.1524999999999,680.1715],[531.0332142857143,680.1715],[531.0332142857143,664.6485]]]}},{"type":"Feature","id":"P0993","properties":{"id":"P0993","layer":"ordinary_parcel","zoneId":"UF06","blockId":"B053","compatibleForms":["U02","U07","U01","U03","U08"]},"geometry":{"type":"Polygon","coordinates":[[[543.7903571428571,664.6485],[555.9096428571428,664.6485],[555.9096428571428,680.1715],[543.7903571428571,680.1715],[543.7903571428571,664.6485]]]}},{"type":"Feature","id":"P0994","properties":{"id":"P0994","layer":"ordinary_parcel","zoneId":"UF06","blockId":"B053","compatibleForms":["U02","U07","U01","U03","U08"]},"geometry":{"type":"Polygon","coordinates":[[[505.51892857142855,680.9885],[517.6382142857142,680.9885],[517.6382142857142,696.5115],[505.51892857142855,696.5115],[505.51892857142855,680.9885]]]}},{"type":"Feature","id":"P0995","properties":{"id":"P0995","layer":"ordinary_parcel","zoneId":"UF06","blockId":"B053","compatibleForms":["U02","U07","U01","U03","U08"]},"geometry":{"type":"Polygon","coordinates":[[[518.2760714285714,680.9885],[530.395357142857,680.9885],[530.395357142857,696.5115],[518.2760714285714,696.5115],[518.2760714285714,680.9885]]]}},{"type":"Feature","id":"P0996","properties":{"id":"P0996","layer":"ordinary_parcel","zoneId":"UF06","blockId":"B053","compatibleForms":["U02","U07","U01","U03","U08"]},"geometry":{"type":"Polygon","coordinates":[[[531.0332142857143,680.9885],[543.1524999999999,680.9885],[543.1524999999999,696.5115],[531.0332142857143,696.5115],[531.0332142857143,680.9885]]]}},{"type":"Feature","id":"P0997","properties":{"id":"P0997","layer":"ordinary_parcel","zoneId":"UF06","blockId":"B053","compatibleForms":["U02","U07","U01","U03","U08"]},"geometry":{"type":"Polygon","coordinates":[[[543.7903571428571,680.9885],[555.9096428571428,680.9885],[555.9096428571428,696.5115],[543.7903571428571,696.5115],[543.7903571428571,680.9885]]]}},{"type":"Feature","id":"P0998","properties":{"id":"P0998","layer":"ordinary_parcel","zoneId":"UF06","blockId":"B053","compatibleForms":["U02","U07","U01","U03","U08"]},"geometry":{"type":"Polygon","coordinates":[[[505.6252380952381,697.3285],[521.7842857142857,697.3285],[521.7842857142857,712.8515],[505.6252380952381,712.8515],[505.6252380952381,697.3285]]]}},{"type":"Feature","id":"P0999","properties":{"id":"P0999","layer":"ordinary_parcel","zoneId":"UF06","blockId":"B053","compatibleForms":["U02","U07","U01","U03","U08"]},"geometry":{"type":"Polygon","coordinates":[[[522.634761904762,697.3285],[538.7938095238095,697.3285],[538.7938095238095,712.8515],[522.634761904762,712.8515],[522.634761904762,697.3285]]]}},{"type":"Feature","id":"P1000","properties":{"id":"P1000","layer":"ordinary_parcel","zoneId":"UF06","blockId":"B053","compatibleForms":["U02","U07","U01","U03","U08"]},"geometry":{"type":"Polygon","coordinates":[[[539.6442857142857,697.3285],[555.8033333333333,697.3285],[555.8033333333333,712.8515],[539.6442857142857,712.8515],[539.6442857142857,697.3285]]]}},{"type":"Feature","id":"P1001","properties":{"id":"P1001","layer":"ordinary_parcel","zoneId":"UF06","blockId":"B053","compatibleForms":["U02","U07","U01","U03","U08"]},"geometry":{"type":"Polygon","coordinates":[[[505.6252380952381,713.6685],[521.7842857142857,713.6685],[521.7842857142857,729.1915],[505.6252380952381,729.1915],[505.6252380952381,713.6685]]]}},{"type":"Feature","id":"P1002","properties":{"id":"P1002","layer":"ordinary_parcel","zoneId":"UF06","blockId":"B053","compatibleForms":["U02","U07","U01","U03","U08"]},"geometry":{"type":"Polygon","coordinates":[[[522.634761904762,713.6685],[538.7938095238095,713.6685],[538.7938095238095,729.1915],[522.634761904762,729.1915],[522.634761904762,713.6685]]]}},{"type":"Feature","id":"P1003","properties":{"id":"P1003","layer":"ordinary_parcel","zoneId":"UF06","blockId":"B053","compatibleForms":["U02","U07","U01","U03","U08"]},"geometry":{"type":"Polygon","coordinates":[[[539.6442857142857,713.6685],[555.8033333333333,713.6685],[555.8033333333333,729.1915],[539.6442857142857,729.1915],[539.6442857142857,713.6685]]]}},{"type":"Feature","id":"B054","properties":{"id":"B054","layer":"block_cluster","zoneId":"UF06","sequenceInZone":7},"geometry":{"type":"Polygon","coordinates":[[[572.342857142857,647.9],[623.3714285714286,647.9],[623.3714285714286,729.6],[572.342857142857,729.6],[572.342857142857,647.9]]]}},{"type":"Feature","id":"P1004","properties":{"id":"P1004","layer":"ordinary_parcel","zoneId":"UF06","blockId":"B054","compatibleForms":["U02","U07","U01","U03","U08"]},"geometry":{"type":"Polygon","coordinates":[[[572.6617857142857,648.3085],[584.7810714285713,648.3085],[584.7810714285713,663.8315],[572.6617857142857,663.8315],[572.6617857142857,648.3085]]]}},{"type":"Feature","id":"P1005","properties":{"id":"P1005","layer":"ordinary_parcel","zoneId":"UF06","blockId":"B054","compatibleForms":["U02","U07","U01","U03","U08"]},"geometry":{"type":"Polygon","coordinates":[[[585.4189285714285,648.3085],[597.5382142857143,648.3085],[597.5382142857143,663.8315],[585.4189285714285,663.8315],[585.4189285714285,648.3085]]]}},{"type":"Feature","id":"P1006","properties":{"id":"P1006","layer":"ordinary_parcel","zoneId":"UF06","blockId":"B054","compatibleForms":["U02","U07","U01","U03","U08"]},"geometry":{"type":"Polygon","coordinates":[[[598.1760714285715,648.3085],[610.2953571428571,648.3085],[610.2953571428571,663.8315],[598.1760714285715,663.8315],[598.1760714285715,648.3085]]]}},{"type":"Feature","id":"P1007","properties":{"id":"P1007","layer":"ordinary_parcel","zoneId":"UF06","blockId":"B054","compatibleForms":["U02","U07","U01","U03","U08"]},"geometry":{"type":"Polygon","coordinates":[[[610.9332142857144,648.3085],[623.0525,648.3085],[623.0525,663.8315],[610.9332142857144,663.8315],[610.9332142857144,648.3085]]]}},{"type":"Feature","id":"P1008","properties":{"id":"P1008","layer":"ordinary_parcel","zoneId":"UF06","blockId":"B054","compatibleForms":["U02","U07","U01","U03","U08"]},"geometry":{"type":"Polygon","coordinates":[[[572.6617857142857,664.6485],[584.7810714285713,664.6485],[584.7810714285713,680.1715],[572.6617857142857,680.1715],[572.6617857142857,664.6485]]]}},{"type":"Feature","id":"P1009","properties":{"id":"P1009","layer":"ordinary_parcel","zoneId":"UF06","blockId":"B054","compatibleForms":["U02","U07","U01","U03","U08"]},"geometry":{"type":"Polygon","coordinates":[[[585.4189285714285,664.6485],[597.5382142857143,664.6485],[597.5382142857143,680.1715],[585.4189285714285,680.1715],[585.4189285714285,664.6485]]]}},{"type":"Feature","id":"P1010","properties":{"id":"P1010","layer":"ordinary_parcel","zoneId":"UF06","blockId":"B054","compatibleForms":["U02","U07","U01","U03","U08"]},"geometry":{"type":"Polygon","coordinates":[[[598.1760714285715,664.6485],[610.2953571428571,664.6485],[610.2953571428571,680.1715],[598.1760714285715,680.1715],[598.1760714285715,664.6485]]]}},{"type":"Feature","id":"P1011","properties":{"id":"P1011","layer":"ordinary_parcel","zoneId":"UF06","blockId":"B054","compatibleForms":["U02","U07","U01","U03","U08"]},"geometry":{"type":"Polygon","coordinates":[[[610.9332142857144,664.6485],[623.0525,664.6485],[623.0525,680.1715],[610.9332142857144,680.1715],[610.9332142857144,664.6485]]]}},{"type":"Feature","id":"P1012","properties":{"id":"P1012","layer":"ordinary_parcel","zoneId":"UF06","blockId":"B054","compatibleForms":["U02","U07","U01","U03","U08"]},"geometry":{"type":"Polygon","coordinates":[[[572.6617857142857,680.9885],[584.7810714285713,680.9885],[584.7810714285713,696.5115],[572.6617857142857,696.5115],[572.6617857142857,680.9885]]]}},{"type":"Feature","id":"P1013","properties":{"id":"P1013","layer":"ordinary_parcel","zoneId":"UF06","blockId":"B054","compatibleForms":["U02","U07","U01","U03","U08"]},"geometry":{"type":"Polygon","coordinates":[[[585.4189285714285,680.9885],[597.5382142857143,680.9885],[597.5382142857143,696.5115],[585.4189285714285,696.5115],[585.4189285714285,680.9885]]]}},{"type":"Feature","id":"P1014","properties":{"id":"P1014","layer":"ordinary_parcel","zoneId":"UF06","blockId":"B054","compatibleForms":["U02","U07","U01","U03","U08"]},"geometry":{"type":"Polygon","coordinates":[[[598.1760714285715,680.9885],[610.2953571428571,680.9885],[610.2953571428571,696.5115],[598.1760714285715,696.5115],[598.1760714285715,680.9885]]]}},{"type":"Feature","id":"P1015","properties":{"id":"P1015","layer":"ordinary_parcel","zoneId":"UF06","blockId":"B054","compatibleForms":["U02","U07","U01","U03","U08"]},"geometry":{"type":"Polygon","coordinates":[[[610.9332142857144,680.9885],[623.0525,680.9885],[623.0525,696.5115],[610.9332142857144,696.5115],[610.9332142857144,680.9885]]]}},{"type":"Feature","id":"P1016","properties":{"id":"P1016","layer":"ordinary_parcel","zoneId":"UF06","blockId":"B054","compatibleForms":["U02","U07","U01","U03","U08"]},"geometry":{"type":"Polygon","coordinates":[[[572.7680952380952,697.3285],[588.9271428571428,697.3285],[588.9271428571428,712.8515],[572.7680952380952,712.8515],[572.7680952380952,697.3285]]]}},{"type":"Feature","id":"P1017","properties":{"id":"P1017","layer":"ordinary_parcel","zoneId":"UF06","blockId":"B054","compatibleForms":["U02","U07","U01","U03","U08"]},"geometry":{"type":"Polygon","coordinates":[[[589.777619047619,697.3285],[605.9366666666666,697.3285],[605.9366666666666,712.8515],[589.777619047619,712.8515],[589.777619047619,697.3285]]]}},{"type":"Feature","id":"P1018","properties":{"id":"P1018","layer":"ordinary_parcel","zoneId":"UF06","blockId":"B054","compatibleForms":["U02","U07","U01","U03","U08"]},"geometry":{"type":"Polygon","coordinates":[[[606.7871428571428,697.3285],[622.9461904761905,697.3285],[622.9461904761905,712.8515],[606.7871428571428,712.8515],[606.7871428571428,697.3285]]]}},{"type":"Feature","id":"P1019","properties":{"id":"P1019","layer":"ordinary_parcel","zoneId":"UF06","blockId":"B054","compatibleForms":["U02","U07","U01","U03","U08"]},"geometry":{"type":"Polygon","coordinates":[[[572.7680952380952,713.6685],[588.9271428571428,713.6685],[588.9271428571428,729.1915],[572.7680952380952,729.1915],[572.7680952380952,713.6685]]]}},{"type":"Feature","id":"P1020","properties":{"id":"P1020","layer":"ordinary_parcel","zoneId":"UF06","blockId":"B054","compatibleForms":["U02","U07","U01","U03","U08"]},"geometry":{"type":"Polygon","coordinates":[[[589.777619047619,713.6685],[605.9366666666666,713.6685],[605.9366666666666,729.1915],[589.777619047619,729.1915],[589.777619047619,713.6685]]]}},{"type":"Feature","id":"P1021","properties":{"id":"P1021","layer":"ordinary_parcel","zoneId":"UF06","blockId":"B054","compatibleForms":["U02","U07","U01","U03","U08"]},"geometry":{"type":"Polygon","coordinates":[[[606.7871428571428,713.6685],[622.9461904761905,713.6685],[622.9461904761905,729.1915],[606.7871428571428,729.1915],[606.7871428571428,713.6685]]]}},{"type":"Feature","id":"B055","properties":{"id":"B055","layer":"block_cluster","zoneId":"UF06","sequenceInZone":8},"geometry":{"type":"Polygon","coordinates":[[[639.4857142857143,647.9],[690.5142857142857,647.9],[690.5142857142857,729.6],[639.4857142857143,729.6],[639.4857142857143,647.9]]]}},{"type":"Feature","id":"P1022","properties":{"id":"P1022","layer":"ordinary_parcel","zoneId":"UF06","blockId":"B055","compatibleForms":["U02","U07","U01","U03","U08"]},"geometry":{"type":"Polygon","coordinates":[[[639.8046428571429,648.3085],[651.9239285714285,648.3085],[651.9239285714285,663.8315],[639.8046428571429,663.8315],[639.8046428571429,648.3085]]]}},{"type":"Feature","id":"P1023","properties":{"id":"P1023","layer":"ordinary_parcel","zoneId":"UF06","blockId":"B055","compatibleForms":["U02","U07","U01","U03","U08"]},"geometry":{"type":"Polygon","coordinates":[[[652.5617857142857,648.3085],[664.6810714285714,648.3085],[664.6810714285714,663.8315],[652.5617857142857,663.8315],[652.5617857142857,648.3085]]]}},{"type":"Feature","id":"P1024","properties":{"id":"P1024","layer":"ordinary_parcel","zoneId":"UF06","blockId":"B055","compatibleForms":["U02","U07","U01","U03","U08"]},"geometry":{"type":"Polygon","coordinates":[[[665.3189285714286,648.3085],[677.4382142857143,648.3085],[677.4382142857143,663.8315],[665.3189285714286,663.8315],[665.3189285714286,648.3085]]]}},{"type":"Feature","id":"P1025","properties":{"id":"P1025","layer":"ordinary_parcel","zoneId":"UF06","blockId":"B055","compatibleForms":["U02","U07","U01","U03","U08"]},"geometry":{"type":"Polygon","coordinates":[[[678.0760714285715,648.3085],[690.1953571428571,648.3085],[690.1953571428571,663.8315],[678.0760714285715,663.8315],[678.0760714285715,648.3085]]]}},{"type":"Feature","id":"P1026","properties":{"id":"P1026","layer":"ordinary_parcel","zoneId":"UF06","blockId":"B055","compatibleForms":["U02","U07","U01","U03","U08"]},"geometry":{"type":"Polygon","coordinates":[[[639.8046428571429,664.6485],[651.9239285714285,664.6485],[651.9239285714285,680.1715],[639.8046428571429,680.1715],[639.8046428571429,664.6485]]]}},{"type":"Feature","id":"P1027","properties":{"id":"P1027","layer":"ordinary_parcel","zoneId":"UF06","blockId":"B055","compatibleForms":["U02","U07","U01","U03","U08"]},"geometry":{"type":"Polygon","coordinates":[[[652.5617857142857,664.6485],[664.6810714285714,664.6485],[664.6810714285714,680.1715],[652.5617857142857,680.1715],[652.5617857142857,664.6485]]]}},{"type":"Feature","id":"P1028","properties":{"id":"P1028","layer":"ordinary_parcel","zoneId":"UF06","blockId":"B055","compatibleForms":["U02","U07","U01","U03","U08"]},"geometry":{"type":"Polygon","coordinates":[[[665.3189285714286,664.6485],[677.4382142857143,664.6485],[677.4382142857143,680.1715],[665.3189285714286,680.1715],[665.3189285714286,664.6485]]]}},{"type":"Feature","id":"P1029","properties":{"id":"P1029","layer":"ordinary_parcel","zoneId":"UF06","blockId":"B055","compatibleForms":["U02","U07","U01","U03","U08"]},"geometry":{"type":"Polygon","coordinates":[[[678.0760714285715,664.6485],[690.1953571428571,664.6485],[690.1953571428571,680.1715],[678.0760714285715,680.1715],[678.0760714285715,664.6485]]]}},{"type":"Feature","id":"P1030","properties":{"id":"P1030","layer":"ordinary_parcel","zoneId":"UF06","blockId":"B055","compatibleForms":["U02","U07","U01","U03","U08"]},"geometry":{"type":"Polygon","coordinates":[[[639.9109523809524,680.9885],[656.0699999999999,680.9885],[656.0699999999999,696.5115],[639.9109523809524,696.5115],[639.9109523809524,680.9885]]]}},{"type":"Feature","id":"P1031","properties":{"id":"P1031","layer":"ordinary_parcel","zoneId":"UF06","blockId":"B055","compatibleForms":["U02","U07","U01","U03","U08"]},"geometry":{"type":"Polygon","coordinates":[[[656.9204761904762,680.9885],[673.0795238095238,680.9885],[673.0795238095238,696.5115],[656.9204761904762,696.5115],[656.9204761904762,680.9885]]]}},{"type":"Feature","id":"P1032","properties":{"id":"P1032","layer":"ordinary_parcel","zoneId":"UF06","blockId":"B055","compatibleForms":["U02","U07","U01","U03","U08"]},"geometry":{"type":"Polygon","coordinates":[[[673.9300000000001,680.9885],[690.0890476190476,680.9885],[690.0890476190476,696.5115],[673.9300000000001,696.5115],[673.9300000000001,680.9885]]]}},{"type":"Feature","id":"P1033","properties":{"id":"P1033","layer":"ordinary_parcel","zoneId":"UF06","blockId":"B055","compatibleForms":["U02","U07","U01","U03","U08"]},"geometry":{"type":"Polygon","coordinates":[[[639.9109523809524,697.3285],[656.0699999999999,697.3285],[656.0699999999999,712.8515],[639.9109523809524,712.8515],[639.9109523809524,697.3285]]]}},{"type":"Feature","id":"P1034","properties":{"id":"P1034","layer":"ordinary_parcel","zoneId":"UF06","blockId":"B055","compatibleForms":["U02","U07","U01","U03","U08"]},"geometry":{"type":"Polygon","coordinates":[[[656.9204761904762,697.3285],[673.0795238095238,697.3285],[673.0795238095238,712.8515],[656.9204761904762,712.8515],[656.9204761904762,697.3285]]]}},{"type":"Feature","id":"P1035","properties":{"id":"P1035","layer":"ordinary_parcel","zoneId":"UF06","blockId":"B055","compatibleForms":["U02","U07","U01","U03","U08"]},"geometry":{"type":"Polygon","coordinates":[[[673.9300000000001,697.3285],[690.0890476190476,697.3285],[690.0890476190476,712.8515],[673.9300000000001,712.8515],[673.9300000000001,697.3285]]]}},{"type":"Feature","id":"P1036","properties":{"id":"P1036","layer":"ordinary_parcel","zoneId":"UF06","blockId":"B055","compatibleForms":["U02","U07","U01","U03","U08"]},"geometry":{"type":"Polygon","coordinates":[[[639.9109523809524,713.6685],[656.0699999999999,713.6685],[656.0699999999999,729.1915],[639.9109523809524,729.1915],[639.9109523809524,713.6685]]]}},{"type":"Feature","id":"P1037","properties":{"id":"P1037","layer":"ordinary_parcel","zoneId":"UF06","blockId":"B055","compatibleForms":["U02","U07","U01","U03","U08"]},"geometry":{"type":"Polygon","coordinates":[[[656.9204761904762,713.6685],[673.0795238095238,713.6685],[673.0795238095238,729.1915],[656.9204761904762,729.1915],[656.9204761904762,713.6685]]]}},{"type":"Feature","id":"P1038","properties":{"id":"P1038","layer":"ordinary_parcel","zoneId":"UF06","blockId":"B055","compatibleForms":["U02","U07","U01","U03","U08"]},"geometry":{"type":"Polygon","coordinates":[[[673.9300000000001,713.6685],[690.0890476190476,713.6685],[690.0890476190476,729.1915],[673.9300000000001,729.1915],[673.9300000000001,713.6685]]]}},{"type":"Feature","id":"B056","properties":{"id":"B056","layer":"block_cluster","zoneId":"UF06","sequenceInZone":9},"geometry":{"type":"Polygon","coordinates":[[[706.6285714285714,647.9],[757.6571428571428,647.9],[757.6571428571428,729.6],[706.6285714285714,729.6],[706.6285714285714,647.9]]]}},{"type":"Feature","id":"P1039","properties":{"id":"P1039","layer":"ordinary_parcel","zoneId":"UF06","blockId":"B056","compatibleForms":["U02","U07","U01","U03","U08"]},"geometry":{"type":"Polygon","coordinates":[[[706.9475,648.3085],[719.0667857142856,648.3085],[719.0667857142856,663.8315],[706.9475,663.8315],[706.9475,648.3085]]]}},{"type":"Feature","id":"P1040","properties":{"id":"P1040","layer":"ordinary_parcel","zoneId":"UF06","blockId":"B056","compatibleForms":["U02","U07","U01","U03","U08"]},"geometry":{"type":"Polygon","coordinates":[[[719.7046428571429,648.3085],[731.8239285714285,648.3085],[731.8239285714285,663.8315],[719.7046428571429,663.8315],[719.7046428571429,648.3085]]]}},{"type":"Feature","id":"P1041","properties":{"id":"P1041","layer":"ordinary_parcel","zoneId":"UF06","blockId":"B056","compatibleForms":["U02","U07","U01","U03","U08"]},"geometry":{"type":"Polygon","coordinates":[[[732.4617857142857,648.3085],[744.5810714285714,648.3085],[744.5810714285714,663.8315],[732.4617857142857,663.8315],[732.4617857142857,648.3085]]]}},{"type":"Feature","id":"P1042","properties":{"id":"P1042","layer":"ordinary_parcel","zoneId":"UF06","blockId":"B056","compatibleForms":["U02","U07","U01","U03","U08"]},"geometry":{"type":"Polygon","coordinates":[[[745.2189285714286,648.3085],[757.3382142857142,648.3085],[757.3382142857142,663.8315],[745.2189285714286,663.8315],[745.2189285714286,648.3085]]]}},{"type":"Feature","id":"P1043","properties":{"id":"P1043","layer":"ordinary_parcel","zoneId":"UF06","blockId":"B056","compatibleForms":["U02","U07","U01","U03","U08"]},"geometry":{"type":"Polygon","coordinates":[[[706.9475,664.6485],[719.0667857142856,664.6485],[719.0667857142856,680.1715],[706.9475,680.1715],[706.9475,664.6485]]]}},{"type":"Feature","id":"P1044","properties":{"id":"P1044","layer":"ordinary_parcel","zoneId":"UF06","blockId":"B056","compatibleForms":["U02","U07","U01","U03","U08"]},"geometry":{"type":"Polygon","coordinates":[[[719.7046428571429,664.6485],[731.8239285714285,664.6485],[731.8239285714285,680.1715],[719.7046428571429,680.1715],[719.7046428571429,664.6485]]]}},{"type":"Feature","id":"P1045","properties":{"id":"P1045","layer":"ordinary_parcel","zoneId":"UF06","blockId":"B056","compatibleForms":["U02","U07","U01","U03","U08"]},"geometry":{"type":"Polygon","coordinates":[[[732.4617857142857,664.6485],[744.5810714285714,664.6485],[744.5810714285714,680.1715],[732.4617857142857,680.1715],[732.4617857142857,664.6485]]]}},{"type":"Feature","id":"P1046","properties":{"id":"P1046","layer":"ordinary_parcel","zoneId":"UF06","blockId":"B056","compatibleForms":["U02","U07","U01","U03","U08"]},"geometry":{"type":"Polygon","coordinates":[[[745.2189285714286,664.6485],[757.3382142857142,664.6485],[757.3382142857142,680.1715],[745.2189285714286,680.1715],[745.2189285714286,664.6485]]]}},{"type":"Feature","id":"P1047","properties":{"id":"P1047","layer":"ordinary_parcel","zoneId":"UF06","blockId":"B056","compatibleForms":["U02","U07","U01","U03","U08"]},"geometry":{"type":"Polygon","coordinates":[[[707.0538095238095,680.9885],[723.212857142857,680.9885],[723.212857142857,696.5115],[707.0538095238095,696.5115],[707.0538095238095,680.9885]]]}},{"type":"Feature","id":"P1048","properties":{"id":"P1048","layer":"ordinary_parcel","zoneId":"UF06","blockId":"B056","compatibleForms":["U02","U07","U01","U03","U08"]},"geometry":{"type":"Polygon","coordinates":[[[724.0633333333333,680.9885],[740.222380952381,680.9885],[740.222380952381,696.5115],[724.0633333333333,696.5115],[724.0633333333333,680.9885]]]}},{"type":"Feature","id":"P1049","properties":{"id":"P1049","layer":"ordinary_parcel","zoneId":"UF06","blockId":"B056","compatibleForms":["U02","U07","U01","U03","U08"]},"geometry":{"type":"Polygon","coordinates":[[[741.0728571428572,680.9885],[757.2319047619047,680.9885],[757.2319047619047,696.5115],[741.0728571428572,696.5115],[741.0728571428572,680.9885]]]}},{"type":"Feature","id":"P1050","properties":{"id":"P1050","layer":"ordinary_parcel","zoneId":"UF06","blockId":"B056","compatibleForms":["U02","U07","U01","U03","U08"]},"geometry":{"type":"Polygon","coordinates":[[[707.0538095238095,697.3285],[723.212857142857,697.3285],[723.212857142857,712.8515],[707.0538095238095,712.8515],[707.0538095238095,697.3285]]]}},{"type":"Feature","id":"P1051","properties":{"id":"P1051","layer":"ordinary_parcel","zoneId":"UF06","blockId":"B056","compatibleForms":["U02","U07","U01","U03","U08"]},"geometry":{"type":"Polygon","coordinates":[[[724.0633333333333,697.3285],[740.222380952381,697.3285],[740.222380952381,712.8515],[724.0633333333333,712.8515],[724.0633333333333,697.3285]]]}},{"type":"Feature","id":"P1052","properties":{"id":"P1052","layer":"ordinary_parcel","zoneId":"UF06","blockId":"B056","compatibleForms":["U02","U07","U01","U03","U08"]},"geometry":{"type":"Polygon","coordinates":[[[741.0728571428572,697.3285],[757.2319047619047,697.3285],[757.2319047619047,712.8515],[741.0728571428572,712.8515],[741.0728571428572,697.3285]]]}},{"type":"Feature","id":"P1053","properties":{"id":"P1053","layer":"ordinary_parcel","zoneId":"UF06","blockId":"B056","compatibleForms":["U02","U07","U01","U03","U08"]},"geometry":{"type":"Polygon","coordinates":[[[707.0538095238095,713.6685],[723.212857142857,713.6685],[723.212857142857,729.1915],[707.0538095238095,729.1915],[707.0538095238095,713.6685]]]}},{"type":"Feature","id":"P1054","properties":{"id":"P1054","layer":"ordinary_parcel","zoneId":"UF06","blockId":"B056","compatibleForms":["U02","U07","U01","U03","U08"]},"geometry":{"type":"Polygon","coordinates":[[[724.0633333333333,713.6685],[740.222380952381,713.6685],[740.222380952381,729.1915],[724.0633333333333,729.1915],[724.0633333333333,713.6685]]]}},{"type":"Feature","id":"P1055","properties":{"id":"P1055","layer":"ordinary_parcel","zoneId":"UF06","blockId":"B056","compatibleForms":["U02","U07","U01","U03","U08"]},"geometry":{"type":"Polygon","coordinates":[[[741.0728571428572,713.6685],[757.2319047619047,713.6685],[757.2319047619047,729.1915],[741.0728571428572,729.1915],[741.0728571428572,713.6685]]]}},{"type":"Feature","id":"B057","properties":{"id":"B057","layer":"block_cluster","zoneId":"UF07","sequenceInZone":1},"geometry":{"type":"Polygon","coordinates":[[[57.2,713.5],[102.8,713.5],[102.8,799],[57.2,799],[57.2,713.5]]]}},{"type":"Feature","id":"P1056","properties":{"id":"P1056","layer":"ordinary_parcel","zoneId":"UF07","blockId":"B057","compatibleForms":["U01","U04","U02","U03"]},"geometry":{"type":"Polygon","coordinates":[[[57.485,713.8053571428571],[68.315,713.8053571428571],[68.315,725.4089285714285],[57.485,725.4089285714285],[57.485,713.8053571428571]]]}},{"type":"Feature","id":"P1057","properties":{"id":"P1057","layer":"ordinary_parcel","zoneId":"UF07","blockId":"B057","compatibleForms":["U01","U04","U02","U03"]},"geometry":{"type":"Polygon","coordinates":[[[68.88499999999999,713.8053571428571],[79.715,713.8053571428571],[79.715,725.4089285714285],[68.88499999999999,725.4089285714285],[68.88499999999999,713.8053571428571]]]}},{"type":"Feature","id":"P1058","properties":{"id":"P1058","layer":"ordinary_parcel","zoneId":"UF07","blockId":"B057","compatibleForms":["U01","U04","U02","U03"]},"geometry":{"type":"Polygon","coordinates":[[[80.285,713.8053571428571],[91.11500000000001,713.8053571428571],[91.11500000000001,725.4089285714285],[80.285,725.4089285714285],[80.285,713.8053571428571]]]}},{"type":"Feature","id":"P1059","properties":{"id":"P1059","layer":"ordinary_parcel","zoneId":"UF07","blockId":"B057","compatibleForms":["U01","U04","U02","U03"]},"geometry":{"type":"Polygon","coordinates":[[[91.685,713.8053571428571],[102.515,713.8053571428571],[102.515,725.4089285714285],[91.685,725.4089285714285],[91.685,713.8053571428571]]]}},{"type":"Feature","id":"P1060","properties":{"id":"P1060","layer":"ordinary_parcel","zoneId":"UF07","blockId":"B057","compatibleForms":["U01","U04","U02","U03"]},"geometry":{"type":"Polygon","coordinates":[[[57.485,726.0196428571428],[68.315,726.0196428571428],[68.315,737.6232142857143],[57.485,737.6232142857143],[57.485,726.0196428571428]]]}},{"type":"Feature","id":"P1061","properties":{"id":"P1061","layer":"ordinary_parcel","zoneId":"UF07","blockId":"B057","compatibleForms":["U01","U04","U02","U03"]},"geometry":{"type":"Polygon","coordinates":[[[68.88499999999999,726.0196428571428],[79.715,726.0196428571428],[79.715,737.6232142857143],[68.88499999999999,737.6232142857143],[68.88499999999999,726.0196428571428]]]}},{"type":"Feature","id":"P1062","properties":{"id":"P1062","layer":"ordinary_parcel","zoneId":"UF07","blockId":"B057","compatibleForms":["U01","U04","U02","U03"]},"geometry":{"type":"Polygon","coordinates":[[[80.285,726.0196428571428],[91.11500000000001,726.0196428571428],[91.11500000000001,737.6232142857143],[80.285,737.6232142857143],[80.285,726.0196428571428]]]}},{"type":"Feature","id":"P1063","properties":{"id":"P1063","layer":"ordinary_parcel","zoneId":"UF07","blockId":"B057","compatibleForms":["U01","U04","U02","U03"]},"geometry":{"type":"Polygon","coordinates":[[[91.685,726.0196428571428],[102.515,726.0196428571428],[102.515,737.6232142857143],[91.685,737.6232142857143],[91.685,726.0196428571428]]]}},{"type":"Feature","id":"P1064","properties":{"id":"P1064","layer":"ordinary_parcel","zoneId":"UF07","blockId":"B057","compatibleForms":["U01","U04","U02","U03"]},"geometry":{"type":"Polygon","coordinates":[[[57.580000000000005,738.2339285714286],[72.02000000000001,738.2339285714286],[72.02000000000001,749.8375],[57.580000000000005,749.8375],[57.580000000000005,738.2339285714286]]]}},{"type":"Feature","id":"P1065","properties":{"id":"P1065","layer":"ordinary_parcel","zoneId":"UF07","blockId":"B057","compatibleForms":["U01","U04","U02","U03"]},"geometry":{"type":"Polygon","coordinates":[[[72.78,738.2339285714286],[87.22,738.2339285714286],[87.22,749.8375],[72.78,749.8375],[72.78,738.2339285714286]]]}},{"type":"Feature","id":"P1066","properties":{"id":"P1066","layer":"ordinary_parcel","zoneId":"UF07","blockId":"B057","compatibleForms":["U01","U04","U02","U03"]},"geometry":{"type":"Polygon","coordinates":[[[87.97999999999999,738.2339285714286],[102.42,738.2339285714286],[102.42,749.8375],[87.97999999999999,749.8375],[87.97999999999999,738.2339285714286]]]}},{"type":"Feature","id":"P1067","properties":{"id":"P1067","layer":"ordinary_parcel","zoneId":"UF07","blockId":"B057","compatibleForms":["U01","U04","U02","U03"]},"geometry":{"type":"Polygon","coordinates":[[[57.580000000000005,750.4482142857142],[72.02000000000001,750.4482142857142],[72.02000000000001,762.0517857142858],[57.580000000000005,762.0517857142858],[57.580000000000005,750.4482142857142]]]}},{"type":"Feature","id":"P1068","properties":{"id":"P1068","layer":"ordinary_parcel","zoneId":"UF07","blockId":"B057","compatibleForms":["U01","U04","U02","U03"]},"geometry":{"type":"Polygon","coordinates":[[[72.78,750.4482142857142],[87.22,750.4482142857142],[87.22,762.0517857142858],[72.78,762.0517857142858],[72.78,750.4482142857142]]]}},{"type":"Feature","id":"P1069","properties":{"id":"P1069","layer":"ordinary_parcel","zoneId":"UF07","blockId":"B057","compatibleForms":["U01","U04","U02","U03"]},"geometry":{"type":"Polygon","coordinates":[[[87.97999999999999,750.4482142857142],[102.42,750.4482142857142],[102.42,762.0517857142858],[87.97999999999999,762.0517857142858],[87.97999999999999,750.4482142857142]]]}},{"type":"Feature","id":"P1070","properties":{"id":"P1070","layer":"ordinary_parcel","zoneId":"UF07","blockId":"B057","compatibleForms":["U01","U04","U02","U03"]},"geometry":{"type":"Polygon","coordinates":[[[57.580000000000005,762.6625],[72.02000000000001,762.6625],[72.02000000000001,774.2660714285714],[57.580000000000005,774.2660714285714],[57.580000000000005,762.6625]]]}},{"type":"Feature","id":"P1071","properties":{"id":"P1071","layer":"ordinary_parcel","zoneId":"UF07","blockId":"B057","compatibleForms":["U01","U04","U02","U03"]},"geometry":{"type":"Polygon","coordinates":[[[72.78,762.6625],[87.22,762.6625],[87.22,774.2660714285714],[72.78,774.2660714285714],[72.78,762.6625]]]}},{"type":"Feature","id":"P1072","properties":{"id":"P1072","layer":"ordinary_parcel","zoneId":"UF07","blockId":"B057","compatibleForms":["U01","U04","U02","U03"]},"geometry":{"type":"Polygon","coordinates":[[[87.97999999999999,762.6625],[102.42,762.6625],[102.42,774.2660714285714],[87.97999999999999,774.2660714285714],[87.97999999999999,762.6625]]]}},{"type":"Feature","id":"P1073","properties":{"id":"P1073","layer":"ordinary_parcel","zoneId":"UF07","blockId":"B057","compatibleForms":["U01","U04","U02","U03"]},"geometry":{"type":"Polygon","coordinates":[[[57.580000000000005,774.8767857142857],[72.02000000000001,774.8767857142857],[72.02000000000001,786.4803571428572],[57.580000000000005,786.4803571428572],[57.580000000000005,774.8767857142857]]]}},{"type":"Feature","id":"P1074","properties":{"id":"P1074","layer":"ordinary_parcel","zoneId":"UF07","blockId":"B057","compatibleForms":["U01","U04","U02","U03"]},"geometry":{"type":"Polygon","coordinates":[[[72.78,774.8767857142857],[87.22,774.8767857142857],[87.22,786.4803571428572],[72.78,786.4803571428572],[72.78,774.8767857142857]]]}},{"type":"Feature","id":"P1075","properties":{"id":"P1075","layer":"ordinary_parcel","zoneId":"UF07","blockId":"B057","compatibleForms":["U01","U04","U02","U03"]},"geometry":{"type":"Polygon","coordinates":[[[87.97999999999999,774.8767857142857],[102.42,774.8767857142857],[102.42,786.4803571428572],[87.97999999999999,786.4803571428572],[87.97999999999999,774.8767857142857]]]}},{"type":"Feature","id":"P1076","properties":{"id":"P1076","layer":"ordinary_parcel","zoneId":"UF07","blockId":"B057","compatibleForms":["U01","U04","U02","U03"]},"geometry":{"type":"Polygon","coordinates":[[[57.580000000000005,787.0910714285715],[72.02000000000001,787.0910714285715],[72.02000000000001,798.6946428571429],[57.580000000000005,798.6946428571429],[57.580000000000005,787.0910714285715]]]}},{"type":"Feature","id":"P1077","properties":{"id":"P1077","layer":"ordinary_parcel","zoneId":"UF07","blockId":"B057","compatibleForms":["U01","U04","U02","U03"]},"geometry":{"type":"Polygon","coordinates":[[[72.78,787.0910714285715],[87.22,787.0910714285715],[87.22,798.6946428571429],[72.78,798.6946428571429],[72.78,787.0910714285715]]]}},{"type":"Feature","id":"P1078","properties":{"id":"P1078","layer":"ordinary_parcel","zoneId":"UF07","blockId":"B057","compatibleForms":["U01","U04","U02","U03"]},"geometry":{"type":"Polygon","coordinates":[[[87.97999999999999,787.0910714285715],[102.42,787.0910714285715],[102.42,798.6946428571429],[87.97999999999999,798.6946428571429],[87.97999999999999,787.0910714285715]]]}},{"type":"Feature","id":"B058","properties":{"id":"B058","layer":"block_cluster","zoneId":"UF07","sequenceInZone":2},"geometry":{"type":"Polygon","coordinates":[[[117.2,713.5],[162.8,713.5],[162.8,799],[117.2,799],[117.2,713.5]]]}},{"type":"Feature","id":"P1079","properties":{"id":"P1079","layer":"ordinary_parcel","zoneId":"UF07","blockId":"B058","compatibleForms":["U01","U04","U02","U03"]},"geometry":{"type":"Polygon","coordinates":[[[117.485,713.8053571428571],[128.315,713.8053571428571],[128.315,725.4089285714285],[117.485,725.4089285714285],[117.485,713.8053571428571]]]}},{"type":"Feature","id":"P1080","properties":{"id":"P1080","layer":"ordinary_parcel","zoneId":"UF07","blockId":"B058","compatibleForms":["U01","U04","U02","U03"]},"geometry":{"type":"Polygon","coordinates":[[[128.885,713.8053571428571],[139.715,713.8053571428571],[139.715,725.4089285714285],[128.885,725.4089285714285],[128.885,713.8053571428571]]]}},{"type":"Feature","id":"P1081","properties":{"id":"P1081","layer":"ordinary_parcel","zoneId":"UF07","blockId":"B058","compatibleForms":["U01","U04","U02","U03"]},"geometry":{"type":"Polygon","coordinates":[[[140.285,713.8053571428571],[151.115,713.8053571428571],[151.115,725.4089285714285],[140.285,725.4089285714285],[140.285,713.8053571428571]]]}},{"type":"Feature","id":"P1082","properties":{"id":"P1082","layer":"ordinary_parcel","zoneId":"UF07","blockId":"B058","compatibleForms":["U01","U04","U02","U03"]},"geometry":{"type":"Polygon","coordinates":[[[151.685,713.8053571428571],[162.51500000000001,713.8053571428571],[162.51500000000001,725.4089285714285],[151.685,725.4089285714285],[151.685,713.8053571428571]]]}},{"type":"Feature","id":"P1083","properties":{"id":"P1083","layer":"ordinary_parcel","zoneId":"UF07","blockId":"B058","compatibleForms":["U01","U04","U02","U03"]},"geometry":{"type":"Polygon","coordinates":[[[117.485,726.0196428571428],[128.315,726.0196428571428],[128.315,737.6232142857143],[117.485,737.6232142857143],[117.485,726.0196428571428]]]}},{"type":"Feature","id":"P1084","properties":{"id":"P1084","layer":"ordinary_parcel","zoneId":"UF07","blockId":"B058","compatibleForms":["U01","U04","U02","U03"]},"geometry":{"type":"Polygon","coordinates":[[[128.885,726.0196428571428],[139.715,726.0196428571428],[139.715,737.6232142857143],[128.885,737.6232142857143],[128.885,726.0196428571428]]]}},{"type":"Feature","id":"P1085","properties":{"id":"P1085","layer":"ordinary_parcel","zoneId":"UF07","blockId":"B058","compatibleForms":["U01","U04","U02","U03"]},"geometry":{"type":"Polygon","coordinates":[[[140.285,726.0196428571428],[151.115,726.0196428571428],[151.115,737.6232142857143],[140.285,737.6232142857143],[140.285,726.0196428571428]]]}},{"type":"Feature","id":"P1086","properties":{"id":"P1086","layer":"ordinary_parcel","zoneId":"UF07","blockId":"B058","compatibleForms":["U01","U04","U02","U03"]},"geometry":{"type":"Polygon","coordinates":[[[151.685,726.0196428571428],[162.51500000000001,726.0196428571428],[162.51500000000001,737.6232142857143],[151.685,737.6232142857143],[151.685,726.0196428571428]]]}},{"type":"Feature","id":"P1087","properties":{"id":"P1087","layer":"ordinary_parcel","zoneId":"UF07","blockId":"B058","compatibleForms":["U01","U04","U02","U03"]},"geometry":{"type":"Polygon","coordinates":[[[117.58,738.2339285714286],[132.02,738.2339285714286],[132.02,749.8375],[117.58,749.8375],[117.58,738.2339285714286]]]}},{"type":"Feature","id":"P1088","properties":{"id":"P1088","layer":"ordinary_parcel","zoneId":"UF07","blockId":"B058","compatibleForms":["U01","U04","U02","U03"]},"geometry":{"type":"Polygon","coordinates":[[[132.78,738.2339285714286],[147.22000000000003,738.2339285714286],[147.22000000000003,749.8375],[132.78,749.8375],[132.78,738.2339285714286]]]}},{"type":"Feature","id":"P1089","properties":{"id":"P1089","layer":"ordinary_parcel","zoneId":"UF07","blockId":"B058","compatibleForms":["U01","U04","U02","U03"]},"geometry":{"type":"Polygon","coordinates":[[[147.98000000000002,738.2339285714286],[162.42000000000002,738.2339285714286],[162.42000000000002,749.8375],[147.98000000000002,749.8375],[147.98000000000002,738.2339285714286]]]}},{"type":"Feature","id":"P1090","properties":{"id":"P1090","layer":"ordinary_parcel","zoneId":"UF07","blockId":"B058","compatibleForms":["U01","U04","U02","U03"]},"geometry":{"type":"Polygon","coordinates":[[[117.58,750.4482142857142],[132.02,750.4482142857142],[132.02,762.0517857142858],[117.58,762.0517857142858],[117.58,750.4482142857142]]]}},{"type":"Feature","id":"P1091","properties":{"id":"P1091","layer":"ordinary_parcel","zoneId":"UF07","blockId":"B058","compatibleForms":["U01","U04","U02","U03"]},"geometry":{"type":"Polygon","coordinates":[[[132.78,750.4482142857142],[147.22000000000003,750.4482142857142],[147.22000000000003,762.0517857142858],[132.78,762.0517857142858],[132.78,750.4482142857142]]]}},{"type":"Feature","id":"P1092","properties":{"id":"P1092","layer":"ordinary_parcel","zoneId":"UF07","blockId":"B058","compatibleForms":["U01","U04","U02","U03"]},"geometry":{"type":"Polygon","coordinates":[[[147.98000000000002,750.4482142857142],[162.42000000000002,750.4482142857142],[162.42000000000002,762.0517857142858],[147.98000000000002,762.0517857142858],[147.98000000000002,750.4482142857142]]]}},{"type":"Feature","id":"P1093","properties":{"id":"P1093","layer":"ordinary_parcel","zoneId":"UF07","blockId":"B058","compatibleForms":["U01","U04","U02","U03"]},"geometry":{"type":"Polygon","coordinates":[[[117.58,762.6625],[132.02,762.6625],[132.02,774.2660714285714],[117.58,774.2660714285714],[117.58,762.6625]]]}},{"type":"Feature","id":"P1094","properties":{"id":"P1094","layer":"ordinary_parcel","zoneId":"UF07","blockId":"B058","compatibleForms":["U01","U04","U02","U03"]},"geometry":{"type":"Polygon","coordinates":[[[132.78,762.6625],[147.22000000000003,762.6625],[147.22000000000003,774.2660714285714],[132.78,774.2660714285714],[132.78,762.6625]]]}},{"type":"Feature","id":"P1095","properties":{"id":"P1095","layer":"ordinary_parcel","zoneId":"UF07","blockId":"B058","compatibleForms":["U01","U04","U02","U03"]},"geometry":{"type":"Polygon","coordinates":[[[147.98000000000002,762.6625],[162.42000000000002,762.6625],[162.42000000000002,774.2660714285714],[147.98000000000002,774.2660714285714],[147.98000000000002,762.6625]]]}},{"type":"Feature","id":"P1096","properties":{"id":"P1096","layer":"ordinary_parcel","zoneId":"UF07","blockId":"B058","compatibleForms":["U01","U04","U02","U03"]},"geometry":{"type":"Polygon","coordinates":[[[117.58,774.8767857142857],[132.02,774.8767857142857],[132.02,786.4803571428572],[117.58,786.4803571428572],[117.58,774.8767857142857]]]}},{"type":"Feature","id":"P1097","properties":{"id":"P1097","layer":"ordinary_parcel","zoneId":"UF07","blockId":"B058","compatibleForms":["U01","U04","U02","U03"]},"geometry":{"type":"Polygon","coordinates":[[[132.78,774.8767857142857],[147.22000000000003,774.8767857142857],[147.22000000000003,786.4803571428572],[132.78,786.4803571428572],[132.78,774.8767857142857]]]}},{"type":"Feature","id":"P1098","properties":{"id":"P1098","layer":"ordinary_parcel","zoneId":"UF07","blockId":"B058","compatibleForms":["U01","U04","U02","U03"]},"geometry":{"type":"Polygon","coordinates":[[[147.98000000000002,774.8767857142857],[162.42000000000002,774.8767857142857],[162.42000000000002,786.4803571428572],[147.98000000000002,786.4803571428572],[147.98000000000002,774.8767857142857]]]}},{"type":"Feature","id":"P1099","properties":{"id":"P1099","layer":"ordinary_parcel","zoneId":"UF07","blockId":"B058","compatibleForms":["U01","U04","U02","U03"]},"geometry":{"type":"Polygon","coordinates":[[[117.58,787.0910714285715],[132.02,787.0910714285715],[132.02,798.6946428571429],[117.58,798.6946428571429],[117.58,787.0910714285715]]]}},{"type":"Feature","id":"P1100","properties":{"id":"P1100","layer":"ordinary_parcel","zoneId":"UF07","blockId":"B058","compatibleForms":["U01","U04","U02","U03"]},"geometry":{"type":"Polygon","coordinates":[[[132.78,787.0910714285715],[147.22000000000003,787.0910714285715],[147.22000000000003,798.6946428571429],[132.78,798.6946428571429],[132.78,787.0910714285715]]]}},{"type":"Feature","id":"P1101","properties":{"id":"P1101","layer":"ordinary_parcel","zoneId":"UF07","blockId":"B058","compatibleForms":["U01","U04","U02","U03"]},"geometry":{"type":"Polygon","coordinates":[[[147.98000000000002,787.0910714285715],[162.42000000000002,787.0910714285715],[162.42000000000002,798.6946428571429],[147.98000000000002,798.6946428571429],[147.98000000000002,787.0910714285715]]]}},{"type":"Feature","id":"B059","properties":{"id":"B059","layer":"block_cluster","zoneId":"UF07","sequenceInZone":3},"geometry":{"type":"Polygon","coordinates":[[[177.2,713.5],[222.8,713.5],[222.8,799],[177.2,799],[177.2,713.5]]]}},{"type":"Feature","id":"P1102","properties":{"id":"P1102","layer":"ordinary_parcel","zoneId":"UF07","blockId":"B059","compatibleForms":["U01","U04","U02","U03"]},"geometry":{"type":"Polygon","coordinates":[[[177.48499999999999,713.85625],[188.315,713.85625],[188.315,727.39375],[177.48499999999999,727.39375],[177.48499999999999,713.85625]]]}},{"type":"Feature","id":"P1103","properties":{"id":"P1103","layer":"ordinary_parcel","zoneId":"UF07","blockId":"B059","compatibleForms":["U01","U04","U02","U03"]},"geometry":{"type":"Polygon","coordinates":[[[188.885,713.85625],[199.715,713.85625],[199.715,727.39375],[188.885,727.39375],[188.885,713.85625]]]}},{"type":"Feature","id":"P1104","properties":{"id":"P1104","layer":"ordinary_parcel","zoneId":"UF07","blockId":"B059","compatibleForms":["U01","U04","U02","U03"]},"geometry":{"type":"Polygon","coordinates":[[[200.285,713.85625],[211.115,713.85625],[211.115,727.39375],[200.285,727.39375],[200.285,713.85625]]]}},{"type":"Feature","id":"P1105","properties":{"id":"P1105","layer":"ordinary_parcel","zoneId":"UF07","blockId":"B059","compatibleForms":["U01","U04","U02","U03"]},"geometry":{"type":"Polygon","coordinates":[[[211.685,713.85625],[222.51500000000001,713.85625],[222.51500000000001,727.39375],[211.685,727.39375],[211.685,713.85625]]]}},{"type":"Feature","id":"P1106","properties":{"id":"P1106","layer":"ordinary_parcel","zoneId":"UF07","blockId":"B059","compatibleForms":["U01","U04","U02","U03"]},"geometry":{"type":"Polygon","coordinates":[[[177.48499999999999,728.10625],[188.315,728.10625],[188.315,741.64375],[177.48499999999999,741.64375],[177.48499999999999,728.10625]]]}},{"type":"Feature","id":"P1107","properties":{"id":"P1107","layer":"ordinary_parcel","zoneId":"UF07","blockId":"B059","compatibleForms":["U01","U04","U02","U03"]},"geometry":{"type":"Polygon","coordinates":[[[188.885,728.10625],[199.715,728.10625],[199.715,741.64375],[188.885,741.64375],[188.885,728.10625]]]}},{"type":"Feature","id":"P1108","properties":{"id":"P1108","layer":"ordinary_parcel","zoneId":"UF07","blockId":"B059","compatibleForms":["U01","U04","U02","U03"]},"geometry":{"type":"Polygon","coordinates":[[[200.285,728.10625],[211.115,728.10625],[211.115,741.64375],[200.285,741.64375],[200.285,728.10625]]]}},{"type":"Feature","id":"P1109","properties":{"id":"P1109","layer":"ordinary_parcel","zoneId":"UF07","blockId":"B059","compatibleForms":["U01","U04","U02","U03"]},"geometry":{"type":"Polygon","coordinates":[[[211.685,728.10625],[222.51500000000001,728.10625],[222.51500000000001,741.64375],[211.685,741.64375],[211.685,728.10625]]]}},{"type":"Feature","id":"P1110","properties":{"id":"P1110","layer":"ordinary_parcel","zoneId":"UF07","blockId":"B059","compatibleForms":["U01","U04","U02","U03"]},"geometry":{"type":"Polygon","coordinates":[[[177.48499999999999,742.35625],[188.315,742.35625],[188.315,755.89375],[177.48499999999999,755.89375],[177.48499999999999,742.35625]]]}},{"type":"Feature","id":"P1111","properties":{"id":"P1111","layer":"ordinary_parcel","zoneId":"UF07","blockId":"B059","compatibleForms":["U01","U04","U02","U03"]},"geometry":{"type":"Polygon","coordinates":[[[188.885,742.35625],[199.715,742.35625],[199.715,755.89375],[188.885,755.89375],[188.885,742.35625]]]}},{"type":"Feature","id":"P1112","properties":{"id":"P1112","layer":"ordinary_parcel","zoneId":"UF07","blockId":"B059","compatibleForms":["U01","U04","U02","U03"]},"geometry":{"type":"Polygon","coordinates":[[[200.285,742.35625],[211.115,742.35625],[211.115,755.89375],[200.285,755.89375],[200.285,742.35625]]]}},{"type":"Feature","id":"P1113","properties":{"id":"P1113","layer":"ordinary_parcel","zoneId":"UF07","blockId":"B059","compatibleForms":["U01","U04","U02","U03"]},"geometry":{"type":"Polygon","coordinates":[[[211.685,742.35625],[222.51500000000001,742.35625],[222.51500000000001,755.89375],[211.685,755.89375],[211.685,742.35625]]]}},{"type":"Feature","id":"P1114","properties":{"id":"P1114","layer":"ordinary_parcel","zoneId":"UF07","blockId":"B059","compatibleForms":["U01","U04","U02","U03"]},"geometry":{"type":"Polygon","coordinates":[[[177.48499999999999,756.60625],[188.315,756.60625],[188.315,770.14375],[177.48499999999999,770.14375],[177.48499999999999,756.60625]]]}},{"type":"Feature","id":"P1115","properties":{"id":"P1115","layer":"ordinary_parcel","zoneId":"UF07","blockId":"B059","compatibleForms":["U01","U04","U02","U03"]},"geometry":{"type":"Polygon","coordinates":[[[188.885,756.60625],[199.715,756.60625],[199.715,770.14375],[188.885,770.14375],[188.885,756.60625]]]}},{"type":"Feature","id":"P1116","properties":{"id":"P1116","layer":"ordinary_parcel","zoneId":"UF07","blockId":"B059","compatibleForms":["U01","U04","U02","U03"]},"geometry":{"type":"Polygon","coordinates":[[[200.285,756.60625],[211.115,756.60625],[211.115,770.14375],[200.285,770.14375],[200.285,756.60625]]]}},{"type":"Feature","id":"P1117","properties":{"id":"P1117","layer":"ordinary_parcel","zoneId":"UF07","blockId":"B059","compatibleForms":["U01","U04","U02","U03"]},"geometry":{"type":"Polygon","coordinates":[[[211.685,756.60625],[222.51500000000001,756.60625],[222.51500000000001,770.14375],[211.685,770.14375],[211.685,756.60625]]]}},{"type":"Feature","id":"P1118","properties":{"id":"P1118","layer":"ordinary_parcel","zoneId":"UF07","blockId":"B059","compatibleForms":["U01","U04","U02","U03"]},"geometry":{"type":"Polygon","coordinates":[[[177.57999999999998,770.85625],[192.02,770.85625],[192.02,784.39375],[177.57999999999998,784.39375],[177.57999999999998,770.85625]]]}},{"type":"Feature","id":"P1119","properties":{"id":"P1119","layer":"ordinary_parcel","zoneId":"UF07","blockId":"B059","compatibleForms":["U01","U04","U02","U03"]},"geometry":{"type":"Polygon","coordinates":[[[192.78,770.85625],[207.22,770.85625],[207.22,784.39375],[192.78,784.39375],[192.78,770.85625]]]}},{"type":"Feature","id":"P1120","properties":{"id":"P1120","layer":"ordinary_parcel","zoneId":"UF07","blockId":"B059","compatibleForms":["U01","U04","U02","U03"]},"geometry":{"type":"Polygon","coordinates":[[[207.98,770.85625],[222.42000000000002,770.85625],[222.42000000000002,784.39375],[207.98,784.39375],[207.98,770.85625]]]}},{"type":"Feature","id":"P1121","properties":{"id":"P1121","layer":"ordinary_parcel","zoneId":"UF07","blockId":"B059","compatibleForms":["U01","U04","U02","U03"]},"geometry":{"type":"Polygon","coordinates":[[[177.57999999999998,785.10625],[192.02,785.10625],[192.02,798.64375],[177.57999999999998,798.64375],[177.57999999999998,785.10625]]]}},{"type":"Feature","id":"P1122","properties":{"id":"P1122","layer":"ordinary_parcel","zoneId":"UF07","blockId":"B059","compatibleForms":["U01","U04","U02","U03"]},"geometry":{"type":"Polygon","coordinates":[[[192.78,785.10625],[207.22,785.10625],[207.22,798.64375],[192.78,798.64375],[192.78,785.10625]]]}},{"type":"Feature","id":"P1123","properties":{"id":"P1123","layer":"ordinary_parcel","zoneId":"UF07","blockId":"B059","compatibleForms":["U01","U04","U02","U03"]},"geometry":{"type":"Polygon","coordinates":[[[207.98,785.10625],[222.42000000000002,785.10625],[222.42000000000002,798.64375],[207.98,798.64375],[207.98,785.10625]]]}},{"type":"Feature","id":"B060","properties":{"id":"B060","layer":"block_cluster","zoneId":"UF07","sequenceInZone":4},"geometry":{"type":"Polygon","coordinates":[[[57.2,826],[102.8,826],[102.8,911.5],[57.2,911.5],[57.2,826]]]}},{"type":"Feature","id":"P1124","properties":{"id":"P1124","layer":"ordinary_parcel","zoneId":"UF07","blockId":"B060","compatibleForms":["U01","U04","U02","U03"]},"geometry":{"type":"Polygon","coordinates":[[[57.485,826.35625],[68.315,826.35625],[68.315,839.89375],[57.485,839.89375],[57.485,826.35625]]]}},{"type":"Feature","id":"P1125","properties":{"id":"P1125","layer":"ordinary_parcel","zoneId":"UF07","blockId":"B060","compatibleForms":["U01","U04","U02","U03"]},"geometry":{"type":"Polygon","coordinates":[[[68.88499999999999,826.35625],[79.715,826.35625],[79.715,839.89375],[68.88499999999999,839.89375],[68.88499999999999,826.35625]]]}},{"type":"Feature","id":"P1126","properties":{"id":"P1126","layer":"ordinary_parcel","zoneId":"UF07","blockId":"B060","compatibleForms":["U01","U04","U02","U03"]},"geometry":{"type":"Polygon","coordinates":[[[80.285,826.35625],[91.11500000000001,826.35625],[91.11500000000001,839.89375],[80.285,839.89375],[80.285,826.35625]]]}},{"type":"Feature","id":"P1127","properties":{"id":"P1127","layer":"ordinary_parcel","zoneId":"UF07","blockId":"B060","compatibleForms":["U01","U04","U02","U03"]},"geometry":{"type":"Polygon","coordinates":[[[91.685,826.35625],[102.515,826.35625],[102.515,839.89375],[91.685,839.89375],[91.685,826.35625]]]}},{"type":"Feature","id":"P1128","properties":{"id":"P1128","layer":"ordinary_parcel","zoneId":"UF07","blockId":"B060","compatibleForms":["U01","U04","U02","U03"]},"geometry":{"type":"Polygon","coordinates":[[[57.485,840.60625],[68.315,840.60625],[68.315,854.14375],[57.485,854.14375],[57.485,840.60625]]]}},{"type":"Feature","id":"P1129","properties":{"id":"P1129","layer":"ordinary_parcel","zoneId":"UF07","blockId":"B060","compatibleForms":["U01","U04","U02","U03"]},"geometry":{"type":"Polygon","coordinates":[[[68.88499999999999,840.60625],[79.715,840.60625],[79.715,854.14375],[68.88499999999999,854.14375],[68.88499999999999,840.60625]]]}},{"type":"Feature","id":"P1130","properties":{"id":"P1130","layer":"ordinary_parcel","zoneId":"UF07","blockId":"B060","compatibleForms":["U01","U04","U02","U03"]},"geometry":{"type":"Polygon","coordinates":[[[80.285,840.60625],[91.11500000000001,840.60625],[91.11500000000001,854.14375],[80.285,854.14375],[80.285,840.60625]]]}},{"type":"Feature","id":"P1131","properties":{"id":"P1131","layer":"ordinary_parcel","zoneId":"UF07","blockId":"B060","compatibleForms":["U01","U04","U02","U03"]},"geometry":{"type":"Polygon","coordinates":[[[91.685,840.60625],[102.515,840.60625],[102.515,854.14375],[91.685,854.14375],[91.685,840.60625]]]}},{"type":"Feature","id":"P1132","properties":{"id":"P1132","layer":"ordinary_parcel","zoneId":"UF07","blockId":"B060","compatibleForms":["U01","U04","U02","U03"]},"geometry":{"type":"Polygon","coordinates":[[[57.485,854.85625],[68.315,854.85625],[68.315,868.39375],[57.485,868.39375],[57.485,854.85625]]]}},{"type":"Feature","id":"P1133","properties":{"id":"P1133","layer":"ordinary_parcel","zoneId":"UF07","blockId":"B060","compatibleForms":["U01","U04","U02","U03"]},"geometry":{"type":"Polygon","coordinates":[[[68.88499999999999,854.85625],[79.715,854.85625],[79.715,868.39375],[68.88499999999999,868.39375],[68.88499999999999,854.85625]]]}},{"type":"Feature","id":"P1134","properties":{"id":"P1134","layer":"ordinary_parcel","zoneId":"UF07","blockId":"B060","compatibleForms":["U01","U04","U02","U03"]},"geometry":{"type":"Polygon","coordinates":[[[80.285,854.85625],[91.11500000000001,854.85625],[91.11500000000001,868.39375],[80.285,868.39375],[80.285,854.85625]]]}},{"type":"Feature","id":"P1135","properties":{"id":"P1135","layer":"ordinary_parcel","zoneId":"UF07","blockId":"B060","compatibleForms":["U01","U04","U02","U03"]},"geometry":{"type":"Polygon","coordinates":[[[91.685,854.85625],[102.515,854.85625],[102.515,868.39375],[91.685,868.39375],[91.685,854.85625]]]}},{"type":"Feature","id":"P1136","properties":{"id":"P1136","layer":"ordinary_parcel","zoneId":"UF07","blockId":"B060","compatibleForms":["U01","U04","U02","U03"]},"geometry":{"type":"Polygon","coordinates":[[[57.485,869.10625],[68.315,869.10625],[68.315,882.64375],[57.485,882.64375],[57.485,869.10625]]]}},{"type":"Feature","id":"P1137","properties":{"id":"P1137","layer":"ordinary_parcel","zoneId":"UF07","blockId":"B060","compatibleForms":["U01","U04","U02","U03"]},"geometry":{"type":"Polygon","coordinates":[[[68.88499999999999,869.10625],[79.715,869.10625],[79.715,882.64375],[68.88499999999999,882.64375],[68.88499999999999,869.10625]]]}},{"type":"Feature","id":"P1138","properties":{"id":"P1138","layer":"ordinary_parcel","zoneId":"UF07","blockId":"B060","compatibleForms":["U01","U04","U02","U03"]},"geometry":{"type":"Polygon","coordinates":[[[80.285,869.10625],[91.11500000000001,869.10625],[91.11500000000001,882.64375],[80.285,882.64375],[80.285,869.10625]]]}},{"type":"Feature","id":"P1139","properties":{"id":"P1139","layer":"ordinary_parcel","zoneId":"UF07","blockId":"B060","compatibleForms":["U01","U04","U02","U03"]},"geometry":{"type":"Polygon","coordinates":[[[91.685,869.10625],[102.515,869.10625],[102.515,882.64375],[91.685,882.64375],[91.685,869.10625]]]}},{"type":"Feature","id":"P1140","properties":{"id":"P1140","layer":"ordinary_parcel","zoneId":"UF07","blockId":"B060","compatibleForms":["U01","U04","U02","U03"]},"geometry":{"type":"Polygon","coordinates":[[[57.580000000000005,883.35625],[72.02000000000001,883.35625],[72.02000000000001,896.89375],[57.580000000000005,896.89375],[57.580000000000005,883.35625]]]}},{"type":"Feature","id":"P1141","properties":{"id":"P1141","layer":"ordinary_parcel","zoneId":"UF07","blockId":"B060","compatibleForms":["U01","U04","U02","U03"]},"geometry":{"type":"Polygon","coordinates":[[[72.78,883.35625],[87.22,883.35625],[87.22,896.89375],[72.78,896.89375],[72.78,883.35625]]]}},{"type":"Feature","id":"P1142","properties":{"id":"P1142","layer":"ordinary_parcel","zoneId":"UF07","blockId":"B060","compatibleForms":["U01","U04","U02","U03"]},"geometry":{"type":"Polygon","coordinates":[[[87.97999999999999,883.35625],[102.42,883.35625],[102.42,896.89375],[87.97999999999999,896.89375],[87.97999999999999,883.35625]]]}},{"type":"Feature","id":"P1143","properties":{"id":"P1143","layer":"ordinary_parcel","zoneId":"UF07","blockId":"B060","compatibleForms":["U01","U04","U02","U03"]},"geometry":{"type":"Polygon","coordinates":[[[57.580000000000005,897.60625],[72.02000000000001,897.60625],[72.02000000000001,911.14375],[57.580000000000005,911.14375],[57.580000000000005,897.60625]]]}},{"type":"Feature","id":"P1144","properties":{"id":"P1144","layer":"ordinary_parcel","zoneId":"UF07","blockId":"B060","compatibleForms":["U01","U04","U02","U03"]},"geometry":{"type":"Polygon","coordinates":[[[72.78,897.60625],[87.22,897.60625],[87.22,911.14375],[72.78,911.14375],[72.78,897.60625]]]}},{"type":"Feature","id":"P1145","properties":{"id":"P1145","layer":"ordinary_parcel","zoneId":"UF07","blockId":"B060","compatibleForms":["U01","U04","U02","U03"]},"geometry":{"type":"Polygon","coordinates":[[[87.97999999999999,897.60625],[102.42,897.60625],[102.42,911.14375],[87.97999999999999,911.14375],[87.97999999999999,897.60625]]]}},{"type":"Feature","id":"B061","properties":{"id":"B061","layer":"block_cluster","zoneId":"UF07","sequenceInZone":5},"geometry":{"type":"Polygon","coordinates":[[[117.2,826],[162.8,826],[162.8,911.5],[117.2,911.5],[117.2,826]]]}},{"type":"Feature","id":"P1146","properties":{"id":"P1146","layer":"ordinary_parcel","zoneId":"UF07","blockId":"B061","compatibleForms":["U01","U04","U02","U03"]},"geometry":{"type":"Polygon","coordinates":[[[117.485,826.35625],[128.315,826.35625],[128.315,839.89375],[117.485,839.89375],[117.485,826.35625]]]}},{"type":"Feature","id":"P1147","properties":{"id":"P1147","layer":"ordinary_parcel","zoneId":"UF07","blockId":"B061","compatibleForms":["U01","U04","U02","U03"]},"geometry":{"type":"Polygon","coordinates":[[[128.885,826.35625],[139.715,826.35625],[139.715,839.89375],[128.885,839.89375],[128.885,826.35625]]]}},{"type":"Feature","id":"P1148","properties":{"id":"P1148","layer":"ordinary_parcel","zoneId":"UF07","blockId":"B061","compatibleForms":["U01","U04","U02","U03"]},"geometry":{"type":"Polygon","coordinates":[[[140.285,826.35625],[151.115,826.35625],[151.115,839.89375],[140.285,839.89375],[140.285,826.35625]]]}},{"type":"Feature","id":"P1149","properties":{"id":"P1149","layer":"ordinary_parcel","zoneId":"UF07","blockId":"B061","compatibleForms":["U01","U04","U02","U03"]},"geometry":{"type":"Polygon","coordinates":[[[151.685,826.35625],[162.51500000000001,826.35625],[162.51500000000001,839.89375],[151.685,839.89375],[151.685,826.35625]]]}},{"type":"Feature","id":"P1150","properties":{"id":"P1150","layer":"ordinary_parcel","zoneId":"UF07","blockId":"B061","compatibleForms":["U01","U04","U02","U03"]},"geometry":{"type":"Polygon","coordinates":[[[117.485,840.60625],[128.315,840.60625],[128.315,854.14375],[117.485,854.14375],[117.485,840.60625]]]}},{"type":"Feature","id":"P1151","properties":{"id":"P1151","layer":"ordinary_parcel","zoneId":"UF07","blockId":"B061","compatibleForms":["U01","U04","U02","U03"]},"geometry":{"type":"Polygon","coordinates":[[[128.885,840.60625],[139.715,840.60625],[139.715,854.14375],[128.885,854.14375],[128.885,840.60625]]]}},{"type":"Feature","id":"P1152","properties":{"id":"P1152","layer":"ordinary_parcel","zoneId":"UF07","blockId":"B061","compatibleForms":["U01","U04","U02","U03"]},"geometry":{"type":"Polygon","coordinates":[[[140.285,840.60625],[151.115,840.60625],[151.115,854.14375],[140.285,854.14375],[140.285,840.60625]]]}},{"type":"Feature","id":"P1153","properties":{"id":"P1153","layer":"ordinary_parcel","zoneId":"UF07","blockId":"B061","compatibleForms":["U01","U04","U02","U03"]},"geometry":{"type":"Polygon","coordinates":[[[151.685,840.60625],[162.51500000000001,840.60625],[162.51500000000001,854.14375],[151.685,854.14375],[151.685,840.60625]]]}},{"type":"Feature","id":"P1154","properties":{"id":"P1154","layer":"ordinary_parcel","zoneId":"UF07","blockId":"B061","compatibleForms":["U01","U04","U02","U03"]},"geometry":{"type":"Polygon","coordinates":[[[117.485,854.85625],[128.315,854.85625],[128.315,868.39375],[117.485,868.39375],[117.485,854.85625]]]}},{"type":"Feature","id":"P1155","properties":{"id":"P1155","layer":"ordinary_parcel","zoneId":"UF07","blockId":"B061","compatibleForms":["U01","U04","U02","U03"]},"geometry":{"type":"Polygon","coordinates":[[[128.885,854.85625],[139.715,854.85625],[139.715,868.39375],[128.885,868.39375],[128.885,854.85625]]]}},{"type":"Feature","id":"P1156","properties":{"id":"P1156","layer":"ordinary_parcel","zoneId":"UF07","blockId":"B061","compatibleForms":["U01","U04","U02","U03"]},"geometry":{"type":"Polygon","coordinates":[[[140.285,854.85625],[151.115,854.85625],[151.115,868.39375],[140.285,868.39375],[140.285,854.85625]]]}},{"type":"Feature","id":"P1157","properties":{"id":"P1157","layer":"ordinary_parcel","zoneId":"UF07","blockId":"B061","compatibleForms":["U01","U04","U02","U03"]},"geometry":{"type":"Polygon","coordinates":[[[151.685,854.85625],[162.51500000000001,854.85625],[162.51500000000001,868.39375],[151.685,868.39375],[151.685,854.85625]]]}},{"type":"Feature","id":"P1158","properties":{"id":"P1158","layer":"ordinary_parcel","zoneId":"UF07","blockId":"B061","compatibleForms":["U01","U04","U02","U03"]},"geometry":{"type":"Polygon","coordinates":[[[117.485,869.10625],[128.315,869.10625],[128.315,882.64375],[117.485,882.64375],[117.485,869.10625]]]}},{"type":"Feature","id":"P1159","properties":{"id":"P1159","layer":"ordinary_parcel","zoneId":"UF07","blockId":"B061","compatibleForms":["U01","U04","U02","U03"]},"geometry":{"type":"Polygon","coordinates":[[[128.885,869.10625],[139.715,869.10625],[139.715,882.64375],[128.885,882.64375],[128.885,869.10625]]]}},{"type":"Feature","id":"P1160","properties":{"id":"P1160","layer":"ordinary_parcel","zoneId":"UF07","blockId":"B061","compatibleForms":["U01","U04","U02","U03"]},"geometry":{"type":"Polygon","coordinates":[[[140.285,869.10625],[151.115,869.10625],[151.115,882.64375],[140.285,882.64375],[140.285,869.10625]]]}},{"type":"Feature","id":"P1161","properties":{"id":"P1161","layer":"ordinary_parcel","zoneId":"UF07","blockId":"B061","compatibleForms":["U01","U04","U02","U03"]},"geometry":{"type":"Polygon","coordinates":[[[151.685,869.10625],[162.51500000000001,869.10625],[162.51500000000001,882.64375],[151.685,882.64375],[151.685,869.10625]]]}},{"type":"Feature","id":"P1162","properties":{"id":"P1162","layer":"ordinary_parcel","zoneId":"UF07","blockId":"B061","compatibleForms":["U01","U04","U02","U03"]},"geometry":{"type":"Polygon","coordinates":[[[117.58,883.35625],[132.02,883.35625],[132.02,896.89375],[117.58,896.89375],[117.58,883.35625]]]}},{"type":"Feature","id":"P1163","properties":{"id":"P1163","layer":"ordinary_parcel","zoneId":"UF07","blockId":"B061","compatibleForms":["U01","U04","U02","U03"]},"geometry":{"type":"Polygon","coordinates":[[[132.78,883.35625],[147.22000000000003,883.35625],[147.22000000000003,896.89375],[132.78,896.89375],[132.78,883.35625]]]}},{"type":"Feature","id":"P1164","properties":{"id":"P1164","layer":"ordinary_parcel","zoneId":"UF07","blockId":"B061","compatibleForms":["U01","U04","U02","U03"]},"geometry":{"type":"Polygon","coordinates":[[[147.98000000000002,883.35625],[162.42000000000002,883.35625],[162.42000000000002,896.89375],[147.98000000000002,896.89375],[147.98000000000002,883.35625]]]}},{"type":"Feature","id":"P1165","properties":{"id":"P1165","layer":"ordinary_parcel","zoneId":"UF07","blockId":"B061","compatibleForms":["U01","U04","U02","U03"]},"geometry":{"type":"Polygon","coordinates":[[[117.58,897.60625],[132.02,897.60625],[132.02,911.14375],[117.58,911.14375],[117.58,897.60625]]]}},{"type":"Feature","id":"P1166","properties":{"id":"P1166","layer":"ordinary_parcel","zoneId":"UF07","blockId":"B061","compatibleForms":["U01","U04","U02","U03"]},"geometry":{"type":"Polygon","coordinates":[[[132.78,897.60625],[147.22000000000003,897.60625],[147.22000000000003,911.14375],[132.78,911.14375],[132.78,897.60625]]]}},{"type":"Feature","id":"P1167","properties":{"id":"P1167","layer":"ordinary_parcel","zoneId":"UF07","blockId":"B061","compatibleForms":["U01","U04","U02","U03"]},"geometry":{"type":"Polygon","coordinates":[[[147.98000000000002,897.60625],[162.42000000000002,897.60625],[162.42000000000002,911.14375],[147.98000000000002,911.14375],[147.98000000000002,897.60625]]]}},{"type":"Feature","id":"B062","properties":{"id":"B062","layer":"block_cluster","zoneId":"UF07","sequenceInZone":6},"geometry":{"type":"Polygon","coordinates":[[[177.2,826],[222.8,826],[222.8,911.5],[177.2,911.5],[177.2,826]]]}},{"type":"Feature","id":"P1168","properties":{"id":"P1168","layer":"ordinary_parcel","zoneId":"UF07","blockId":"B062","compatibleForms":["U01","U04","U02","U03"]},"geometry":{"type":"Polygon","coordinates":[[[177.48499999999999,826.35625],[188.315,826.35625],[188.315,839.89375],[177.48499999999999,839.89375],[177.48499999999999,826.35625]]]}},{"type":"Feature","id":"P1169","properties":{"id":"P1169","layer":"ordinary_parcel","zoneId":"UF07","blockId":"B062","compatibleForms":["U01","U04","U02","U03"]},"geometry":{"type":"Polygon","coordinates":[[[188.885,826.35625],[199.715,826.35625],[199.715,839.89375],[188.885,839.89375],[188.885,826.35625]]]}},{"type":"Feature","id":"P1170","properties":{"id":"P1170","layer":"ordinary_parcel","zoneId":"UF07","blockId":"B062","compatibleForms":["U01","U04","U02","U03"]},"geometry":{"type":"Polygon","coordinates":[[[200.285,826.35625],[211.115,826.35625],[211.115,839.89375],[200.285,839.89375],[200.285,826.35625]]]}},{"type":"Feature","id":"P1171","properties":{"id":"P1171","layer":"ordinary_parcel","zoneId":"UF07","blockId":"B062","compatibleForms":["U01","U04","U02","U03"]},"geometry":{"type":"Polygon","coordinates":[[[211.685,826.35625],[222.51500000000001,826.35625],[222.51500000000001,839.89375],[211.685,839.89375],[211.685,826.35625]]]}},{"type":"Feature","id":"P1172","properties":{"id":"P1172","layer":"ordinary_parcel","zoneId":"UF07","blockId":"B062","compatibleForms":["U01","U04","U02","U03"]},"geometry":{"type":"Polygon","coordinates":[[[177.48499999999999,840.60625],[188.315,840.60625],[188.315,854.14375],[177.48499999999999,854.14375],[177.48499999999999,840.60625]]]}},{"type":"Feature","id":"P1173","properties":{"id":"P1173","layer":"ordinary_parcel","zoneId":"UF07","blockId":"B062","compatibleForms":["U01","U04","U02","U03"]},"geometry":{"type":"Polygon","coordinates":[[[188.885,840.60625],[199.715,840.60625],[199.715,854.14375],[188.885,854.14375],[188.885,840.60625]]]}},{"type":"Feature","id":"P1174","properties":{"id":"P1174","layer":"ordinary_parcel","zoneId":"UF07","blockId":"B062","compatibleForms":["U01","U04","U02","U03"]},"geometry":{"type":"Polygon","coordinates":[[[200.285,840.60625],[211.115,840.60625],[211.115,854.14375],[200.285,854.14375],[200.285,840.60625]]]}},{"type":"Feature","id":"P1175","properties":{"id":"P1175","layer":"ordinary_parcel","zoneId":"UF07","blockId":"B062","compatibleForms":["U01","U04","U02","U03"]},"geometry":{"type":"Polygon","coordinates":[[[211.685,840.60625],[222.51500000000001,840.60625],[222.51500000000001,854.14375],[211.685,854.14375],[211.685,840.60625]]]}},{"type":"Feature","id":"P1176","properties":{"id":"P1176","layer":"ordinary_parcel","zoneId":"UF07","blockId":"B062","compatibleForms":["U01","U04","U02","U03"]},"geometry":{"type":"Polygon","coordinates":[[[177.48499999999999,854.85625],[188.315,854.85625],[188.315,868.39375],[177.48499999999999,868.39375],[177.48499999999999,854.85625]]]}},{"type":"Feature","id":"P1177","properties":{"id":"P1177","layer":"ordinary_parcel","zoneId":"UF07","blockId":"B062","compatibleForms":["U01","U04","U02","U03"]},"geometry":{"type":"Polygon","coordinates":[[[188.885,854.85625],[199.715,854.85625],[199.715,868.39375],[188.885,868.39375],[188.885,854.85625]]]}},{"type":"Feature","id":"P1178","properties":{"id":"P1178","layer":"ordinary_parcel","zoneId":"UF07","blockId":"B062","compatibleForms":["U01","U04","U02","U03"]},"geometry":{"type":"Polygon","coordinates":[[[200.285,854.85625],[211.115,854.85625],[211.115,868.39375],[200.285,868.39375],[200.285,854.85625]]]}},{"type":"Feature","id":"P1179","properties":{"id":"P1179","layer":"ordinary_parcel","zoneId":"UF07","blockId":"B062","compatibleForms":["U01","U04","U02","U03"]},"geometry":{"type":"Polygon","coordinates":[[[211.685,854.85625],[222.51500000000001,854.85625],[222.51500000000001,868.39375],[211.685,868.39375],[211.685,854.85625]]]}},{"type":"Feature","id":"P1180","properties":{"id":"P1180","layer":"ordinary_parcel","zoneId":"UF07","blockId":"B062","compatibleForms":["U01","U04","U02","U03"]},"geometry":{"type":"Polygon","coordinates":[[[177.48499999999999,869.10625],[188.315,869.10625],[188.315,882.64375],[177.48499999999999,882.64375],[177.48499999999999,869.10625]]]}},{"type":"Feature","id":"P1181","properties":{"id":"P1181","layer":"ordinary_parcel","zoneId":"UF07","blockId":"B062","compatibleForms":["U01","U04","U02","U03"]},"geometry":{"type":"Polygon","coordinates":[[[188.885,869.10625],[199.715,869.10625],[199.715,882.64375],[188.885,882.64375],[188.885,869.10625]]]}},{"type":"Feature","id":"P1182","properties":{"id":"P1182","layer":"ordinary_parcel","zoneId":"UF07","blockId":"B062","compatibleForms":["U01","U04","U02","U03"]},"geometry":{"type":"Polygon","coordinates":[[[200.285,869.10625],[211.115,869.10625],[211.115,882.64375],[200.285,882.64375],[200.285,869.10625]]]}},{"type":"Feature","id":"P1183","properties":{"id":"P1183","layer":"ordinary_parcel","zoneId":"UF07","blockId":"B062","compatibleForms":["U01","U04","U02","U03"]},"geometry":{"type":"Polygon","coordinates":[[[211.685,869.10625],[222.51500000000001,869.10625],[222.51500000000001,882.64375],[211.685,882.64375],[211.685,869.10625]]]}},{"type":"Feature","id":"P1184","properties":{"id":"P1184","layer":"ordinary_parcel","zoneId":"UF07","blockId":"B062","compatibleForms":["U01","U04","U02","U03"]},"geometry":{"type":"Polygon","coordinates":[[[177.57999999999998,883.35625],[192.02,883.35625],[192.02,896.89375],[177.57999999999998,896.89375],[177.57999999999998,883.35625]]]}},{"type":"Feature","id":"P1185","properties":{"id":"P1185","layer":"ordinary_parcel","zoneId":"UF07","blockId":"B062","compatibleForms":["U01","U04","U02","U03"]},"geometry":{"type":"Polygon","coordinates":[[[192.78,883.35625],[207.22,883.35625],[207.22,896.89375],[192.78,896.89375],[192.78,883.35625]]]}},{"type":"Feature","id":"P1186","properties":{"id":"P1186","layer":"ordinary_parcel","zoneId":"UF07","blockId":"B062","compatibleForms":["U01","U04","U02","U03"]},"geometry":{"type":"Polygon","coordinates":[[[207.98,883.35625],[222.42000000000002,883.35625],[222.42000000000002,896.89375],[207.98,896.89375],[207.98,883.35625]]]}},{"type":"Feature","id":"P1187","properties":{"id":"P1187","layer":"ordinary_parcel","zoneId":"UF07","blockId":"B062","compatibleForms":["U01","U04","U02","U03"]},"geometry":{"type":"Polygon","coordinates":[[[177.57999999999998,897.60625],[192.02,897.60625],[192.02,911.14375],[177.57999999999998,911.14375],[177.57999999999998,897.60625]]]}},{"type":"Feature","id":"P1188","properties":{"id":"P1188","layer":"ordinary_parcel","zoneId":"UF07","blockId":"B062","compatibleForms":["U01","U04","U02","U03"]},"geometry":{"type":"Polygon","coordinates":[[[192.78,897.60625],[207.22,897.60625],[207.22,911.14375],[192.78,911.14375],[192.78,897.60625]]]}},{"type":"Feature","id":"P1189","properties":{"id":"P1189","layer":"ordinary_parcel","zoneId":"UF07","blockId":"B062","compatibleForms":["U01","U04","U02","U03"]},"geometry":{"type":"Polygon","coordinates":[[[207.98,897.60625],[222.42000000000002,897.60625],[222.42000000000002,911.14375],[207.98,911.14375],[207.98,897.60625]]]}},{"type":"Feature","id":"B063","properties":{"id":"B063","layer":"block_cluster","zoneId":"UF07","sequenceInZone":7},"geometry":{"type":"Polygon","coordinates":[[[237.2,826],[282.8,826],[282.8,911.5],[237.2,911.5],[237.2,826]]]}},{"type":"Feature","id":"P1190","properties":{"id":"P1190","layer":"ordinary_parcel","zoneId":"UF07","blockId":"B063","compatibleForms":["U01","U04","U02","U03"]},"geometry":{"type":"Polygon","coordinates":[[[237.48499999999999,826.35625],[248.315,826.35625],[248.315,839.89375],[237.48499999999999,839.89375],[237.48499999999999,826.35625]]]}},{"type":"Feature","id":"P1191","properties":{"id":"P1191","layer":"ordinary_parcel","zoneId":"UF07","blockId":"B063","compatibleForms":["U01","U04","U02","U03"]},"geometry":{"type":"Polygon","coordinates":[[[248.885,826.35625],[259.715,826.35625],[259.715,839.89375],[248.885,839.89375],[248.885,826.35625]]]}},{"type":"Feature","id":"P1192","properties":{"id":"P1192","layer":"ordinary_parcel","zoneId":"UF07","blockId":"B063","compatibleForms":["U01","U04","U02","U03"]},"geometry":{"type":"Polygon","coordinates":[[[260.285,826.35625],[271.11499999999995,826.35625],[271.11499999999995,839.89375],[260.285,839.89375],[260.285,826.35625]]]}},{"type":"Feature","id":"P1193","properties":{"id":"P1193","layer":"ordinary_parcel","zoneId":"UF07","blockId":"B063","compatibleForms":["U01","U04","U02","U03"]},"geometry":{"type":"Polygon","coordinates":[[[271.685,826.35625],[282.515,826.35625],[282.515,839.89375],[271.685,839.89375],[271.685,826.35625]]]}},{"type":"Feature","id":"P1194","properties":{"id":"P1194","layer":"ordinary_parcel","zoneId":"UF07","blockId":"B063","compatibleForms":["U01","U04","U02","U03"]},"geometry":{"type":"Polygon","coordinates":[[[237.48499999999999,840.60625],[248.315,840.60625],[248.315,854.14375],[237.48499999999999,854.14375],[237.48499999999999,840.60625]]]}},{"type":"Feature","id":"P1195","properties":{"id":"P1195","layer":"ordinary_parcel","zoneId":"UF07","blockId":"B063","compatibleForms":["U01","U04","U02","U03"]},"geometry":{"type":"Polygon","coordinates":[[[248.885,840.60625],[259.715,840.60625],[259.715,854.14375],[248.885,854.14375],[248.885,840.60625]]]}},{"type":"Feature","id":"P1196","properties":{"id":"P1196","layer":"ordinary_parcel","zoneId":"UF07","blockId":"B063","compatibleForms":["U01","U04","U02","U03"]},"geometry":{"type":"Polygon","coordinates":[[[260.285,840.60625],[271.11499999999995,840.60625],[271.11499999999995,854.14375],[260.285,854.14375],[260.285,840.60625]]]}},{"type":"Feature","id":"P1197","properties":{"id":"P1197","layer":"ordinary_parcel","zoneId":"UF07","blockId":"B063","compatibleForms":["U01","U04","U02","U03"]},"geometry":{"type":"Polygon","coordinates":[[[271.685,840.60625],[282.515,840.60625],[282.515,854.14375],[271.685,854.14375],[271.685,840.60625]]]}},{"type":"Feature","id":"P1198","properties":{"id":"P1198","layer":"ordinary_parcel","zoneId":"UF07","blockId":"B063","compatibleForms":["U01","U04","U02","U03"]},"geometry":{"type":"Polygon","coordinates":[[[237.48499999999999,854.85625],[248.315,854.85625],[248.315,868.39375],[237.48499999999999,868.39375],[237.48499999999999,854.85625]]]}},{"type":"Feature","id":"P1199","properties":{"id":"P1199","layer":"ordinary_parcel","zoneId":"UF07","blockId":"B063","compatibleForms":["U01","U04","U02","U03"]},"geometry":{"type":"Polygon","coordinates":[[[248.885,854.85625],[259.715,854.85625],[259.715,868.39375],[248.885,868.39375],[248.885,854.85625]]]}},{"type":"Feature","id":"P1200","properties":{"id":"P1200","layer":"ordinary_parcel","zoneId":"UF07","blockId":"B063","compatibleForms":["U01","U04","U02","U03"]},"geometry":{"type":"Polygon","coordinates":[[[260.285,854.85625],[271.11499999999995,854.85625],[271.11499999999995,868.39375],[260.285,868.39375],[260.285,854.85625]]]}},{"type":"Feature","id":"P1201","properties":{"id":"P1201","layer":"ordinary_parcel","zoneId":"UF07","blockId":"B063","compatibleForms":["U01","U04","U02","U03"]},"geometry":{"type":"Polygon","coordinates":[[[271.685,854.85625],[282.515,854.85625],[282.515,868.39375],[271.685,868.39375],[271.685,854.85625]]]}},{"type":"Feature","id":"P1202","properties":{"id":"P1202","layer":"ordinary_parcel","zoneId":"UF07","blockId":"B063","compatibleForms":["U01","U04","U02","U03"]},"geometry":{"type":"Polygon","coordinates":[[[237.48499999999999,869.10625],[248.315,869.10625],[248.315,882.64375],[237.48499999999999,882.64375],[237.48499999999999,869.10625]]]}},{"type":"Feature","id":"P1203","properties":{"id":"P1203","layer":"ordinary_parcel","zoneId":"UF07","blockId":"B063","compatibleForms":["U01","U04","U02","U03"]},"geometry":{"type":"Polygon","coordinates":[[[248.885,869.10625],[259.715,869.10625],[259.715,882.64375],[248.885,882.64375],[248.885,869.10625]]]}},{"type":"Feature","id":"P1204","properties":{"id":"P1204","layer":"ordinary_parcel","zoneId":"UF07","blockId":"B063","compatibleForms":["U01","U04","U02","U03"]},"geometry":{"type":"Polygon","coordinates":[[[260.285,869.10625],[271.11499999999995,869.10625],[271.11499999999995,882.64375],[260.285,882.64375],[260.285,869.10625]]]}},{"type":"Feature","id":"P1205","properties":{"id":"P1205","layer":"ordinary_parcel","zoneId":"UF07","blockId":"B063","compatibleForms":["U01","U04","U02","U03"]},"geometry":{"type":"Polygon","coordinates":[[[271.685,869.10625],[282.515,869.10625],[282.515,882.64375],[271.685,882.64375],[271.685,869.10625]]]}},{"type":"Feature","id":"P1206","properties":{"id":"P1206","layer":"ordinary_parcel","zoneId":"UF07","blockId":"B063","compatibleForms":["U01","U04","U02","U03"]},"geometry":{"type":"Polygon","coordinates":[[[237.57999999999998,883.35625],[252.02,883.35625],[252.02,896.89375],[237.57999999999998,896.89375],[237.57999999999998,883.35625]]]}},{"type":"Feature","id":"P1207","properties":{"id":"P1207","layer":"ordinary_parcel","zoneId":"UF07","blockId":"B063","compatibleForms":["U01","U04","U02","U03"]},"geometry":{"type":"Polygon","coordinates":[[[252.78,883.35625],[267.22,883.35625],[267.22,896.89375],[252.78,896.89375],[252.78,883.35625]]]}},{"type":"Feature","id":"P1208","properties":{"id":"P1208","layer":"ordinary_parcel","zoneId":"UF07","blockId":"B063","compatibleForms":["U01","U04","U02","U03"]},"geometry":{"type":"Polygon","coordinates":[[[267.98,883.35625],[282.42,883.35625],[282.42,896.89375],[267.98,896.89375],[267.98,883.35625]]]}},{"type":"Feature","id":"P1209","properties":{"id":"P1209","layer":"ordinary_parcel","zoneId":"UF07","blockId":"B063","compatibleForms":["U01","U04","U02","U03"]},"geometry":{"type":"Polygon","coordinates":[[[237.57999999999998,897.60625],[252.02,897.60625],[252.02,911.14375],[237.57999999999998,911.14375],[237.57999999999998,897.60625]]]}},{"type":"Feature","id":"P1210","properties":{"id":"P1210","layer":"ordinary_parcel","zoneId":"UF07","blockId":"B063","compatibleForms":["U01","U04","U02","U03"]},"geometry":{"type":"Polygon","coordinates":[[[252.78,897.60625],[267.22,897.60625],[267.22,911.14375],[252.78,911.14375],[252.78,897.60625]]]}},{"type":"Feature","id":"P1211","properties":{"id":"P1211","layer":"ordinary_parcel","zoneId":"UF07","blockId":"B063","compatibleForms":["U01","U04","U02","U03"]},"geometry":{"type":"Polygon","coordinates":[[[267.98,897.60625],[282.42,897.60625],[282.42,911.14375],[267.98,911.14375],[267.98,897.60625]]]}},{"type":"Feature","id":"B064","properties":{"id":"B064","layer":"block_cluster","zoneId":"UF07","sequenceInZone":8},"geometry":{"type":"Polygon","coordinates":[[[297.2,826],[342.8,826],[342.8,911.5],[297.2,911.5],[297.2,826]]]}},{"type":"Feature","id":"P1212","properties":{"id":"P1212","layer":"ordinary_parcel","zoneId":"UF07","blockId":"B064","compatibleForms":["U01","U04","U02","U03"]},"geometry":{"type":"Polygon","coordinates":[[[297.485,826.35625],[308.315,826.35625],[308.315,839.89375],[297.485,839.89375],[297.485,826.35625]]]}},{"type":"Feature","id":"P1213","properties":{"id":"P1213","layer":"ordinary_parcel","zoneId":"UF07","blockId":"B064","compatibleForms":["U01","U04","U02","U03"]},"geometry":{"type":"Polygon","coordinates":[[[308.88500000000005,826.35625],[319.715,826.35625],[319.715,839.89375],[308.88500000000005,839.89375],[308.88500000000005,826.35625]]]}},{"type":"Feature","id":"P1214","properties":{"id":"P1214","layer":"ordinary_parcel","zoneId":"UF07","blockId":"B064","compatibleForms":["U01","U04","U02","U03"]},"geometry":{"type":"Polygon","coordinates":[[[320.285,826.35625],[331.11499999999995,826.35625],[331.11499999999995,839.89375],[320.285,839.89375],[320.285,826.35625]]]}},{"type":"Feature","id":"P1215","properties":{"id":"P1215","layer":"ordinary_parcel","zoneId":"UF07","blockId":"B064","compatibleForms":["U01","U04","U02","U03"]},"geometry":{"type":"Polygon","coordinates":[[[331.685,826.35625],[342.515,826.35625],[342.515,839.89375],[331.685,839.89375],[331.685,826.35625]]]}},{"type":"Feature","id":"P1216","properties":{"id":"P1216","layer":"ordinary_parcel","zoneId":"UF07","blockId":"B064","compatibleForms":["U01","U04","U02","U03"]},"geometry":{"type":"Polygon","coordinates":[[[297.485,840.60625],[308.315,840.60625],[308.315,854.14375],[297.485,854.14375],[297.485,840.60625]]]}},{"type":"Feature","id":"P1217","properties":{"id":"P1217","layer":"ordinary_parcel","zoneId":"UF07","blockId":"B064","compatibleForms":["U01","U04","U02","U03"]},"geometry":{"type":"Polygon","coordinates":[[[308.88500000000005,840.60625],[319.715,840.60625],[319.715,854.14375],[308.88500000000005,854.14375],[308.88500000000005,840.60625]]]}},{"type":"Feature","id":"P1218","properties":{"id":"P1218","layer":"ordinary_parcel","zoneId":"UF07","blockId":"B064","compatibleForms":["U01","U04","U02","U03"]},"geometry":{"type":"Polygon","coordinates":[[[320.285,840.60625],[331.11499999999995,840.60625],[331.11499999999995,854.14375],[320.285,854.14375],[320.285,840.60625]]]}},{"type":"Feature","id":"P1219","properties":{"id":"P1219","layer":"ordinary_parcel","zoneId":"UF07","blockId":"B064","compatibleForms":["U01","U04","U02","U03"]},"geometry":{"type":"Polygon","coordinates":[[[331.685,840.60625],[342.515,840.60625],[342.515,854.14375],[331.685,854.14375],[331.685,840.60625]]]}},{"type":"Feature","id":"P1220","properties":{"id":"P1220","layer":"ordinary_parcel","zoneId":"UF07","blockId":"B064","compatibleForms":["U01","U04","U02","U03"]},"geometry":{"type":"Polygon","coordinates":[[[297.485,854.85625],[308.315,854.85625],[308.315,868.39375],[297.485,868.39375],[297.485,854.85625]]]}},{"type":"Feature","id":"P1221","properties":{"id":"P1221","layer":"ordinary_parcel","zoneId":"UF07","blockId":"B064","compatibleForms":["U01","U04","U02","U03"]},"geometry":{"type":"Polygon","coordinates":[[[308.88500000000005,854.85625],[319.715,854.85625],[319.715,868.39375],[308.88500000000005,868.39375],[308.88500000000005,854.85625]]]}},{"type":"Feature","id":"P1222","properties":{"id":"P1222","layer":"ordinary_parcel","zoneId":"UF07","blockId":"B064","compatibleForms":["U01","U04","U02","U03"]},"geometry":{"type":"Polygon","coordinates":[[[320.285,854.85625],[331.11499999999995,854.85625],[331.11499999999995,868.39375],[320.285,868.39375],[320.285,854.85625]]]}},{"type":"Feature","id":"P1223","properties":{"id":"P1223","layer":"ordinary_parcel","zoneId":"UF07","blockId":"B064","compatibleForms":["U01","U04","U02","U03"]},"geometry":{"type":"Polygon","coordinates":[[[331.685,854.85625],[342.515,854.85625],[342.515,868.39375],[331.685,868.39375],[331.685,854.85625]]]}},{"type":"Feature","id":"P1224","properties":{"id":"P1224","layer":"ordinary_parcel","zoneId":"UF07","blockId":"B064","compatibleForms":["U01","U04","U02","U03"]},"geometry":{"type":"Polygon","coordinates":[[[297.485,869.10625],[308.315,869.10625],[308.315,882.64375],[297.485,882.64375],[297.485,869.10625]]]}},{"type":"Feature","id":"P1225","properties":{"id":"P1225","layer":"ordinary_parcel","zoneId":"UF07","blockId":"B064","compatibleForms":["U01","U04","U02","U03"]},"geometry":{"type":"Polygon","coordinates":[[[308.88500000000005,869.10625],[319.715,869.10625],[319.715,882.64375],[308.88500000000005,882.64375],[308.88500000000005,869.10625]]]}},{"type":"Feature","id":"P1226","properties":{"id":"P1226","layer":"ordinary_parcel","zoneId":"UF07","blockId":"B064","compatibleForms":["U01","U04","U02","U03"]},"geometry":{"type":"Polygon","coordinates":[[[320.285,869.10625],[331.11499999999995,869.10625],[331.11499999999995,882.64375],[320.285,882.64375],[320.285,869.10625]]]}},{"type":"Feature","id":"P1227","properties":{"id":"P1227","layer":"ordinary_parcel","zoneId":"UF07","blockId":"B064","compatibleForms":["U01","U04","U02","U03"]},"geometry":{"type":"Polygon","coordinates":[[[331.685,869.10625],[342.515,869.10625],[342.515,882.64375],[331.685,882.64375],[331.685,869.10625]]]}},{"type":"Feature","id":"P1228","properties":{"id":"P1228","layer":"ordinary_parcel","zoneId":"UF07","blockId":"B064","compatibleForms":["U01","U04","U02","U03"]},"geometry":{"type":"Polygon","coordinates":[[[297.58,883.35625],[312.02,883.35625],[312.02,896.89375],[297.58,896.89375],[297.58,883.35625]]]}},{"type":"Feature","id":"P1229","properties":{"id":"P1229","layer":"ordinary_parcel","zoneId":"UF07","blockId":"B064","compatibleForms":["U01","U04","U02","U03"]},"geometry":{"type":"Polygon","coordinates":[[[312.78,883.35625],[327.22,883.35625],[327.22,896.89375],[312.78,896.89375],[312.78,883.35625]]]}},{"type":"Feature","id":"P1230","properties":{"id":"P1230","layer":"ordinary_parcel","zoneId":"UF07","blockId":"B064","compatibleForms":["U01","U04","U02","U03"]},"geometry":{"type":"Polygon","coordinates":[[[327.98,883.35625],[342.42,883.35625],[342.42,896.89375],[327.98,896.89375],[327.98,883.35625]]]}},{"type":"Feature","id":"P1231","properties":{"id":"P1231","layer":"ordinary_parcel","zoneId":"UF07","blockId":"B064","compatibleForms":["U01","U04","U02","U03"]},"geometry":{"type":"Polygon","coordinates":[[[297.58,897.60625],[312.02,897.60625],[312.02,911.14375],[297.58,911.14375],[297.58,897.60625]]]}},{"type":"Feature","id":"P1232","properties":{"id":"P1232","layer":"ordinary_parcel","zoneId":"UF07","blockId":"B064","compatibleForms":["U01","U04","U02","U03"]},"geometry":{"type":"Polygon","coordinates":[[[312.78,897.60625],[327.22,897.60625],[327.22,911.14375],[312.78,911.14375],[312.78,897.60625]]]}},{"type":"Feature","id":"P1233","properties":{"id":"P1233","layer":"ordinary_parcel","zoneId":"UF07","blockId":"B064","compatibleForms":["U01","U04","U02","U03"]},"geometry":{"type":"Polygon","coordinates":[[[327.98,897.60625],[342.42,897.60625],[342.42,911.14375],[327.98,911.14375],[327.98,897.60625]]]}},{"type":"Feature","id":"B065","properties":{"id":"B065","layer":"block_cluster","zoneId":"UF07","sequenceInZone":9},"geometry":{"type":"Polygon","coordinates":[[[357.2,826],[402.8,826],[402.8,911.5],[357.2,911.5],[357.2,826]]]}},{"type":"Feature","id":"P1234","properties":{"id":"P1234","layer":"ordinary_parcel","zoneId":"UF07","blockId":"B065","compatibleForms":["U01","U04","U02","U03"]},"geometry":{"type":"Polygon","coordinates":[[[357.485,826.35625],[368.315,826.35625],[368.315,839.89375],[357.485,839.89375],[357.485,826.35625]]]}},{"type":"Feature","id":"P1235","properties":{"id":"P1235","layer":"ordinary_parcel","zoneId":"UF07","blockId":"B065","compatibleForms":["U01","U04","U02","U03"]},"geometry":{"type":"Polygon","coordinates":[[[368.88500000000005,826.35625],[379.715,826.35625],[379.715,839.89375],[368.88500000000005,839.89375],[368.88500000000005,826.35625]]]}},{"type":"Feature","id":"P1236","properties":{"id":"P1236","layer":"ordinary_parcel","zoneId":"UF07","blockId":"B065","compatibleForms":["U01","U04","U02","U03"]},"geometry":{"type":"Polygon","coordinates":[[[380.285,826.35625],[391.11499999999995,826.35625],[391.11499999999995,839.89375],[380.285,839.89375],[380.285,826.35625]]]}},{"type":"Feature","id":"P1237","properties":{"id":"P1237","layer":"ordinary_parcel","zoneId":"UF07","blockId":"B065","compatibleForms":["U01","U04","U02","U03"]},"geometry":{"type":"Polygon","coordinates":[[[391.685,826.35625],[402.515,826.35625],[402.515,839.89375],[391.685,839.89375],[391.685,826.35625]]]}},{"type":"Feature","id":"P1238","properties":{"id":"P1238","layer":"ordinary_parcel","zoneId":"UF07","blockId":"B065","compatibleForms":["U01","U04","U02","U03"]},"geometry":{"type":"Polygon","coordinates":[[[357.485,840.60625],[368.315,840.60625],[368.315,854.14375],[357.485,854.14375],[357.485,840.60625]]]}},{"type":"Feature","id":"P1239","properties":{"id":"P1239","layer":"ordinary_parcel","zoneId":"UF07","blockId":"B065","compatibleForms":["U01","U04","U02","U03"]},"geometry":{"type":"Polygon","coordinates":[[[368.88500000000005,840.60625],[379.715,840.60625],[379.715,854.14375],[368.88500000000005,854.14375],[368.88500000000005,840.60625]]]}},{"type":"Feature","id":"P1240","properties":{"id":"P1240","layer":"ordinary_parcel","zoneId":"UF07","blockId":"B065","compatibleForms":["U01","U04","U02","U03"]},"geometry":{"type":"Polygon","coordinates":[[[380.285,840.60625],[391.11499999999995,840.60625],[391.11499999999995,854.14375],[380.285,854.14375],[380.285,840.60625]]]}},{"type":"Feature","id":"P1241","properties":{"id":"P1241","layer":"ordinary_parcel","zoneId":"UF07","blockId":"B065","compatibleForms":["U01","U04","U02","U03"]},"geometry":{"type":"Polygon","coordinates":[[[391.685,840.60625],[402.515,840.60625],[402.515,854.14375],[391.685,854.14375],[391.685,840.60625]]]}},{"type":"Feature","id":"P1242","properties":{"id":"P1242","layer":"ordinary_parcel","zoneId":"UF07","blockId":"B065","compatibleForms":["U01","U04","U02","U03"]},"geometry":{"type":"Polygon","coordinates":[[[357.485,854.85625],[368.315,854.85625],[368.315,868.39375],[357.485,868.39375],[357.485,854.85625]]]}},{"type":"Feature","id":"P1243","properties":{"id":"P1243","layer":"ordinary_parcel","zoneId":"UF07","blockId":"B065","compatibleForms":["U01","U04","U02","U03"]},"geometry":{"type":"Polygon","coordinates":[[[368.88500000000005,854.85625],[379.715,854.85625],[379.715,868.39375],[368.88500000000005,868.39375],[368.88500000000005,854.85625]]]}},{"type":"Feature","id":"P1244","properties":{"id":"P1244","layer":"ordinary_parcel","zoneId":"UF07","blockId":"B065","compatibleForms":["U01","U04","U02","U03"]},"geometry":{"type":"Polygon","coordinates":[[[380.285,854.85625],[391.11499999999995,854.85625],[391.11499999999995,868.39375],[380.285,868.39375],[380.285,854.85625]]]}},{"type":"Feature","id":"P1245","properties":{"id":"P1245","layer":"ordinary_parcel","zoneId":"UF07","blockId":"B065","compatibleForms":["U01","U04","U02","U03"]},"geometry":{"type":"Polygon","coordinates":[[[391.685,854.85625],[402.515,854.85625],[402.515,868.39375],[391.685,868.39375],[391.685,854.85625]]]}},{"type":"Feature","id":"P1246","properties":{"id":"P1246","layer":"ordinary_parcel","zoneId":"UF07","blockId":"B065","compatibleForms":["U01","U04","U02","U03"]},"geometry":{"type":"Polygon","coordinates":[[[357.485,869.10625],[368.315,869.10625],[368.315,882.64375],[357.485,882.64375],[357.485,869.10625]]]}},{"type":"Feature","id":"P1247","properties":{"id":"P1247","layer":"ordinary_parcel","zoneId":"UF07","blockId":"B065","compatibleForms":["U01","U04","U02","U03"]},"geometry":{"type":"Polygon","coordinates":[[[368.88500000000005,869.10625],[379.715,869.10625],[379.715,882.64375],[368.88500000000005,882.64375],[368.88500000000005,869.10625]]]}},{"type":"Feature","id":"P1248","properties":{"id":"P1248","layer":"ordinary_parcel","zoneId":"UF07","blockId":"B065","compatibleForms":["U01","U04","U02","U03"]},"geometry":{"type":"Polygon","coordinates":[[[380.285,869.10625],[391.11499999999995,869.10625],[391.11499999999995,882.64375],[380.285,882.64375],[380.285,869.10625]]]}},{"type":"Feature","id":"P1249","properties":{"id":"P1249","layer":"ordinary_parcel","zoneId":"UF07","blockId":"B065","compatibleForms":["U01","U04","U02","U03"]},"geometry":{"type":"Polygon","coordinates":[[[391.685,869.10625],[402.515,869.10625],[402.515,882.64375],[391.685,882.64375],[391.685,869.10625]]]}},{"type":"Feature","id":"P1250","properties":{"id":"P1250","layer":"ordinary_parcel","zoneId":"UF07","blockId":"B065","compatibleForms":["U01","U04","U02","U03"]},"geometry":{"type":"Polygon","coordinates":[[[357.58,883.35625],[372.02,883.35625],[372.02,896.89375],[357.58,896.89375],[357.58,883.35625]]]}},{"type":"Feature","id":"P1251","properties":{"id":"P1251","layer":"ordinary_parcel","zoneId":"UF07","blockId":"B065","compatibleForms":["U01","U04","U02","U03"]},"geometry":{"type":"Polygon","coordinates":[[[372.78,883.35625],[387.22,883.35625],[387.22,896.89375],[372.78,896.89375],[372.78,883.35625]]]}},{"type":"Feature","id":"P1252","properties":{"id":"P1252","layer":"ordinary_parcel","zoneId":"UF07","blockId":"B065","compatibleForms":["U01","U04","U02","U03"]},"geometry":{"type":"Polygon","coordinates":[[[387.98,883.35625],[402.42,883.35625],[402.42,896.89375],[387.98,896.89375],[387.98,883.35625]]]}},{"type":"Feature","id":"P1253","properties":{"id":"P1253","layer":"ordinary_parcel","zoneId":"UF07","blockId":"B065","compatibleForms":["U01","U04","U02","U03"]},"geometry":{"type":"Polygon","coordinates":[[[357.58,897.60625],[372.02,897.60625],[372.02,911.14375],[357.58,911.14375],[357.58,897.60625]]]}},{"type":"Feature","id":"P1254","properties":{"id":"P1254","layer":"ordinary_parcel","zoneId":"UF07","blockId":"B065","compatibleForms":["U01","U04","U02","U03"]},"geometry":{"type":"Polygon","coordinates":[[[372.78,897.60625],[387.22,897.60625],[387.22,911.14375],[372.78,911.14375],[372.78,897.60625]]]}},{"type":"Feature","id":"P1255","properties":{"id":"P1255","layer":"ordinary_parcel","zoneId":"UF07","blockId":"B065","compatibleForms":["U01","U04","U02","U03"]},"geometry":{"type":"Polygon","coordinates":[[[387.98,897.60625],[402.42,897.60625],[402.42,911.14375],[387.98,911.14375],[387.98,897.60625]]]}},{"type":"Feature","id":"B066","properties":{"id":"B066","layer":"block_cluster","zoneId":"UF07","sequenceInZone":10},"geometry":{"type":"Polygon","coordinates":[[[117.2,938.5],[162.8,938.5],[162.8,1024],[117.2,1024],[117.2,938.5]]]}},{"type":"Feature","id":"P1256","properties":{"id":"P1256","layer":"ordinary_parcel","zoneId":"UF07","blockId":"B066","compatibleForms":["U01","U04","U02","U03"]},"geometry":{"type":"Polygon","coordinates":[[[117.485,938.85625],[128.315,938.85625],[128.315,952.39375],[117.485,952.39375],[117.485,938.85625]]]}},{"type":"Feature","id":"P1257","properties":{"id":"P1257","layer":"ordinary_parcel","zoneId":"UF07","blockId":"B066","compatibleForms":["U01","U04","U02","U03"]},"geometry":{"type":"Polygon","coordinates":[[[128.885,938.85625],[139.715,938.85625],[139.715,952.39375],[128.885,952.39375],[128.885,938.85625]]]}},{"type":"Feature","id":"P1258","properties":{"id":"P1258","layer":"ordinary_parcel","zoneId":"UF07","blockId":"B066","compatibleForms":["U01","U04","U02","U03"]},"geometry":{"type":"Polygon","coordinates":[[[140.285,938.85625],[151.115,938.85625],[151.115,952.39375],[140.285,952.39375],[140.285,938.85625]]]}},{"type":"Feature","id":"P1259","properties":{"id":"P1259","layer":"ordinary_parcel","zoneId":"UF07","blockId":"B066","compatibleForms":["U01","U04","U02","U03"]},"geometry":{"type":"Polygon","coordinates":[[[151.685,938.85625],[162.51500000000001,938.85625],[162.51500000000001,952.39375],[151.685,952.39375],[151.685,938.85625]]]}},{"type":"Feature","id":"P1260","properties":{"id":"P1260","layer":"ordinary_parcel","zoneId":"UF07","blockId":"B066","compatibleForms":["U01","U04","U02","U03"]},"geometry":{"type":"Polygon","coordinates":[[[117.485,953.10625],[128.315,953.10625],[128.315,966.64375],[117.485,966.64375],[117.485,953.10625]]]}},{"type":"Feature","id":"P1261","properties":{"id":"P1261","layer":"ordinary_parcel","zoneId":"UF07","blockId":"B066","compatibleForms":["U01","U04","U02","U03"]},"geometry":{"type":"Polygon","coordinates":[[[128.885,953.10625],[139.715,953.10625],[139.715,966.64375],[128.885,966.64375],[128.885,953.10625]]]}},{"type":"Feature","id":"P1262","properties":{"id":"P1262","layer":"ordinary_parcel","zoneId":"UF07","blockId":"B066","compatibleForms":["U01","U04","U02","U03"]},"geometry":{"type":"Polygon","coordinates":[[[140.285,953.10625],[151.115,953.10625],[151.115,966.64375],[140.285,966.64375],[140.285,953.10625]]]}},{"type":"Feature","id":"P1263","properties":{"id":"P1263","layer":"ordinary_parcel","zoneId":"UF07","blockId":"B066","compatibleForms":["U01","U04","U02","U03"]},"geometry":{"type":"Polygon","coordinates":[[[151.685,953.10625],[162.51500000000001,953.10625],[162.51500000000001,966.64375],[151.685,966.64375],[151.685,953.10625]]]}},{"type":"Feature","id":"P1264","properties":{"id":"P1264","layer":"ordinary_parcel","zoneId":"UF07","blockId":"B066","compatibleForms":["U01","U04","U02","U03"]},"geometry":{"type":"Polygon","coordinates":[[[117.485,967.35625],[128.315,967.35625],[128.315,980.89375],[117.485,980.89375],[117.485,967.35625]]]}},{"type":"Feature","id":"P1265","properties":{"id":"P1265","layer":"ordinary_parcel","zoneId":"UF07","blockId":"B066","compatibleForms":["U01","U04","U02","U03"]},"geometry":{"type":"Polygon","coordinates":[[[128.885,967.35625],[139.715,967.35625],[139.715,980.89375],[128.885,980.89375],[128.885,967.35625]]]}},{"type":"Feature","id":"P1266","properties":{"id":"P1266","layer":"ordinary_parcel","zoneId":"UF07","blockId":"B066","compatibleForms":["U01","U04","U02","U03"]},"geometry":{"type":"Polygon","coordinates":[[[140.285,967.35625],[151.115,967.35625],[151.115,980.89375],[140.285,980.89375],[140.285,967.35625]]]}},{"type":"Feature","id":"P1267","properties":{"id":"P1267","layer":"ordinary_parcel","zoneId":"UF07","blockId":"B066","compatibleForms":["U01","U04","U02","U03"]},"geometry":{"type":"Polygon","coordinates":[[[151.685,967.35625],[162.51500000000001,967.35625],[162.51500000000001,980.89375],[151.685,980.89375],[151.685,967.35625]]]}},{"type":"Feature","id":"P1268","properties":{"id":"P1268","layer":"ordinary_parcel","zoneId":"UF07","blockId":"B066","compatibleForms":["U01","U04","U02","U03"]},"geometry":{"type":"Polygon","coordinates":[[[117.485,981.60625],[128.315,981.60625],[128.315,995.14375],[117.485,995.14375],[117.485,981.60625]]]}},{"type":"Feature","id":"P1269","properties":{"id":"P1269","layer":"ordinary_parcel","zoneId":"UF07","blockId":"B066","compatibleForms":["U01","U04","U02","U03"]},"geometry":{"type":"Polygon","coordinates":[[[128.885,981.60625],[139.715,981.60625],[139.715,995.14375],[128.885,995.14375],[128.885,981.60625]]]}},{"type":"Feature","id":"P1270","properties":{"id":"P1270","layer":"ordinary_parcel","zoneId":"UF07","blockId":"B066","compatibleForms":["U01","U04","U02","U03"]},"geometry":{"type":"Polygon","coordinates":[[[140.285,981.60625],[151.115,981.60625],[151.115,995.14375],[140.285,995.14375],[140.285,981.60625]]]}},{"type":"Feature","id":"P1271","properties":{"id":"P1271","layer":"ordinary_parcel","zoneId":"UF07","blockId":"B066","compatibleForms":["U01","U04","U02","U03"]},"geometry":{"type":"Polygon","coordinates":[[[151.685,981.60625],[162.51500000000001,981.60625],[162.51500000000001,995.14375],[151.685,995.14375],[151.685,981.60625]]]}},{"type":"Feature","id":"P1272","properties":{"id":"P1272","layer":"ordinary_parcel","zoneId":"UF07","blockId":"B066","compatibleForms":["U01","U04","U02","U03"]},"geometry":{"type":"Polygon","coordinates":[[[117.58,995.85625],[132.02,995.85625],[132.02,1009.39375],[117.58,1009.39375],[117.58,995.85625]]]}},{"type":"Feature","id":"P1273","properties":{"id":"P1273","layer":"ordinary_parcel","zoneId":"UF07","blockId":"B066","compatibleForms":["U01","U04","U02","U03"]},"geometry":{"type":"Polygon","coordinates":[[[132.78,995.85625],[147.22000000000003,995.85625],[147.22000000000003,1009.39375],[132.78,1009.39375],[132.78,995.85625]]]}},{"type":"Feature","id":"P1274","properties":{"id":"P1274","layer":"ordinary_parcel","zoneId":"UF07","blockId":"B066","compatibleForms":["U01","U04","U02","U03"]},"geometry":{"type":"Polygon","coordinates":[[[147.98000000000002,995.85625],[162.42000000000002,995.85625],[162.42000000000002,1009.39375],[147.98000000000002,1009.39375],[147.98000000000002,995.85625]]]}},{"type":"Feature","id":"P1275","properties":{"id":"P1275","layer":"ordinary_parcel","zoneId":"UF07","blockId":"B066","compatibleForms":["U01","U04","U02","U03"]},"geometry":{"type":"Polygon","coordinates":[[[117.58,1010.10625],[132.02,1010.10625],[132.02,1023.64375],[117.58,1023.64375],[117.58,1010.10625]]]}},{"type":"Feature","id":"P1276","properties":{"id":"P1276","layer":"ordinary_parcel","zoneId":"UF07","blockId":"B066","compatibleForms":["U01","U04","U02","U03"]},"geometry":{"type":"Polygon","coordinates":[[[132.78,1010.10625],[147.22000000000003,1010.10625],[147.22000000000003,1023.64375],[132.78,1023.64375],[132.78,1010.10625]]]}},{"type":"Feature","id":"P1277","properties":{"id":"P1277","layer":"ordinary_parcel","zoneId":"UF07","blockId":"B066","compatibleForms":["U01","U04","U02","U03"]},"geometry":{"type":"Polygon","coordinates":[[[147.98000000000002,1010.10625],[162.42000000000002,1010.10625],[162.42000000000002,1023.64375],[147.98000000000002,1023.64375],[147.98000000000002,1010.10625]]]}},{"type":"Feature","id":"B067","properties":{"id":"B067","layer":"block_cluster","zoneId":"UF07","sequenceInZone":11},"geometry":{"type":"Polygon","coordinates":[[[177.2,938.5],[222.8,938.5],[222.8,1024],[177.2,1024],[177.2,938.5]]]}},{"type":"Feature","id":"P1278","properties":{"id":"P1278","layer":"ordinary_parcel","zoneId":"UF07","blockId":"B067","compatibleForms":["U01","U04","U02","U03"]},"geometry":{"type":"Polygon","coordinates":[[[177.48499999999999,938.85625],[188.315,938.85625],[188.315,952.39375],[177.48499999999999,952.39375],[177.48499999999999,938.85625]]]}},{"type":"Feature","id":"P1279","properties":{"id":"P1279","layer":"ordinary_parcel","zoneId":"UF07","blockId":"B067","compatibleForms":["U01","U04","U02","U03"]},"geometry":{"type":"Polygon","coordinates":[[[188.885,938.85625],[199.715,938.85625],[199.715,952.39375],[188.885,952.39375],[188.885,938.85625]]]}},{"type":"Feature","id":"P1280","properties":{"id":"P1280","layer":"ordinary_parcel","zoneId":"UF07","blockId":"B067","compatibleForms":["U01","U04","U02","U03"]},"geometry":{"type":"Polygon","coordinates":[[[200.285,938.85625],[211.115,938.85625],[211.115,952.39375],[200.285,952.39375],[200.285,938.85625]]]}},{"type":"Feature","id":"P1281","properties":{"id":"P1281","layer":"ordinary_parcel","zoneId":"UF07","blockId":"B067","compatibleForms":["U01","U04","U02","U03"]},"geometry":{"type":"Polygon","coordinates":[[[211.685,938.85625],[222.51500000000001,938.85625],[222.51500000000001,952.39375],[211.685,952.39375],[211.685,938.85625]]]}},{"type":"Feature","id":"P1282","properties":{"id":"P1282","layer":"ordinary_parcel","zoneId":"UF07","blockId":"B067","compatibleForms":["U01","U04","U02","U03"]},"geometry":{"type":"Polygon","coordinates":[[[177.48499999999999,953.10625],[188.315,953.10625],[188.315,966.64375],[177.48499999999999,966.64375],[177.48499999999999,953.10625]]]}},{"type":"Feature","id":"P1283","properties":{"id":"P1283","layer":"ordinary_parcel","zoneId":"UF07","blockId":"B067","compatibleForms":["U01","U04","U02","U03"]},"geometry":{"type":"Polygon","coordinates":[[[188.885,953.10625],[199.715,953.10625],[199.715,966.64375],[188.885,966.64375],[188.885,953.10625]]]}},{"type":"Feature","id":"P1284","properties":{"id":"P1284","layer":"ordinary_parcel","zoneId":"UF07","blockId":"B067","compatibleForms":["U01","U04","U02","U03"]},"geometry":{"type":"Polygon","coordinates":[[[200.285,953.10625],[211.115,953.10625],[211.115,966.64375],[200.285,966.64375],[200.285,953.10625]]]}},{"type":"Feature","id":"P1285","properties":{"id":"P1285","layer":"ordinary_parcel","zoneId":"UF07","blockId":"B067","compatibleForms":["U01","U04","U02","U03"]},"geometry":{"type":"Polygon","coordinates":[[[211.685,953.10625],[222.51500000000001,953.10625],[222.51500000000001,966.64375],[211.685,966.64375],[211.685,953.10625]]]}},{"type":"Feature","id":"P1286","properties":{"id":"P1286","layer":"ordinary_parcel","zoneId":"UF07","blockId":"B067","compatibleForms":["U01","U04","U02","U03"]},"geometry":{"type":"Polygon","coordinates":[[[177.48499999999999,967.35625],[188.315,967.35625],[188.315,980.89375],[177.48499999999999,980.89375],[177.48499999999999,967.35625]]]}},{"type":"Feature","id":"P1287","properties":{"id":"P1287","layer":"ordinary_parcel","zoneId":"UF07","blockId":"B067","compatibleForms":["U01","U04","U02","U03"]},"geometry":{"type":"Polygon","coordinates":[[[188.885,967.35625],[199.715,967.35625],[199.715,980.89375],[188.885,980.89375],[188.885,967.35625]]]}},{"type":"Feature","id":"P1288","properties":{"id":"P1288","layer":"ordinary_parcel","zoneId":"UF07","blockId":"B067","compatibleForms":["U01","U04","U02","U03"]},"geometry":{"type":"Polygon","coordinates":[[[200.285,967.35625],[211.115,967.35625],[211.115,980.89375],[200.285,980.89375],[200.285,967.35625]]]}},{"type":"Feature","id":"P1289","properties":{"id":"P1289","layer":"ordinary_parcel","zoneId":"UF07","blockId":"B067","compatibleForms":["U01","U04","U02","U03"]},"geometry":{"type":"Polygon","coordinates":[[[211.685,967.35625],[222.51500000000001,967.35625],[222.51500000000001,980.89375],[211.685,980.89375],[211.685,967.35625]]]}},{"type":"Feature","id":"P1290","properties":{"id":"P1290","layer":"ordinary_parcel","zoneId":"UF07","blockId":"B067","compatibleForms":["U01","U04","U02","U03"]},"geometry":{"type":"Polygon","coordinates":[[[177.48499999999999,981.60625],[188.315,981.60625],[188.315,995.14375],[177.48499999999999,995.14375],[177.48499999999999,981.60625]]]}},{"type":"Feature","id":"P1291","properties":{"id":"P1291","layer":"ordinary_parcel","zoneId":"UF07","blockId":"B067","compatibleForms":["U01","U04","U02","U03"]},"geometry":{"type":"Polygon","coordinates":[[[188.885,981.60625],[199.715,981.60625],[199.715,995.14375],[188.885,995.14375],[188.885,981.60625]]]}},{"type":"Feature","id":"P1292","properties":{"id":"P1292","layer":"ordinary_parcel","zoneId":"UF07","blockId":"B067","compatibleForms":["U01","U04","U02","U03"]},"geometry":{"type":"Polygon","coordinates":[[[200.285,981.60625],[211.115,981.60625],[211.115,995.14375],[200.285,995.14375],[200.285,981.60625]]]}},{"type":"Feature","id":"P1293","properties":{"id":"P1293","layer":"ordinary_parcel","zoneId":"UF07","blockId":"B067","compatibleForms":["U01","U04","U02","U03"]},"geometry":{"type":"Polygon","coordinates":[[[211.685,981.60625],[222.51500000000001,981.60625],[222.51500000000001,995.14375],[211.685,995.14375],[211.685,981.60625]]]}},{"type":"Feature","id":"P1294","properties":{"id":"P1294","layer":"ordinary_parcel","zoneId":"UF07","blockId":"B067","compatibleForms":["U01","U04","U02","U03"]},"geometry":{"type":"Polygon","coordinates":[[[177.57999999999998,995.85625],[192.02,995.85625],[192.02,1009.39375],[177.57999999999998,1009.39375],[177.57999999999998,995.85625]]]}},{"type":"Feature","id":"P1295","properties":{"id":"P1295","layer":"ordinary_parcel","zoneId":"UF07","blockId":"B067","compatibleForms":["U01","U04","U02","U03"]},"geometry":{"type":"Polygon","coordinates":[[[192.78,995.85625],[207.22,995.85625],[207.22,1009.39375],[192.78,1009.39375],[192.78,995.85625]]]}},{"type":"Feature","id":"P1296","properties":{"id":"P1296","layer":"ordinary_parcel","zoneId":"UF07","blockId":"B067","compatibleForms":["U01","U04","U02","U03"]},"geometry":{"type":"Polygon","coordinates":[[[207.98,995.85625],[222.42000000000002,995.85625],[222.42000000000002,1009.39375],[207.98,1009.39375],[207.98,995.85625]]]}},{"type":"Feature","id":"P1297","properties":{"id":"P1297","layer":"ordinary_parcel","zoneId":"UF07","blockId":"B067","compatibleForms":["U01","U04","U02","U03"]},"geometry":{"type":"Polygon","coordinates":[[[177.57999999999998,1010.10625],[192.02,1010.10625],[192.02,1023.64375],[177.57999999999998,1023.64375],[177.57999999999998,1010.10625]]]}},{"type":"Feature","id":"P1298","properties":{"id":"P1298","layer":"ordinary_parcel","zoneId":"UF07","blockId":"B067","compatibleForms":["U01","U04","U02","U03"]},"geometry":{"type":"Polygon","coordinates":[[[192.78,1010.10625],[207.22,1010.10625],[207.22,1023.64375],[192.78,1023.64375],[192.78,1010.10625]]]}},{"type":"Feature","id":"P1299","properties":{"id":"P1299","layer":"ordinary_parcel","zoneId":"UF07","blockId":"B067","compatibleForms":["U01","U04","U02","U03"]},"geometry":{"type":"Polygon","coordinates":[[[207.98,1010.10625],[222.42000000000002,1010.10625],[222.42000000000002,1023.64375],[207.98,1023.64375],[207.98,1010.10625]]]}},{"type":"Feature","id":"B068","properties":{"id":"B068","layer":"block_cluster","zoneId":"UF07","sequenceInZone":12},"geometry":{"type":"Polygon","coordinates":[[[237.2,938.5],[282.8,938.5],[282.8,1024],[237.2,1024],[237.2,938.5]]]}},{"type":"Feature","id":"P1300","properties":{"id":"P1300","layer":"ordinary_parcel","zoneId":"UF07","blockId":"B068","compatibleForms":["U01","U04","U02","U03"]},"geometry":{"type":"Polygon","coordinates":[[[237.48499999999999,938.85625],[248.315,938.85625],[248.315,952.39375],[237.48499999999999,952.39375],[237.48499999999999,938.85625]]]}},{"type":"Feature","id":"P1301","properties":{"id":"P1301","layer":"ordinary_parcel","zoneId":"UF07","blockId":"B068","compatibleForms":["U01","U04","U02","U03"]},"geometry":{"type":"Polygon","coordinates":[[[248.885,938.85625],[259.715,938.85625],[259.715,952.39375],[248.885,952.39375],[248.885,938.85625]]]}},{"type":"Feature","id":"P1302","properties":{"id":"P1302","layer":"ordinary_parcel","zoneId":"UF07","blockId":"B068","compatibleForms":["U01","U04","U02","U03"]},"geometry":{"type":"Polygon","coordinates":[[[260.285,938.85625],[271.11499999999995,938.85625],[271.11499999999995,952.39375],[260.285,952.39375],[260.285,938.85625]]]}},{"type":"Feature","id":"P1303","properties":{"id":"P1303","layer":"ordinary_parcel","zoneId":"UF07","blockId":"B068","compatibleForms":["U01","U04","U02","U03"]},"geometry":{"type":"Polygon","coordinates":[[[271.685,938.85625],[282.515,938.85625],[282.515,952.39375],[271.685,952.39375],[271.685,938.85625]]]}},{"type":"Feature","id":"P1304","properties":{"id":"P1304","layer":"ordinary_parcel","zoneId":"UF07","blockId":"B068","compatibleForms":["U01","U04","U02","U03"]},"geometry":{"type":"Polygon","coordinates":[[[237.48499999999999,953.10625],[248.315,953.10625],[248.315,966.64375],[237.48499999999999,966.64375],[237.48499999999999,953.10625]]]}},{"type":"Feature","id":"P1305","properties":{"id":"P1305","layer":"ordinary_parcel","zoneId":"UF07","blockId":"B068","compatibleForms":["U01","U04","U02","U03"]},"geometry":{"type":"Polygon","coordinates":[[[248.885,953.10625],[259.715,953.10625],[259.715,966.64375],[248.885,966.64375],[248.885,953.10625]]]}},{"type":"Feature","id":"P1306","properties":{"id":"P1306","layer":"ordinary_parcel","zoneId":"UF07","blockId":"B068","compatibleForms":["U01","U04","U02","U03"]},"geometry":{"type":"Polygon","coordinates":[[[260.285,953.10625],[271.11499999999995,953.10625],[271.11499999999995,966.64375],[260.285,966.64375],[260.285,953.10625]]]}},{"type":"Feature","id":"P1307","properties":{"id":"P1307","layer":"ordinary_parcel","zoneId":"UF07","blockId":"B068","compatibleForms":["U01","U04","U02","U03"]},"geometry":{"type":"Polygon","coordinates":[[[271.685,953.10625],[282.515,953.10625],[282.515,966.64375],[271.685,966.64375],[271.685,953.10625]]]}},{"type":"Feature","id":"P1308","properties":{"id":"P1308","layer":"ordinary_parcel","zoneId":"UF07","blockId":"B068","compatibleForms":["U01","U04","U02","U03"]},"geometry":{"type":"Polygon","coordinates":[[[237.48499999999999,967.35625],[248.315,967.35625],[248.315,980.89375],[237.48499999999999,980.89375],[237.48499999999999,967.35625]]]}},{"type":"Feature","id":"P1309","properties":{"id":"P1309","layer":"ordinary_parcel","zoneId":"UF07","blockId":"B068","compatibleForms":["U01","U04","U02","U03"]},"geometry":{"type":"Polygon","coordinates":[[[248.885,967.35625],[259.715,967.35625],[259.715,980.89375],[248.885,980.89375],[248.885,967.35625]]]}},{"type":"Feature","id":"P1310","properties":{"id":"P1310","layer":"ordinary_parcel","zoneId":"UF07","blockId":"B068","compatibleForms":["U01","U04","U02","U03"]},"geometry":{"type":"Polygon","coordinates":[[[260.285,967.35625],[271.11499999999995,967.35625],[271.11499999999995,980.89375],[260.285,980.89375],[260.285,967.35625]]]}},{"type":"Feature","id":"P1311","properties":{"id":"P1311","layer":"ordinary_parcel","zoneId":"UF07","blockId":"B068","compatibleForms":["U01","U04","U02","U03"]},"geometry":{"type":"Polygon","coordinates":[[[271.685,967.35625],[282.515,967.35625],[282.515,980.89375],[271.685,980.89375],[271.685,967.35625]]]}},{"type":"Feature","id":"P1312","properties":{"id":"P1312","layer":"ordinary_parcel","zoneId":"UF07","blockId":"B068","compatibleForms":["U01","U04","U02","U03"]},"geometry":{"type":"Polygon","coordinates":[[[237.48499999999999,981.60625],[248.315,981.60625],[248.315,995.14375],[237.48499999999999,995.14375],[237.48499999999999,981.60625]]]}},{"type":"Feature","id":"P1313","properties":{"id":"P1313","layer":"ordinary_parcel","zoneId":"UF07","blockId":"B068","compatibleForms":["U01","U04","U02","U03"]},"geometry":{"type":"Polygon","coordinates":[[[248.885,981.60625],[259.715,981.60625],[259.715,995.14375],[248.885,995.14375],[248.885,981.60625]]]}},{"type":"Feature","id":"P1314","properties":{"id":"P1314","layer":"ordinary_parcel","zoneId":"UF07","blockId":"B068","compatibleForms":["U01","U04","U02","U03"]},"geometry":{"type":"Polygon","coordinates":[[[260.285,981.60625],[271.11499999999995,981.60625],[271.11499999999995,995.14375],[260.285,995.14375],[260.285,981.60625]]]}},{"type":"Feature","id":"P1315","properties":{"id":"P1315","layer":"ordinary_parcel","zoneId":"UF07","blockId":"B068","compatibleForms":["U01","U04","U02","U03"]},"geometry":{"type":"Polygon","coordinates":[[[271.685,981.60625],[282.515,981.60625],[282.515,995.14375],[271.685,995.14375],[271.685,981.60625]]]}},{"type":"Feature","id":"P1316","properties":{"id":"P1316","layer":"ordinary_parcel","zoneId":"UF07","blockId":"B068","compatibleForms":["U01","U04","U02","U03"]},"geometry":{"type":"Polygon","coordinates":[[[237.57999999999998,995.85625],[252.02,995.85625],[252.02,1009.39375],[237.57999999999998,1009.39375],[237.57999999999998,995.85625]]]}},{"type":"Feature","id":"P1317","properties":{"id":"P1317","layer":"ordinary_parcel","zoneId":"UF07","blockId":"B068","compatibleForms":["U01","U04","U02","U03"]},"geometry":{"type":"Polygon","coordinates":[[[252.78,995.85625],[267.22,995.85625],[267.22,1009.39375],[252.78,1009.39375],[252.78,995.85625]]]}},{"type":"Feature","id":"P1318","properties":{"id":"P1318","layer":"ordinary_parcel","zoneId":"UF07","blockId":"B068","compatibleForms":["U01","U04","U02","U03"]},"geometry":{"type":"Polygon","coordinates":[[[267.98,995.85625],[282.42,995.85625],[282.42,1009.39375],[267.98,1009.39375],[267.98,995.85625]]]}},{"type":"Feature","id":"P1319","properties":{"id":"P1319","layer":"ordinary_parcel","zoneId":"UF07","blockId":"B068","compatibleForms":["U01","U04","U02","U03"]},"geometry":{"type":"Polygon","coordinates":[[[237.57999999999998,1010.10625],[252.02,1010.10625],[252.02,1023.64375],[237.57999999999998,1023.64375],[237.57999999999998,1010.10625]]]}},{"type":"Feature","id":"P1320","properties":{"id":"P1320","layer":"ordinary_parcel","zoneId":"UF07","blockId":"B068","compatibleForms":["U01","U04","U02","U03"]},"geometry":{"type":"Polygon","coordinates":[[[252.78,1010.10625],[267.22,1010.10625],[267.22,1023.64375],[252.78,1023.64375],[252.78,1010.10625]]]}},{"type":"Feature","id":"P1321","properties":{"id":"P1321","layer":"ordinary_parcel","zoneId":"UF07","blockId":"B068","compatibleForms":["U01","U04","U02","U03"]},"geometry":{"type":"Polygon","coordinates":[[[267.98,1010.10625],[282.42,1010.10625],[282.42,1023.64375],[267.98,1023.64375],[267.98,1010.10625]]]}},{"type":"Feature","id":"B069","properties":{"id":"B069","layer":"block_cluster","zoneId":"UF07","sequenceInZone":13},"geometry":{"type":"Polygon","coordinates":[[[297.2,938.5],[342.8,938.5],[342.8,1024],[297.2,1024],[297.2,938.5]]]}},{"type":"Feature","id":"P1322","properties":{"id":"P1322","layer":"ordinary_parcel","zoneId":"UF07","blockId":"B069","compatibleForms":["U01","U04","U02","U03"]},"geometry":{"type":"Polygon","coordinates":[[[297.485,938.85625],[308.315,938.85625],[308.315,952.39375],[297.485,952.39375],[297.485,938.85625]]]}},{"type":"Feature","id":"P1323","properties":{"id":"P1323","layer":"ordinary_parcel","zoneId":"UF07","blockId":"B069","compatibleForms":["U01","U04","U02","U03"]},"geometry":{"type":"Polygon","coordinates":[[[308.88500000000005,938.85625],[319.715,938.85625],[319.715,952.39375],[308.88500000000005,952.39375],[308.88500000000005,938.85625]]]}},{"type":"Feature","id":"P1324","properties":{"id":"P1324","layer":"ordinary_parcel","zoneId":"UF07","blockId":"B069","compatibleForms":["U01","U04","U02","U03"]},"geometry":{"type":"Polygon","coordinates":[[[320.285,938.85625],[331.11499999999995,938.85625],[331.11499999999995,952.39375],[320.285,952.39375],[320.285,938.85625]]]}},{"type":"Feature","id":"P1325","properties":{"id":"P1325","layer":"ordinary_parcel","zoneId":"UF07","blockId":"B069","compatibleForms":["U01","U04","U02","U03"]},"geometry":{"type":"Polygon","coordinates":[[[331.685,938.85625],[342.515,938.85625],[342.515,952.39375],[331.685,952.39375],[331.685,938.85625]]]}},{"type":"Feature","id":"P1326","properties":{"id":"P1326","layer":"ordinary_parcel","zoneId":"UF07","blockId":"B069","compatibleForms":["U01","U04","U02","U03"]},"geometry":{"type":"Polygon","coordinates":[[[297.485,953.10625],[308.315,953.10625],[308.315,966.64375],[297.485,966.64375],[297.485,953.10625]]]}},{"type":"Feature","id":"P1327","properties":{"id":"P1327","layer":"ordinary_parcel","zoneId":"UF07","blockId":"B069","compatibleForms":["U01","U04","U02","U03"]},"geometry":{"type":"Polygon","coordinates":[[[308.88500000000005,953.10625],[319.715,953.10625],[319.715,966.64375],[308.88500000000005,966.64375],[308.88500000000005,953.10625]]]}},{"type":"Feature","id":"P1328","properties":{"id":"P1328","layer":"ordinary_parcel","zoneId":"UF07","blockId":"B069","compatibleForms":["U01","U04","U02","U03"]},"geometry":{"type":"Polygon","coordinates":[[[320.285,953.10625],[331.11499999999995,953.10625],[331.11499999999995,966.64375],[320.285,966.64375],[320.285,953.10625]]]}},{"type":"Feature","id":"P1329","properties":{"id":"P1329","layer":"ordinary_parcel","zoneId":"UF07","blockId":"B069","compatibleForms":["U01","U04","U02","U03"]},"geometry":{"type":"Polygon","coordinates":[[[331.685,953.10625],[342.515,953.10625],[342.515,966.64375],[331.685,966.64375],[331.685,953.10625]]]}},{"type":"Feature","id":"P1330","properties":{"id":"P1330","layer":"ordinary_parcel","zoneId":"UF07","blockId":"B069","compatibleForms":["U01","U04","U02","U03"]},"geometry":{"type":"Polygon","coordinates":[[[297.485,967.35625],[308.315,967.35625],[308.315,980.89375],[297.485,980.89375],[297.485,967.35625]]]}},{"type":"Feature","id":"P1331","properties":{"id":"P1331","layer":"ordinary_parcel","zoneId":"UF07","blockId":"B069","compatibleForms":["U01","U04","U02","U03"]},"geometry":{"type":"Polygon","coordinates":[[[308.88500000000005,967.35625],[319.715,967.35625],[319.715,980.89375],[308.88500000000005,980.89375],[308.88500000000005,967.35625]]]}},{"type":"Feature","id":"P1332","properties":{"id":"P1332","layer":"ordinary_parcel","zoneId":"UF07","blockId":"B069","compatibleForms":["U01","U04","U02","U03"]},"geometry":{"type":"Polygon","coordinates":[[[320.285,967.35625],[331.11499999999995,967.35625],[331.11499999999995,980.89375],[320.285,980.89375],[320.285,967.35625]]]}},{"type":"Feature","id":"P1333","properties":{"id":"P1333","layer":"ordinary_parcel","zoneId":"UF07","blockId":"B069","compatibleForms":["U01","U04","U02","U03"]},"geometry":{"type":"Polygon","coordinates":[[[331.685,967.35625],[342.515,967.35625],[342.515,980.89375],[331.685,980.89375],[331.685,967.35625]]]}},{"type":"Feature","id":"P1334","properties":{"id":"P1334","layer":"ordinary_parcel","zoneId":"UF07","blockId":"B069","compatibleForms":["U01","U04","U02","U03"]},"geometry":{"type":"Polygon","coordinates":[[[297.485,981.60625],[308.315,981.60625],[308.315,995.14375],[297.485,995.14375],[297.485,981.60625]]]}},{"type":"Feature","id":"P1335","properties":{"id":"P1335","layer":"ordinary_parcel","zoneId":"UF07","blockId":"B069","compatibleForms":["U01","U04","U02","U03"]},"geometry":{"type":"Polygon","coordinates":[[[308.88500000000005,981.60625],[319.715,981.60625],[319.715,995.14375],[308.88500000000005,995.14375],[308.88500000000005,981.60625]]]}},{"type":"Feature","id":"P1336","properties":{"id":"P1336","layer":"ordinary_parcel","zoneId":"UF07","blockId":"B069","compatibleForms":["U01","U04","U02","U03"]},"geometry":{"type":"Polygon","coordinates":[[[320.285,981.60625],[331.11499999999995,981.60625],[331.11499999999995,995.14375],[320.285,995.14375],[320.285,981.60625]]]}},{"type":"Feature","id":"P1337","properties":{"id":"P1337","layer":"ordinary_parcel","zoneId":"UF07","blockId":"B069","compatibleForms":["U01","U04","U02","U03"]},"geometry":{"type":"Polygon","coordinates":[[[331.685,981.60625],[342.515,981.60625],[342.515,995.14375],[331.685,995.14375],[331.685,981.60625]]]}},{"type":"Feature","id":"P1338","properties":{"id":"P1338","layer":"ordinary_parcel","zoneId":"UF07","blockId":"B069","compatibleForms":["U01","U04","U02","U03"]},"geometry":{"type":"Polygon","coordinates":[[[297.58,995.85625],[312.02,995.85625],[312.02,1009.39375],[297.58,1009.39375],[297.58,995.85625]]]}},{"type":"Feature","id":"P1339","properties":{"id":"P1339","layer":"ordinary_parcel","zoneId":"UF07","blockId":"B069","compatibleForms":["U01","U04","U02","U03"]},"geometry":{"type":"Polygon","coordinates":[[[312.78,995.85625],[327.22,995.85625],[327.22,1009.39375],[312.78,1009.39375],[312.78,995.85625]]]}},{"type":"Feature","id":"P1340","properties":{"id":"P1340","layer":"ordinary_parcel","zoneId":"UF07","blockId":"B069","compatibleForms":["U01","U04","U02","U03"]},"geometry":{"type":"Polygon","coordinates":[[[327.98,995.85625],[342.42,995.85625],[342.42,1009.39375],[327.98,1009.39375],[327.98,995.85625]]]}},{"type":"Feature","id":"P1341","properties":{"id":"P1341","layer":"ordinary_parcel","zoneId":"UF07","blockId":"B069","compatibleForms":["U01","U04","U02","U03"]},"geometry":{"type":"Polygon","coordinates":[[[297.58,1010.10625],[312.02,1010.10625],[312.02,1023.64375],[297.58,1023.64375],[297.58,1010.10625]]]}},{"type":"Feature","id":"P1342","properties":{"id":"P1342","layer":"ordinary_parcel","zoneId":"UF07","blockId":"B069","compatibleForms":["U01","U04","U02","U03"]},"geometry":{"type":"Polygon","coordinates":[[[312.78,1010.10625],[327.22,1010.10625],[327.22,1023.64375],[312.78,1023.64375],[312.78,1010.10625]]]}},{"type":"Feature","id":"P1343","properties":{"id":"P1343","layer":"ordinary_parcel","zoneId":"UF07","blockId":"B069","compatibleForms":["U01","U04","U02","U03"]},"geometry":{"type":"Polygon","coordinates":[[[327.98,1010.10625],[342.42,1010.10625],[342.42,1023.64375],[327.98,1023.64375],[327.98,1010.10625]]]}},{"type":"Feature","id":"B070","properties":{"id":"B070","layer":"block_cluster","zoneId":"UF07","sequenceInZone":14},"geometry":{"type":"Polygon","coordinates":[[[357.2,938.5],[402.8,938.5],[402.8,1024],[357.2,1024],[357.2,938.5]]]}},{"type":"Feature","id":"P1344","properties":{"id":"P1344","layer":"ordinary_parcel","zoneId":"UF07","blockId":"B070","compatibleForms":["U01","U04","U02","U03"]},"geometry":{"type":"Polygon","coordinates":[[[357.485,938.85625],[368.315,938.85625],[368.315,952.39375],[357.485,952.39375],[357.485,938.85625]]]}},{"type":"Feature","id":"P1345","properties":{"id":"P1345","layer":"ordinary_parcel","zoneId":"UF07","blockId":"B070","compatibleForms":["U01","U04","U02","U03"]},"geometry":{"type":"Polygon","coordinates":[[[368.88500000000005,938.85625],[379.715,938.85625],[379.715,952.39375],[368.88500000000005,952.39375],[368.88500000000005,938.85625]]]}},{"type":"Feature","id":"P1346","properties":{"id":"P1346","layer":"ordinary_parcel","zoneId":"UF07","blockId":"B070","compatibleForms":["U01","U04","U02","U03"]},"geometry":{"type":"Polygon","coordinates":[[[380.285,938.85625],[391.11499999999995,938.85625],[391.11499999999995,952.39375],[380.285,952.39375],[380.285,938.85625]]]}},{"type":"Feature","id":"P1347","properties":{"id":"P1347","layer":"ordinary_parcel","zoneId":"UF07","blockId":"B070","compatibleForms":["U01","U04","U02","U03"]},"geometry":{"type":"Polygon","coordinates":[[[391.685,938.85625],[402.515,938.85625],[402.515,952.39375],[391.685,952.39375],[391.685,938.85625]]]}},{"type":"Feature","id":"P1348","properties":{"id":"P1348","layer":"ordinary_parcel","zoneId":"UF07","blockId":"B070","compatibleForms":["U01","U04","U02","U03"]},"geometry":{"type":"Polygon","coordinates":[[[357.485,953.10625],[368.315,953.10625],[368.315,966.64375],[357.485,966.64375],[357.485,953.10625]]]}},{"type":"Feature","id":"P1349","properties":{"id":"P1349","layer":"ordinary_parcel","zoneId":"UF07","blockId":"B070","compatibleForms":["U01","U04","U02","U03"]},"geometry":{"type":"Polygon","coordinates":[[[368.88500000000005,953.10625],[379.715,953.10625],[379.715,966.64375],[368.88500000000005,966.64375],[368.88500000000005,953.10625]]]}},{"type":"Feature","id":"P1350","properties":{"id":"P1350","layer":"ordinary_parcel","zoneId":"UF07","blockId":"B070","compatibleForms":["U01","U04","U02","U03"]},"geometry":{"type":"Polygon","coordinates":[[[380.285,953.10625],[391.11499999999995,953.10625],[391.11499999999995,966.64375],[380.285,966.64375],[380.285,953.10625]]]}},{"type":"Feature","id":"P1351","properties":{"id":"P1351","layer":"ordinary_parcel","zoneId":"UF07","blockId":"B070","compatibleForms":["U01","U04","U02","U03"]},"geometry":{"type":"Polygon","coordinates":[[[391.685,953.10625],[402.515,953.10625],[402.515,966.64375],[391.685,966.64375],[391.685,953.10625]]]}},{"type":"Feature","id":"P1352","properties":{"id":"P1352","layer":"ordinary_parcel","zoneId":"UF07","blockId":"B070","compatibleForms":["U01","U04","U02","U03"]},"geometry":{"type":"Polygon","coordinates":[[[357.485,967.35625],[368.315,967.35625],[368.315,980.89375],[357.485,980.89375],[357.485,967.35625]]]}},{"type":"Feature","id":"P1353","properties":{"id":"P1353","layer":"ordinary_parcel","zoneId":"UF07","blockId":"B070","compatibleForms":["U01","U04","U02","U03"]},"geometry":{"type":"Polygon","coordinates":[[[368.88500000000005,967.35625],[379.715,967.35625],[379.715,980.89375],[368.88500000000005,980.89375],[368.88500000000005,967.35625]]]}},{"type":"Feature","id":"P1354","properties":{"id":"P1354","layer":"ordinary_parcel","zoneId":"UF07","blockId":"B070","compatibleForms":["U01","U04","U02","U03"]},"geometry":{"type":"Polygon","coordinates":[[[380.285,967.35625],[391.11499999999995,967.35625],[391.11499999999995,980.89375],[380.285,980.89375],[380.285,967.35625]]]}},{"type":"Feature","id":"P1355","properties":{"id":"P1355","layer":"ordinary_parcel","zoneId":"UF07","blockId":"B070","compatibleForms":["U01","U04","U02","U03"]},"geometry":{"type":"Polygon","coordinates":[[[391.685,967.35625],[402.515,967.35625],[402.515,980.89375],[391.685,980.89375],[391.685,967.35625]]]}},{"type":"Feature","id":"P1356","properties":{"id":"P1356","layer":"ordinary_parcel","zoneId":"UF07","blockId":"B070","compatibleForms":["U01","U04","U02","U03"]},"geometry":{"type":"Polygon","coordinates":[[[357.485,981.60625],[368.315,981.60625],[368.315,995.14375],[357.485,995.14375],[357.485,981.60625]]]}},{"type":"Feature","id":"P1357","properties":{"id":"P1357","layer":"ordinary_parcel","zoneId":"UF07","blockId":"B070","compatibleForms":["U01","U04","U02","U03"]},"geometry":{"type":"Polygon","coordinates":[[[368.88500000000005,981.60625],[379.715,981.60625],[379.715,995.14375],[368.88500000000005,995.14375],[368.88500000000005,981.60625]]]}},{"type":"Feature","id":"P1358","properties":{"id":"P1358","layer":"ordinary_parcel","zoneId":"UF07","blockId":"B070","compatibleForms":["U01","U04","U02","U03"]},"geometry":{"type":"Polygon","coordinates":[[[380.285,981.60625],[391.11499999999995,981.60625],[391.11499999999995,995.14375],[380.285,995.14375],[380.285,981.60625]]]}},{"type":"Feature","id":"P1359","properties":{"id":"P1359","layer":"ordinary_parcel","zoneId":"UF07","blockId":"B070","compatibleForms":["U01","U04","U02","U03"]},"geometry":{"type":"Polygon","coordinates":[[[391.685,981.60625],[402.515,981.60625],[402.515,995.14375],[391.685,995.14375],[391.685,981.60625]]]}},{"type":"Feature","id":"P1360","properties":{"id":"P1360","layer":"ordinary_parcel","zoneId":"UF07","blockId":"B070","compatibleForms":["U01","U04","U02","U03"]},"geometry":{"type":"Polygon","coordinates":[[[357.58,995.85625],[372.02,995.85625],[372.02,1009.39375],[357.58,1009.39375],[357.58,995.85625]]]}},{"type":"Feature","id":"P1361","properties":{"id":"P1361","layer":"ordinary_parcel","zoneId":"UF07","blockId":"B070","compatibleForms":["U01","U04","U02","U03"]},"geometry":{"type":"Polygon","coordinates":[[[372.78,995.85625],[387.22,995.85625],[387.22,1009.39375],[372.78,1009.39375],[372.78,995.85625]]]}},{"type":"Feature","id":"P1362","properties":{"id":"P1362","layer":"ordinary_parcel","zoneId":"UF07","blockId":"B070","compatibleForms":["U01","U04","U02","U03"]},"geometry":{"type":"Polygon","coordinates":[[[387.98,995.85625],[402.42,995.85625],[402.42,1009.39375],[387.98,1009.39375],[387.98,995.85625]]]}},{"type":"Feature","id":"P1363","properties":{"id":"P1363","layer":"ordinary_parcel","zoneId":"UF07","blockId":"B070","compatibleForms":["U01","U04","U02","U03"]},"geometry":{"type":"Polygon","coordinates":[[[357.58,1010.10625],[372.02,1010.10625],[372.02,1023.64375],[357.58,1023.64375],[357.58,1010.10625]]]}},{"type":"Feature","id":"P1364","properties":{"id":"P1364","layer":"ordinary_parcel","zoneId":"UF07","blockId":"B070","compatibleForms":["U01","U04","U02","U03"]},"geometry":{"type":"Polygon","coordinates":[[[372.78,1010.10625],[387.22,1010.10625],[387.22,1023.64375],[372.78,1023.64375],[372.78,1010.10625]]]}},{"type":"Feature","id":"P1365","properties":{"id":"P1365","layer":"ordinary_parcel","zoneId":"UF07","blockId":"B070","compatibleForms":["U01","U04","U02","U03"]},"geometry":{"type":"Polygon","coordinates":[[[387.98,1010.10625],[402.42,1010.10625],[402.42,1023.64375],[387.98,1023.64375],[387.98,1010.10625]]]}},{"type":"Feature","id":"B071","properties":{"id":"B071","layer":"block_cluster","zoneId":"UF08","sequenceInZone":1},"geometry":{"type":"Polygon","coordinates":[[[803.0857142857144,715],[849.7714285714285,715],[849.7714285714285,810],[803.0857142857144,810],[803.0857142857144,715]]]}},{"type":"Feature","id":"P1366","properties":{"id":"P1366","layer":"ordinary_parcel","zoneId":"UF08","blockId":"B071","compatibleForms":["U01","U04","U03","U02"]},"geometry":{"type":"Polygon","coordinates":[[[803.3775000000002,715.3392857142857],[814.4653571428572,715.3392857142857],[814.4653571428572,728.2321428571429],[803.3775000000002,728.2321428571429],[803.3775000000002,715.3392857142857]]]}},{"type":"Feature","id":"P1367","properties":{"id":"P1367","layer":"ordinary_parcel","zoneId":"UF08","blockId":"B071","compatibleForms":["U01","U04","U03","U02"]},"geometry":{"type":"Polygon","coordinates":[[[815.0489285714287,715.3392857142857],[826.1367857142857,715.3392857142857],[826.1367857142857,728.2321428571429],[815.0489285714287,728.2321428571429],[815.0489285714287,715.3392857142857]]]}},{"type":"Feature","id":"P1368","properties":{"id":"P1368","layer":"ordinary_parcel","zoneId":"UF08","blockId":"B071","compatibleForms":["U01","U04","U03","U02"]},"geometry":{"type":"Polygon","coordinates":[[[826.7203571428572,715.3392857142857],[837.8082142857141,715.3392857142857],[837.8082142857141,728.2321428571429],[826.7203571428572,728.2321428571429],[826.7203571428572,715.3392857142857]]]}},{"type":"Feature","id":"P1369","properties":{"id":"P1369","layer":"ordinary_parcel","zoneId":"UF08","blockId":"B071","compatibleForms":["U01","U04","U03","U02"]},"geometry":{"type":"Polygon","coordinates":[[[838.3917857142857,715.3392857142857],[849.4796428571427,715.3392857142857],[849.4796428571427,728.2321428571429],[838.3917857142857,728.2321428571429],[838.3917857142857,715.3392857142857]]]}},{"type":"Feature","id":"P1370","properties":{"id":"P1370","layer":"ordinary_parcel","zoneId":"UF08","blockId":"B071","compatibleForms":["U01","U04","U03","U02"]},"geometry":{"type":"Polygon","coordinates":[[[803.3775000000002,728.9107142857142],[814.4653571428572,728.9107142857142],[814.4653571428572,741.8035714285714],[803.3775000000002,741.8035714285714],[803.3775000000002,728.9107142857142]]]}},{"type":"Feature","id":"P1371","properties":{"id":"P1371","layer":"ordinary_parcel","zoneId":"UF08","blockId":"B071","compatibleForms":["U01","U04","U03","U02"]},"geometry":{"type":"Polygon","coordinates":[[[815.0489285714287,728.9107142857142],[826.1367857142857,728.9107142857142],[826.1367857142857,741.8035714285714],[815.0489285714287,741.8035714285714],[815.0489285714287,728.9107142857142]]]}},{"type":"Feature","id":"P1372","properties":{"id":"P1372","layer":"ordinary_parcel","zoneId":"UF08","blockId":"B071","compatibleForms":["U01","U04","U03","U02"]},"geometry":{"type":"Polygon","coordinates":[[[826.7203571428572,728.9107142857142],[837.8082142857141,728.9107142857142],[837.8082142857141,741.8035714285714],[826.7203571428572,741.8035714285714],[826.7203571428572,728.9107142857142]]]}},{"type":"Feature","id":"P1373","properties":{"id":"P1373","layer":"ordinary_parcel","zoneId":"UF08","blockId":"B071","compatibleForms":["U01","U04","U03","U02"]},"geometry":{"type":"Polygon","coordinates":[[[838.3917857142857,728.9107142857142],[849.4796428571427,728.9107142857142],[849.4796428571427,741.8035714285714],[838.3917857142857,741.8035714285714],[838.3917857142857,728.9107142857142]]]}},{"type":"Feature","id":"P1374","properties":{"id":"P1374","layer":"ordinary_parcel","zoneId":"UF08","blockId":"B071","compatibleForms":["U01","U04","U03","U02"]},"geometry":{"type":"Polygon","coordinates":[[[803.3775000000002,742.4821428571428],[814.4653571428572,742.4821428571428],[814.4653571428572,755.375],[803.3775000000002,755.375],[803.3775000000002,742.4821428571428]]]}},{"type":"Feature","id":"P1375","properties":{"id":"P1375","layer":"ordinary_parcel","zoneId":"UF08","blockId":"B071","compatibleForms":["U01","U04","U03","U02"]},"geometry":{"type":"Polygon","coordinates":[[[815.0489285714287,742.4821428571428],[826.1367857142857,742.4821428571428],[826.1367857142857,755.375],[815.0489285714287,755.375],[815.0489285714287,742.4821428571428]]]}},{"type":"Feature","id":"P1376","properties":{"id":"P1376","layer":"ordinary_parcel","zoneId":"UF08","blockId":"B071","compatibleForms":["U01","U04","U03","U02"]},"geometry":{"type":"Polygon","coordinates":[[[826.7203571428572,742.4821428571428],[837.8082142857141,742.4821428571428],[837.8082142857141,755.375],[826.7203571428572,755.375],[826.7203571428572,742.4821428571428]]]}},{"type":"Feature","id":"P1377","properties":{"id":"P1377","layer":"ordinary_parcel","zoneId":"UF08","blockId":"B071","compatibleForms":["U01","U04","U03","U02"]},"geometry":{"type":"Polygon","coordinates":[[[838.3917857142857,742.4821428571428],[849.4796428571427,742.4821428571428],[849.4796428571427,755.375],[838.3917857142857,755.375],[838.3917857142857,742.4821428571428]]]}},{"type":"Feature","id":"P1378","properties":{"id":"P1378","layer":"ordinary_parcel","zoneId":"UF08","blockId":"B071","compatibleForms":["U01","U04","U03","U02"]},"geometry":{"type":"Polygon","coordinates":[[[803.474761904762,756.0535714285713],[818.2585714285715,756.0535714285713],[818.2585714285715,768.9464285714287],[803.474761904762,768.9464285714287],[803.474761904762,756.0535714285713]]]}},{"type":"Feature","id":"P1379","properties":{"id":"P1379","layer":"ordinary_parcel","zoneId":"UF08","blockId":"B071","compatibleForms":["U01","U04","U03","U02"]},"geometry":{"type":"Polygon","coordinates":[[[819.0366666666666,756.0535714285713],[833.8204761904763,756.0535714285713],[833.8204761904763,768.9464285714287],[819.0366666666666,768.9464285714287],[819.0366666666666,756.0535714285713]]]}},{"type":"Feature","id":"P1380","properties":{"id":"P1380","layer":"ordinary_parcel","zoneId":"UF08","blockId":"B071","compatibleForms":["U01","U04","U03","U02"]},"geometry":{"type":"Polygon","coordinates":[[[834.5985714285714,756.0535714285713],[849.3823809523809,756.0535714285713],[849.3823809523809,768.9464285714287],[834.5985714285714,768.9464285714287],[834.5985714285714,756.0535714285713]]]}},{"type":"Feature","id":"P1381","properties":{"id":"P1381","layer":"ordinary_parcel","zoneId":"UF08","blockId":"B071","compatibleForms":["U01","U04","U03","U02"]},"geometry":{"type":"Polygon","coordinates":[[[803.474761904762,769.625],[818.2585714285715,769.625],[818.2585714285715,782.5178571428572],[803.474761904762,782.5178571428572],[803.474761904762,769.625]]]}},{"type":"Feature","id":"P1382","properties":{"id":"P1382","layer":"ordinary_parcel","zoneId":"UF08","blockId":"B071","compatibleForms":["U01","U04","U03","U02"]},"geometry":{"type":"Polygon","coordinates":[[[819.0366666666666,769.625],[833.8204761904763,769.625],[833.8204761904763,782.5178571428572],[819.0366666666666,782.5178571428572],[819.0366666666666,769.625]]]}},{"type":"Feature","id":"P1383","properties":{"id":"P1383","layer":"ordinary_parcel","zoneId":"UF08","blockId":"B071","compatibleForms":["U01","U04","U03","U02"]},"geometry":{"type":"Polygon","coordinates":[[[834.5985714285714,769.625],[849.3823809523809,769.625],[849.3823809523809,782.5178571428572],[834.5985714285714,782.5178571428572],[834.5985714285714,769.625]]]}},{"type":"Feature","id":"P1384","properties":{"id":"P1384","layer":"ordinary_parcel","zoneId":"UF08","blockId":"B071","compatibleForms":["U01","U04","U03","U02"]},"geometry":{"type":"Polygon","coordinates":[[[803.474761904762,783.1964285714286],[818.2585714285715,783.1964285714286],[818.2585714285715,796.0892857142858],[803.474761904762,796.0892857142858],[803.474761904762,783.1964285714286]]]}},{"type":"Feature","id":"P1385","properties":{"id":"P1385","layer":"ordinary_parcel","zoneId":"UF08","blockId":"B071","compatibleForms":["U01","U04","U03","U02"]},"geometry":{"type":"Polygon","coordinates":[[[819.0366666666666,783.1964285714286],[833.8204761904763,783.1964285714286],[833.8204761904763,796.0892857142858],[819.0366666666666,796.0892857142858],[819.0366666666666,783.1964285714286]]]}},{"type":"Feature","id":"P1386","properties":{"id":"P1386","layer":"ordinary_parcel","zoneId":"UF08","blockId":"B071","compatibleForms":["U01","U04","U03","U02"]},"geometry":{"type":"Polygon","coordinates":[[[834.5985714285714,783.1964285714286],[849.3823809523809,783.1964285714286],[849.3823809523809,796.0892857142858],[834.5985714285714,796.0892857142858],[834.5985714285714,783.1964285714286]]]}},{"type":"Feature","id":"P1387","properties":{"id":"P1387","layer":"ordinary_parcel","zoneId":"UF08","blockId":"B071","compatibleForms":["U01","U04","U03","U02"]},"geometry":{"type":"Polygon","coordinates":[[[803.474761904762,796.7678571428571],[818.2585714285715,796.7678571428571],[818.2585714285715,809.6607142857143],[803.474761904762,809.6607142857143],[803.474761904762,796.7678571428571]]]}},{"type":"Feature","id":"P1388","properties":{"id":"P1388","layer":"ordinary_parcel","zoneId":"UF08","blockId":"B071","compatibleForms":["U01","U04","U03","U02"]},"geometry":{"type":"Polygon","coordinates":[[[819.0366666666666,796.7678571428571],[833.8204761904763,796.7678571428571],[833.8204761904763,809.6607142857143],[819.0366666666666,809.6607142857143],[819.0366666666666,796.7678571428571]]]}},{"type":"Feature","id":"P1389","properties":{"id":"P1389","layer":"ordinary_parcel","zoneId":"UF08","blockId":"B071","compatibleForms":["U01","U04","U03","U02"]},"geometry":{"type":"Polygon","coordinates":[[[834.5985714285714,796.7678571428571],[849.3823809523809,796.7678571428571],[849.3823809523809,809.6607142857143],[834.5985714285714,809.6607142857143],[834.5985714285714,796.7678571428571]]]}},{"type":"Feature","id":"B072","properties":{"id":"B072","layer":"block_cluster","zoneId":"UF08","sequenceInZone":2},"geometry":{"type":"Polygon","coordinates":[[[864.5142857142857,715],[911.1999999999999,715],[911.1999999999999,810],[864.5142857142857,810],[864.5142857142857,715]]]}},{"type":"Feature","id":"P1390","properties":{"id":"P1390","layer":"ordinary_parcel","zoneId":"UF08","blockId":"B072","compatibleForms":["U01","U04","U03","U02"]},"geometry":{"type":"Polygon","coordinates":[[[864.8060714285715,715.3392857142857],[875.8939285714285,715.3392857142857],[875.8939285714285,728.2321428571429],[864.8060714285715,728.2321428571429],[864.8060714285715,715.3392857142857]]]}},{"type":"Feature","id":"P1391","properties":{"id":"P1391","layer":"ordinary_parcel","zoneId":"UF08","blockId":"B072","compatibleForms":["U01","U04","U03","U02"]},"geometry":{"type":"Polygon","coordinates":[[[876.4775000000001,715.3392857142857],[887.5653571428571,715.3392857142857],[887.5653571428571,728.2321428571429],[876.4775000000001,728.2321428571429],[876.4775000000001,715.3392857142857]]]}},{"type":"Feature","id":"P1392","properties":{"id":"P1392","layer":"ordinary_parcel","zoneId":"UF08","blockId":"B072","compatibleForms":["U01","U04","U03","U02"]},"geometry":{"type":"Polygon","coordinates":[[[888.1489285714287,715.3392857142857],[899.2367857142856,715.3392857142857],[899.2367857142856,728.2321428571429],[888.1489285714287,728.2321428571429],[888.1489285714287,715.3392857142857]]]}},{"type":"Feature","id":"P1393","properties":{"id":"P1393","layer":"ordinary_parcel","zoneId":"UF08","blockId":"B072","compatibleForms":["U01","U04","U03","U02"]},"geometry":{"type":"Polygon","coordinates":[[[899.8203571428571,715.3392857142857],[910.9082142857142,715.3392857142857],[910.9082142857142,728.2321428571429],[899.8203571428571,728.2321428571429],[899.8203571428571,715.3392857142857]]]}},{"type":"Feature","id":"P1394","properties":{"id":"P1394","layer":"ordinary_parcel","zoneId":"UF08","blockId":"B072","compatibleForms":["U01","U04","U03","U02"]},"geometry":{"type":"Polygon","coordinates":[[[864.8060714285715,728.9107142857142],[875.8939285714285,728.9107142857142],[875.8939285714285,741.8035714285714],[864.8060714285715,741.8035714285714],[864.8060714285715,728.9107142857142]]]}},{"type":"Feature","id":"P1395","properties":{"id":"P1395","layer":"ordinary_parcel","zoneId":"UF08","blockId":"B072","compatibleForms":["U01","U04","U03","U02"]},"geometry":{"type":"Polygon","coordinates":[[[876.4775000000001,728.9107142857142],[887.5653571428571,728.9107142857142],[887.5653571428571,741.8035714285714],[876.4775000000001,741.8035714285714],[876.4775000000001,728.9107142857142]]]}},{"type":"Feature","id":"P1396","properties":{"id":"P1396","layer":"ordinary_parcel","zoneId":"UF08","blockId":"B072","compatibleForms":["U01","U04","U03","U02"]},"geometry":{"type":"Polygon","coordinates":[[[888.1489285714287,728.9107142857142],[899.2367857142856,728.9107142857142],[899.2367857142856,741.8035714285714],[888.1489285714287,741.8035714285714],[888.1489285714287,728.9107142857142]]]}},{"type":"Feature","id":"P1397","properties":{"id":"P1397","layer":"ordinary_parcel","zoneId":"UF08","blockId":"B072","compatibleForms":["U01","U04","U03","U02"]},"geometry":{"type":"Polygon","coordinates":[[[899.8203571428571,728.9107142857142],[910.9082142857142,728.9107142857142],[910.9082142857142,741.8035714285714],[899.8203571428571,741.8035714285714],[899.8203571428571,728.9107142857142]]]}},{"type":"Feature","id":"P1398","properties":{"id":"P1398","layer":"ordinary_parcel","zoneId":"UF08","blockId":"B072","compatibleForms":["U01","U04","U03","U02"]},"geometry":{"type":"Polygon","coordinates":[[[864.9033333333333,742.4821428571428],[879.6871428571429,742.4821428571428],[879.6871428571429,755.375],[864.9033333333333,755.375],[864.9033333333333,742.4821428571428]]]}},{"type":"Feature","id":"P1399","properties":{"id":"P1399","layer":"ordinary_parcel","zoneId":"UF08","blockId":"B072","compatibleForms":["U01","U04","U03","U02"]},"geometry":{"type":"Polygon","coordinates":[[[880.4652380952381,742.4821428571428],[895.2490476190476,742.4821428571428],[895.2490476190476,755.375],[880.4652380952381,755.375],[880.4652380952381,742.4821428571428]]]}},{"type":"Feature","id":"P1400","properties":{"id":"P1400","layer":"ordinary_parcel","zoneId":"UF08","blockId":"B072","compatibleForms":["U01","U04","U03","U02"]},"geometry":{"type":"Polygon","coordinates":[[[896.0271428571427,742.4821428571428],[910.8109523809524,742.4821428571428],[910.8109523809524,755.375],[896.0271428571427,755.375],[896.0271428571427,742.4821428571428]]]}},{"type":"Feature","id":"P1401","properties":{"id":"P1401","layer":"ordinary_parcel","zoneId":"UF08","blockId":"B072","compatibleForms":["U01","U04","U03","U02"]},"geometry":{"type":"Polygon","coordinates":[[[864.9033333333333,756.0535714285713],[879.6871428571429,756.0535714285713],[879.6871428571429,768.9464285714287],[864.9033333333333,768.9464285714287],[864.9033333333333,756.0535714285713]]]}},{"type":"Feature","id":"P1402","properties":{"id":"P1402","layer":"ordinary_parcel","zoneId":"UF08","blockId":"B072","compatibleForms":["U01","U04","U03","U02"]},"geometry":{"type":"Polygon","coordinates":[[[880.4652380952381,756.0535714285713],[895.2490476190476,756.0535714285713],[895.2490476190476,768.9464285714287],[880.4652380952381,768.9464285714287],[880.4652380952381,756.0535714285713]]]}},{"type":"Feature","id":"P1403","properties":{"id":"P1403","layer":"ordinary_parcel","zoneId":"UF08","blockId":"B072","compatibleForms":["U01","U04","U03","U02"]},"geometry":{"type":"Polygon","coordinates":[[[896.0271428571427,756.0535714285713],[910.8109523809524,756.0535714285713],[910.8109523809524,768.9464285714287],[896.0271428571427,768.9464285714287],[896.0271428571427,756.0535714285713]]]}},{"type":"Feature","id":"P1404","properties":{"id":"P1404","layer":"ordinary_parcel","zoneId":"UF08","blockId":"B072","compatibleForms":["U01","U04","U03","U02"]},"geometry":{"type":"Polygon","coordinates":[[[864.9033333333333,769.625],[879.6871428571429,769.625],[879.6871428571429,782.5178571428572],[864.9033333333333,782.5178571428572],[864.9033333333333,769.625]]]}},{"type":"Feature","id":"P1405","properties":{"id":"P1405","layer":"ordinary_parcel","zoneId":"UF08","blockId":"B072","compatibleForms":["U01","U04","U03","U02"]},"geometry":{"type":"Polygon","coordinates":[[[880.4652380952381,769.625],[895.2490476190476,769.625],[895.2490476190476,782.5178571428572],[880.4652380952381,782.5178571428572],[880.4652380952381,769.625]]]}},{"type":"Feature","id":"P1406","properties":{"id":"P1406","layer":"ordinary_parcel","zoneId":"UF08","blockId":"B072","compatibleForms":["U01","U04","U03","U02"]},"geometry":{"type":"Polygon","coordinates":[[[896.0271428571427,769.625],[910.8109523809524,769.625],[910.8109523809524,782.5178571428572],[896.0271428571427,782.5178571428572],[896.0271428571427,769.625]]]}},{"type":"Feature","id":"P1407","properties":{"id":"P1407","layer":"ordinary_parcel","zoneId":"UF08","blockId":"B072","compatibleForms":["U01","U04","U03","U02"]},"geometry":{"type":"Polygon","coordinates":[[[864.9033333333333,783.1964285714286],[879.6871428571429,783.1964285714286],[879.6871428571429,796.0892857142858],[864.9033333333333,796.0892857142858],[864.9033333333333,783.1964285714286]]]}},{"type":"Feature","id":"P1408","properties":{"id":"P1408","layer":"ordinary_parcel","zoneId":"UF08","blockId":"B072","compatibleForms":["U01","U04","U03","U02"]},"geometry":{"type":"Polygon","coordinates":[[[880.4652380952381,783.1964285714286],[895.2490476190476,783.1964285714286],[895.2490476190476,796.0892857142858],[880.4652380952381,796.0892857142858],[880.4652380952381,783.1964285714286]]]}},{"type":"Feature","id":"P1409","properties":{"id":"P1409","layer":"ordinary_parcel","zoneId":"UF08","blockId":"B072","compatibleForms":["U01","U04","U03","U02"]},"geometry":{"type":"Polygon","coordinates":[[[896.0271428571427,783.1964285714286],[910.8109523809524,783.1964285714286],[910.8109523809524,796.0892857142858],[896.0271428571427,796.0892857142858],[896.0271428571427,783.1964285714286]]]}},{"type":"Feature","id":"P1410","properties":{"id":"P1410","layer":"ordinary_parcel","zoneId":"UF08","blockId":"B072","compatibleForms":["U01","U04","U03","U02"]},"geometry":{"type":"Polygon","coordinates":[[[864.9033333333333,796.7678571428571],[879.6871428571429,796.7678571428571],[879.6871428571429,809.6607142857143],[864.9033333333333,809.6607142857143],[864.9033333333333,796.7678571428571]]]}},{"type":"Feature","id":"P1411","properties":{"id":"P1411","layer":"ordinary_parcel","zoneId":"UF08","blockId":"B072","compatibleForms":["U01","U04","U03","U02"]},"geometry":{"type":"Polygon","coordinates":[[[880.4652380952381,796.7678571428571],[895.2490476190476,796.7678571428571],[895.2490476190476,809.6607142857143],[880.4652380952381,809.6607142857143],[880.4652380952381,796.7678571428571]]]}},{"type":"Feature","id":"P1412","properties":{"id":"P1412","layer":"ordinary_parcel","zoneId":"UF08","blockId":"B072","compatibleForms":["U01","U04","U03","U02"]},"geometry":{"type":"Polygon","coordinates":[[[896.0271428571427,796.7678571428571],[910.8109523809524,796.7678571428571],[910.8109523809524,809.6607142857143],[896.0271428571427,809.6607142857143],[896.0271428571427,796.7678571428571]]]}},{"type":"Feature","id":"B073","properties":{"id":"B073","layer":"block_cluster","zoneId":"UF08","sequenceInZone":3},"geometry":{"type":"Polygon","coordinates":[[[618.8000000000001,840],[665.4857142857143,840],[665.4857142857143,935],[618.8000000000001,935],[618.8000000000001,840]]]}},{"type":"Feature","id":"P1413","properties":{"id":"P1413","layer":"ordinary_parcel","zoneId":"UF08","blockId":"B073","compatibleForms":["U01","U04","U03","U02"]},"geometry":{"type":"Polygon","coordinates":[[[619.0917857142858,840.3392857142857],[630.1796428571429,840.3392857142857],[630.1796428571429,853.2321428571429],[619.0917857142858,853.2321428571429],[619.0917857142858,840.3392857142857]]]}},{"type":"Feature","id":"P1414","properties":{"id":"P1414","layer":"ordinary_parcel","zoneId":"UF08","blockId":"B073","compatibleForms":["U01","U04","U03","U02"]},"geometry":{"type":"Polygon","coordinates":[[[630.7632142857144,840.3392857142857],[641.8510714285713,840.3392857142857],[641.8510714285713,853.2321428571429],[630.7632142857144,853.2321428571429],[630.7632142857144,840.3392857142857]]]}},{"type":"Feature","id":"P1415","properties":{"id":"P1415","layer":"ordinary_parcel","zoneId":"UF08","blockId":"B073","compatibleForms":["U01","U04","U03","U02"]},"geometry":{"type":"Polygon","coordinates":[[[642.4346428571429,840.3392857142857],[653.5224999999999,840.3392857142857],[653.5224999999999,853.2321428571429],[642.4346428571429,853.2321428571429],[642.4346428571429,840.3392857142857]]]}},{"type":"Feature","id":"P1416","properties":{"id":"P1416","layer":"ordinary_parcel","zoneId":"UF08","blockId":"B073","compatibleForms":["U01","U04","U03","U02"]},"geometry":{"type":"Polygon","coordinates":[[[654.1060714285715,840.3392857142857],[665.1939285714285,840.3392857142857],[665.1939285714285,853.2321428571429],[654.1060714285715,853.2321428571429],[654.1060714285715,840.3392857142857]]]}},{"type":"Feature","id":"P1417","properties":{"id":"P1417","layer":"ordinary_parcel","zoneId":"UF08","blockId":"B073","compatibleForms":["U01","U04","U03","U02"]},"geometry":{"type":"Polygon","coordinates":[[[619.0917857142858,853.9107142857142],[630.1796428571429,853.9107142857142],[630.1796428571429,866.8035714285714],[619.0917857142858,866.8035714285714],[619.0917857142858,853.9107142857142]]]}},{"type":"Feature","id":"P1418","properties":{"id":"P1418","layer":"ordinary_parcel","zoneId":"UF08","blockId":"B073","compatibleForms":["U01","U04","U03","U02"]},"geometry":{"type":"Polygon","coordinates":[[[630.7632142857144,853.9107142857142],[641.8510714285713,853.9107142857142],[641.8510714285713,866.8035714285714],[630.7632142857144,866.8035714285714],[630.7632142857144,853.9107142857142]]]}},{"type":"Feature","id":"P1419","properties":{"id":"P1419","layer":"ordinary_parcel","zoneId":"UF08","blockId":"B073","compatibleForms":["U01","U04","U03","U02"]},"geometry":{"type":"Polygon","coordinates":[[[642.4346428571429,853.9107142857142],[653.5224999999999,853.9107142857142],[653.5224999999999,866.8035714285714],[642.4346428571429,866.8035714285714],[642.4346428571429,853.9107142857142]]]}},{"type":"Feature","id":"P1420","properties":{"id":"P1420","layer":"ordinary_parcel","zoneId":"UF08","blockId":"B073","compatibleForms":["U01","U04","U03","U02"]},"geometry":{"type":"Polygon","coordinates":[[[654.1060714285715,853.9107142857142],[665.1939285714285,853.9107142857142],[665.1939285714285,866.8035714285714],[654.1060714285715,866.8035714285714],[654.1060714285715,853.9107142857142]]]}},{"type":"Feature","id":"P1421","properties":{"id":"P1421","layer":"ordinary_parcel","zoneId":"UF08","blockId":"B073","compatibleForms":["U01","U04","U03","U02"]},"geometry":{"type":"Polygon","coordinates":[[[619.1890476190476,867.4821428571428],[633.9728571428573,867.4821428571428],[633.9728571428573,880.375],[619.1890476190476,880.375],[619.1890476190476,867.4821428571428]]]}},{"type":"Feature","id":"P1422","properties":{"id":"P1422","layer":"ordinary_parcel","zoneId":"UF08","blockId":"B073","compatibleForms":["U01","U04","U03","U02"]},"geometry":{"type":"Polygon","coordinates":[[[634.7509523809524,867.4821428571428],[649.5347619047619,867.4821428571428],[649.5347619047619,880.375],[634.7509523809524,880.375],[634.7509523809524,867.4821428571428]]]}},{"type":"Feature","id":"P1423","properties":{"id":"P1423","layer":"ordinary_parcel","zoneId":"UF08","blockId":"B073","compatibleForms":["U01","U04","U03","U02"]},"geometry":{"type":"Polygon","coordinates":[[[650.3128571428571,867.4821428571428],[665.0966666666667,867.4821428571428],[665.0966666666667,880.375],[650.3128571428571,880.375],[650.3128571428571,867.4821428571428]]]}},{"type":"Feature","id":"P1424","properties":{"id":"P1424","layer":"ordinary_parcel","zoneId":"UF08","blockId":"B073","compatibleForms":["U01","U04","U03","U02"]},"geometry":{"type":"Polygon","coordinates":[[[619.1890476190476,881.0535714285713],[633.9728571428573,881.0535714285713],[633.9728571428573,893.9464285714287],[619.1890476190476,893.9464285714287],[619.1890476190476,881.0535714285713]]]}},{"type":"Feature","id":"P1425","properties":{"id":"P1425","layer":"ordinary_parcel","zoneId":"UF08","blockId":"B073","compatibleForms":["U01","U04","U03","U02"]},"geometry":{"type":"Polygon","coordinates":[[[634.7509523809524,881.0535714285713],[649.5347619047619,881.0535714285713],[649.5347619047619,893.9464285714287],[634.7509523809524,893.9464285714287],[634.7509523809524,881.0535714285713]]]}},{"type":"Feature","id":"P1426","properties":{"id":"P1426","layer":"ordinary_parcel","zoneId":"UF08","blockId":"B073","compatibleForms":["U01","U04","U03","U02"]},"geometry":{"type":"Polygon","coordinates":[[[650.3128571428571,881.0535714285713],[665.0966666666667,881.0535714285713],[665.0966666666667,893.9464285714287],[650.3128571428571,893.9464285714287],[650.3128571428571,881.0535714285713]]]}},{"type":"Feature","id":"P1427","properties":{"id":"P1427","layer":"ordinary_parcel","zoneId":"UF08","blockId":"B073","compatibleForms":["U01","U04","U03","U02"]},"geometry":{"type":"Polygon","coordinates":[[[619.1890476190476,894.625],[633.9728571428573,894.625],[633.9728571428573,907.5178571428572],[619.1890476190476,907.5178571428572],[619.1890476190476,894.625]]]}},{"type":"Feature","id":"P1428","properties":{"id":"P1428","layer":"ordinary_parcel","zoneId":"UF08","blockId":"B073","compatibleForms":["U01","U04","U03","U02"]},"geometry":{"type":"Polygon","coordinates":[[[634.7509523809524,894.625],[649.5347619047619,894.625],[649.5347619047619,907.5178571428572],[634.7509523809524,907.5178571428572],[634.7509523809524,894.625]]]}},{"type":"Feature","id":"P1429","properties":{"id":"P1429","layer":"ordinary_parcel","zoneId":"UF08","blockId":"B073","compatibleForms":["U01","U04","U03","U02"]},"geometry":{"type":"Polygon","coordinates":[[[650.3128571428571,894.625],[665.0966666666667,894.625],[665.0966666666667,907.5178571428572],[650.3128571428571,907.5178571428572],[650.3128571428571,894.625]]]}},{"type":"Feature","id":"P1430","properties":{"id":"P1430","layer":"ordinary_parcel","zoneId":"UF08","blockId":"B073","compatibleForms":["U01","U04","U03","U02"]},"geometry":{"type":"Polygon","coordinates":[[[619.1890476190476,908.1964285714286],[633.9728571428573,908.1964285714286],[633.9728571428573,921.0892857142858],[619.1890476190476,921.0892857142858],[619.1890476190476,908.1964285714286]]]}},{"type":"Feature","id":"P1431","properties":{"id":"P1431","layer":"ordinary_parcel","zoneId":"UF08","blockId":"B073","compatibleForms":["U01","U04","U03","U02"]},"geometry":{"type":"Polygon","coordinates":[[[634.7509523809524,908.1964285714286],[649.5347619047619,908.1964285714286],[649.5347619047619,921.0892857142858],[634.7509523809524,921.0892857142858],[634.7509523809524,908.1964285714286]]]}},{"type":"Feature","id":"P1432","properties":{"id":"P1432","layer":"ordinary_parcel","zoneId":"UF08","blockId":"B073","compatibleForms":["U01","U04","U03","U02"]},"geometry":{"type":"Polygon","coordinates":[[[650.3128571428571,908.1964285714286],[665.0966666666667,908.1964285714286],[665.0966666666667,921.0892857142858],[650.3128571428571,921.0892857142858],[650.3128571428571,908.1964285714286]]]}},{"type":"Feature","id":"P1433","properties":{"id":"P1433","layer":"ordinary_parcel","zoneId":"UF08","blockId":"B073","compatibleForms":["U01","U04","U03","U02"]},"geometry":{"type":"Polygon","coordinates":[[[619.1890476190476,921.7678571428571],[633.9728571428573,921.7678571428571],[633.9728571428573,934.6607142857143],[619.1890476190476,934.6607142857143],[619.1890476190476,921.7678571428571]]]}},{"type":"Feature","id":"P1434","properties":{"id":"P1434","layer":"ordinary_parcel","zoneId":"UF08","blockId":"B073","compatibleForms":["U01","U04","U03","U02"]},"geometry":{"type":"Polygon","coordinates":[[[634.7509523809524,921.7678571428571],[649.5347619047619,921.7678571428571],[649.5347619047619,934.6607142857143],[634.7509523809524,934.6607142857143],[634.7509523809524,921.7678571428571]]]}},{"type":"Feature","id":"P1435","properties":{"id":"P1435","layer":"ordinary_parcel","zoneId":"UF08","blockId":"B073","compatibleForms":["U01","U04","U03","U02"]},"geometry":{"type":"Polygon","coordinates":[[[650.3128571428571,921.7678571428571],[665.0966666666667,921.7678571428571],[665.0966666666667,934.6607142857143],[650.3128571428571,934.6607142857143],[650.3128571428571,921.7678571428571]]]}},{"type":"Feature","id":"B074","properties":{"id":"B074","layer":"block_cluster","zoneId":"UF08","sequenceInZone":4},"geometry":{"type":"Polygon","coordinates":[[[680.2285714285715,840],[726.9142857142856,840],[726.9142857142856,935],[680.2285714285715,935],[680.2285714285715,840]]]}},{"type":"Feature","id":"P1436","properties":{"id":"P1436","layer":"ordinary_parcel","zoneId":"UF08","blockId":"B074","compatibleForms":["U01","U04","U03","U02"]},"geometry":{"type":"Polygon","coordinates":[[[680.5203571428573,840.3392857142857],[691.6082142857143,840.3392857142857],[691.6082142857143,853.2321428571429],[680.5203571428573,853.2321428571429],[680.5203571428573,840.3392857142857]]]}},{"type":"Feature","id":"P1437","properties":{"id":"P1437","layer":"ordinary_parcel","zoneId":"UF08","blockId":"B074","compatibleForms":["U01","U04","U03","U02"]},"geometry":{"type":"Polygon","coordinates":[[[692.1917857142859,840.3392857142857],[703.2796428571428,840.3392857142857],[703.2796428571428,853.2321428571429],[692.1917857142859,853.2321428571429],[692.1917857142859,840.3392857142857]]]}},{"type":"Feature","id":"P1438","properties":{"id":"P1438","layer":"ordinary_parcel","zoneId":"UF08","blockId":"B074","compatibleForms":["U01","U04","U03","U02"]},"geometry":{"type":"Polygon","coordinates":[[[703.8632142857143,840.3392857142857],[714.9510714285713,840.3392857142857],[714.9510714285713,853.2321428571429],[703.8632142857143,853.2321428571429],[703.8632142857143,840.3392857142857]]]}},{"type":"Feature","id":"P1439","properties":{"id":"P1439","layer":"ordinary_parcel","zoneId":"UF08","blockId":"B074","compatibleForms":["U01","U04","U03","U02"]},"geometry":{"type":"Polygon","coordinates":[[[715.5346428571428,840.3392857142857],[726.6224999999998,840.3392857142857],[726.6224999999998,853.2321428571429],[715.5346428571428,853.2321428571429],[715.5346428571428,840.3392857142857]]]}},{"type":"Feature","id":"P1440","properties":{"id":"P1440","layer":"ordinary_parcel","zoneId":"UF08","blockId":"B074","compatibleForms":["U01","U04","U03","U02"]},"geometry":{"type":"Polygon","coordinates":[[[680.5203571428573,853.9107142857142],[691.6082142857143,853.9107142857142],[691.6082142857143,866.8035714285714],[680.5203571428573,866.8035714285714],[680.5203571428573,853.9107142857142]]]}},{"type":"Feature","id":"P1441","properties":{"id":"P1441","layer":"ordinary_parcel","zoneId":"UF08","blockId":"B074","compatibleForms":["U01","U04","U03","U02"]},"geometry":{"type":"Polygon","coordinates":[[[692.1917857142859,853.9107142857142],[703.2796428571428,853.9107142857142],[703.2796428571428,866.8035714285714],[692.1917857142859,866.8035714285714],[692.1917857142859,853.9107142857142]]]}},{"type":"Feature","id":"P1442","properties":{"id":"P1442","layer":"ordinary_parcel","zoneId":"UF08","blockId":"B074","compatibleForms":["U01","U04","U03","U02"]},"geometry":{"type":"Polygon","coordinates":[[[703.8632142857143,853.9107142857142],[714.9510714285713,853.9107142857142],[714.9510714285713,866.8035714285714],[703.8632142857143,866.8035714285714],[703.8632142857143,853.9107142857142]]]}},{"type":"Feature","id":"P1443","properties":{"id":"P1443","layer":"ordinary_parcel","zoneId":"UF08","blockId":"B074","compatibleForms":["U01","U04","U03","U02"]},"geometry":{"type":"Polygon","coordinates":[[[715.5346428571428,853.9107142857142],[726.6224999999998,853.9107142857142],[726.6224999999998,866.8035714285714],[715.5346428571428,866.8035714285714],[715.5346428571428,853.9107142857142]]]}},{"type":"Feature","id":"P1444","properties":{"id":"P1444","layer":"ordinary_parcel","zoneId":"UF08","blockId":"B074","compatibleForms":["U01","U04","U03","U02"]},"geometry":{"type":"Polygon","coordinates":[[[680.6176190476191,867.4821428571428],[695.4014285714286,867.4821428571428],[695.4014285714286,880.375],[680.6176190476191,880.375],[680.6176190476191,867.4821428571428]]]}},{"type":"Feature","id":"P1445","properties":{"id":"P1445","layer":"ordinary_parcel","zoneId":"UF08","blockId":"B074","compatibleForms":["U01","U04","U03","U02"]},"geometry":{"type":"Polygon","coordinates":[[[696.1795238095237,867.4821428571428],[710.9633333333334,867.4821428571428],[710.9633333333334,880.375],[696.1795238095237,880.375],[696.1795238095237,867.4821428571428]]]}},{"type":"Feature","id":"P1446","properties":{"id":"P1446","layer":"ordinary_parcel","zoneId":"UF08","blockId":"B074","compatibleForms":["U01","U04","U03","U02"]},"geometry":{"type":"Polygon","coordinates":[[[711.7414285714285,867.4821428571428],[726.525238095238,867.4821428571428],[726.525238095238,880.375],[711.7414285714285,880.375],[711.7414285714285,867.4821428571428]]]}},{"type":"Feature","id":"P1447","properties":{"id":"P1447","layer":"ordinary_parcel","zoneId":"UF08","blockId":"B074","compatibleForms":["U01","U04","U03","U02"]},"geometry":{"type":"Polygon","coordinates":[[[680.6176190476191,881.0535714285713],[695.4014285714286,881.0535714285713],[695.4014285714286,893.9464285714287],[680.6176190476191,893.9464285714287],[680.6176190476191,881.0535714285713]]]}},{"type":"Feature","id":"P1448","properties":{"id":"P1448","layer":"ordinary_parcel","zoneId":"UF08","blockId":"B074","compatibleForms":["U01","U04","U03","U02"]},"geometry":{"type":"Polygon","coordinates":[[[696.1795238095237,881.0535714285713],[710.9633333333334,881.0535714285713],[710.9633333333334,893.9464285714287],[696.1795238095237,893.9464285714287],[696.1795238095237,881.0535714285713]]]}},{"type":"Feature","id":"P1449","properties":{"id":"P1449","layer":"ordinary_parcel","zoneId":"UF08","blockId":"B074","compatibleForms":["U01","U04","U03","U02"]},"geometry":{"type":"Polygon","coordinates":[[[711.7414285714285,881.0535714285713],[726.525238095238,881.0535714285713],[726.525238095238,893.9464285714287],[711.7414285714285,893.9464285714287],[711.7414285714285,881.0535714285713]]]}},{"type":"Feature","id":"P1450","properties":{"id":"P1450","layer":"ordinary_parcel","zoneId":"UF08","blockId":"B074","compatibleForms":["U01","U04","U03","U02"]},"geometry":{"type":"Polygon","coordinates":[[[680.6176190476191,894.625],[695.4014285714286,894.625],[695.4014285714286,907.5178571428572],[680.6176190476191,907.5178571428572],[680.6176190476191,894.625]]]}},{"type":"Feature","id":"P1451","properties":{"id":"P1451","layer":"ordinary_parcel","zoneId":"UF08","blockId":"B074","compatibleForms":["U01","U04","U03","U02"]},"geometry":{"type":"Polygon","coordinates":[[[696.1795238095237,894.625],[710.9633333333334,894.625],[710.9633333333334,907.5178571428572],[696.1795238095237,907.5178571428572],[696.1795238095237,894.625]]]}},{"type":"Feature","id":"P1452","properties":{"id":"P1452","layer":"ordinary_parcel","zoneId":"UF08","blockId":"B074","compatibleForms":["U01","U04","U03","U02"]},"geometry":{"type":"Polygon","coordinates":[[[711.7414285714285,894.625],[726.525238095238,894.625],[726.525238095238,907.5178571428572],[711.7414285714285,907.5178571428572],[711.7414285714285,894.625]]]}},{"type":"Feature","id":"P1453","properties":{"id":"P1453","layer":"ordinary_parcel","zoneId":"UF08","blockId":"B074","compatibleForms":["U01","U04","U03","U02"]},"geometry":{"type":"Polygon","coordinates":[[[680.6176190476191,908.1964285714286],[695.4014285714286,908.1964285714286],[695.4014285714286,921.0892857142858],[680.6176190476191,921.0892857142858],[680.6176190476191,908.1964285714286]]]}},{"type":"Feature","id":"P1454","properties":{"id":"P1454","layer":"ordinary_parcel","zoneId":"UF08","blockId":"B074","compatibleForms":["U01","U04","U03","U02"]},"geometry":{"type":"Polygon","coordinates":[[[696.1795238095237,908.1964285714286],[710.9633333333334,908.1964285714286],[710.9633333333334,921.0892857142858],[696.1795238095237,921.0892857142858],[696.1795238095237,908.1964285714286]]]}},{"type":"Feature","id":"P1455","properties":{"id":"P1455","layer":"ordinary_parcel","zoneId":"UF08","blockId":"B074","compatibleForms":["U01","U04","U03","U02"]},"geometry":{"type":"Polygon","coordinates":[[[711.7414285714285,908.1964285714286],[726.525238095238,908.1964285714286],[726.525238095238,921.0892857142858],[711.7414285714285,921.0892857142858],[711.7414285714285,908.1964285714286]]]}},{"type":"Feature","id":"P1456","properties":{"id":"P1456","layer":"ordinary_parcel","zoneId":"UF08","blockId":"B074","compatibleForms":["U01","U04","U03","U02"]},"geometry":{"type":"Polygon","coordinates":[[[680.6176190476191,921.7678571428571],[695.4014285714286,921.7678571428571],[695.4014285714286,934.6607142857143],[680.6176190476191,934.6607142857143],[680.6176190476191,921.7678571428571]]]}},{"type":"Feature","id":"P1457","properties":{"id":"P1457","layer":"ordinary_parcel","zoneId":"UF08","blockId":"B074","compatibleForms":["U01","U04","U03","U02"]},"geometry":{"type":"Polygon","coordinates":[[[696.1795238095237,921.7678571428571],[710.9633333333334,921.7678571428571],[710.9633333333334,934.6607142857143],[696.1795238095237,934.6607142857143],[696.1795238095237,921.7678571428571]]]}},{"type":"Feature","id":"P1458","properties":{"id":"P1458","layer":"ordinary_parcel","zoneId":"UF08","blockId":"B074","compatibleForms":["U01","U04","U03","U02"]},"geometry":{"type":"Polygon","coordinates":[[[711.7414285714285,921.7678571428571],[726.525238095238,921.7678571428571],[726.525238095238,934.6607142857143],[711.7414285714285,934.6607142857143],[711.7414285714285,921.7678571428571]]]}},{"type":"Feature","id":"B075","properties":{"id":"B075","layer":"block_cluster","zoneId":"UF08","sequenceInZone":5},"geometry":{"type":"Polygon","coordinates":[[[741.6571428571428,840],[788.3428571428572,840],[788.3428571428572,935],[741.6571428571428,935],[741.6571428571428,840]]]}},{"type":"Feature","id":"P1459","properties":{"id":"P1459","layer":"ordinary_parcel","zoneId":"UF08","blockId":"B075","compatibleForms":["U01","U04","U03","U02"]},"geometry":{"type":"Polygon","coordinates":[[[741.9489285714286,840.3392857142857],[753.0367857142857,840.3392857142857],[753.0367857142857,853.2321428571429],[741.9489285714286,853.2321428571429],[741.9489285714286,840.3392857142857]]]}},{"type":"Feature","id":"P1460","properties":{"id":"P1460","layer":"ordinary_parcel","zoneId":"UF08","blockId":"B075","compatibleForms":["U01","U04","U03","U02"]},"geometry":{"type":"Polygon","coordinates":[[[753.6203571428572,840.3392857142857],[764.7082142857142,840.3392857142857],[764.7082142857142,853.2321428571429],[753.6203571428572,853.2321428571429],[753.6203571428572,840.3392857142857]]]}},{"type":"Feature","id":"P1461","properties":{"id":"P1461","layer":"ordinary_parcel","zoneId":"UF08","blockId":"B075","compatibleForms":["U01","U04","U03","U02"]},"geometry":{"type":"Polygon","coordinates":[[[765.2917857142858,840.3392857142857],[776.3796428571428,840.3392857142857],[776.3796428571428,853.2321428571429],[765.2917857142858,853.2321428571429],[765.2917857142858,840.3392857142857]]]}},{"type":"Feature","id":"P1462","properties":{"id":"P1462","layer":"ordinary_parcel","zoneId":"UF08","blockId":"B075","compatibleForms":["U01","U04","U03","U02"]},"geometry":{"type":"Polygon","coordinates":[[[776.9632142857143,840.3392857142857],[788.0510714285714,840.3392857142857],[788.0510714285714,853.2321428571429],[776.9632142857143,853.2321428571429],[776.9632142857143,840.3392857142857]]]}},{"type":"Feature","id":"P1463","properties":{"id":"P1463","layer":"ordinary_parcel","zoneId":"UF08","blockId":"B075","compatibleForms":["U01","U04","U03","U02"]},"geometry":{"type":"Polygon","coordinates":[[[741.9489285714286,853.9107142857142],[753.0367857142857,853.9107142857142],[753.0367857142857,866.8035714285714],[741.9489285714286,866.8035714285714],[741.9489285714286,853.9107142857142]]]}},{"type":"Feature","id":"P1464","properties":{"id":"P1464","layer":"ordinary_parcel","zoneId":"UF08","blockId":"B075","compatibleForms":["U01","U04","U03","U02"]},"geometry":{"type":"Polygon","coordinates":[[[753.6203571428572,853.9107142857142],[764.7082142857142,853.9107142857142],[764.7082142857142,866.8035714285714],[753.6203571428572,866.8035714285714],[753.6203571428572,853.9107142857142]]]}},{"type":"Feature","id":"P1465","properties":{"id":"P1465","layer":"ordinary_parcel","zoneId":"UF08","blockId":"B075","compatibleForms":["U01","U04","U03","U02"]},"geometry":{"type":"Polygon","coordinates":[[[765.2917857142858,853.9107142857142],[776.3796428571428,853.9107142857142],[776.3796428571428,866.8035714285714],[765.2917857142858,866.8035714285714],[765.2917857142858,853.9107142857142]]]}},{"type":"Feature","id":"P1466","properties":{"id":"P1466","layer":"ordinary_parcel","zoneId":"UF08","blockId":"B075","compatibleForms":["U01","U04","U03","U02"]},"geometry":{"type":"Polygon","coordinates":[[[776.9632142857143,853.9107142857142],[788.0510714285714,853.9107142857142],[788.0510714285714,866.8035714285714],[776.9632142857143,866.8035714285714],[776.9632142857143,853.9107142857142]]]}},{"type":"Feature","id":"P1467","properties":{"id":"P1467","layer":"ordinary_parcel","zoneId":"UF08","blockId":"B075","compatibleForms":["U01","U04","U03","U02"]},"geometry":{"type":"Polygon","coordinates":[[[742.0461904761904,867.4821428571428],[756.83,867.4821428571428],[756.83,880.375],[742.0461904761904,880.375],[742.0461904761904,867.4821428571428]]]}},{"type":"Feature","id":"P1468","properties":{"id":"P1468","layer":"ordinary_parcel","zoneId":"UF08","blockId":"B075","compatibleForms":["U01","U04","U03","U02"]},"geometry":{"type":"Polygon","coordinates":[[[757.6080952380952,867.4821428571428],[772.3919047619048,867.4821428571428],[772.3919047619048,880.375],[757.6080952380952,880.375],[757.6080952380952,867.4821428571428]]]}},{"type":"Feature","id":"P1469","properties":{"id":"P1469","layer":"ordinary_parcel","zoneId":"UF08","blockId":"B075","compatibleForms":["U01","U04","U03","U02"]},"geometry":{"type":"Polygon","coordinates":[[[773.17,867.4821428571428],[787.9538095238096,867.4821428571428],[787.9538095238096,880.375],[773.17,880.375],[773.17,867.4821428571428]]]}},{"type":"Feature","id":"P1470","properties":{"id":"P1470","layer":"ordinary_parcel","zoneId":"UF08","blockId":"B075","compatibleForms":["U01","U04","U03","U02"]},"geometry":{"type":"Polygon","coordinates":[[[742.0461904761904,881.0535714285713],[756.83,881.0535714285713],[756.83,893.9464285714287],[742.0461904761904,893.9464285714287],[742.0461904761904,881.0535714285713]]]}},{"type":"Feature","id":"P1471","properties":{"id":"P1471","layer":"ordinary_parcel","zoneId":"UF08","blockId":"B075","compatibleForms":["U01","U04","U03","U02"]},"geometry":{"type":"Polygon","coordinates":[[[757.6080952380952,881.0535714285713],[772.3919047619048,881.0535714285713],[772.3919047619048,893.9464285714287],[757.6080952380952,893.9464285714287],[757.6080952380952,881.0535714285713]]]}},{"type":"Feature","id":"P1472","properties":{"id":"P1472","layer":"ordinary_parcel","zoneId":"UF08","blockId":"B075","compatibleForms":["U01","U04","U03","U02"]},"geometry":{"type":"Polygon","coordinates":[[[773.17,881.0535714285713],[787.9538095238096,881.0535714285713],[787.9538095238096,893.9464285714287],[773.17,893.9464285714287],[773.17,881.0535714285713]]]}},{"type":"Feature","id":"P1473","properties":{"id":"P1473","layer":"ordinary_parcel","zoneId":"UF08","blockId":"B075","compatibleForms":["U01","U04","U03","U02"]},"geometry":{"type":"Polygon","coordinates":[[[742.0461904761904,894.625],[756.83,894.625],[756.83,907.5178571428572],[742.0461904761904,907.5178571428572],[742.0461904761904,894.625]]]}},{"type":"Feature","id":"P1474","properties":{"id":"P1474","layer":"ordinary_parcel","zoneId":"UF08","blockId":"B075","compatibleForms":["U01","U04","U03","U02"]},"geometry":{"type":"Polygon","coordinates":[[[757.6080952380952,894.625],[772.3919047619048,894.625],[772.3919047619048,907.5178571428572],[757.6080952380952,907.5178571428572],[757.6080952380952,894.625]]]}},{"type":"Feature","id":"P1475","properties":{"id":"P1475","layer":"ordinary_parcel","zoneId":"UF08","blockId":"B075","compatibleForms":["U01","U04","U03","U02"]},"geometry":{"type":"Polygon","coordinates":[[[773.17,894.625],[787.9538095238096,894.625],[787.9538095238096,907.5178571428572],[773.17,907.5178571428572],[773.17,894.625]]]}},{"type":"Feature","id":"P1476","properties":{"id":"P1476","layer":"ordinary_parcel","zoneId":"UF08","blockId":"B075","compatibleForms":["U01","U04","U03","U02"]},"geometry":{"type":"Polygon","coordinates":[[[742.0461904761904,908.1964285714286],[756.83,908.1964285714286],[756.83,921.0892857142858],[742.0461904761904,921.0892857142858],[742.0461904761904,908.1964285714286]]]}},{"type":"Feature","id":"P1477","properties":{"id":"P1477","layer":"ordinary_parcel","zoneId":"UF08","blockId":"B075","compatibleForms":["U01","U04","U03","U02"]},"geometry":{"type":"Polygon","coordinates":[[[757.6080952380952,908.1964285714286],[772.3919047619048,908.1964285714286],[772.3919047619048,921.0892857142858],[757.6080952380952,921.0892857142858],[757.6080952380952,908.1964285714286]]]}},{"type":"Feature","id":"P1478","properties":{"id":"P1478","layer":"ordinary_parcel","zoneId":"UF08","blockId":"B075","compatibleForms":["U01","U04","U03","U02"]},"geometry":{"type":"Polygon","coordinates":[[[773.17,908.1964285714286],[787.9538095238096,908.1964285714286],[787.9538095238096,921.0892857142858],[773.17,921.0892857142858],[773.17,908.1964285714286]]]}},{"type":"Feature","id":"P1479","properties":{"id":"P1479","layer":"ordinary_parcel","zoneId":"UF08","blockId":"B075","compatibleForms":["U01","U04","U03","U02"]},"geometry":{"type":"Polygon","coordinates":[[[742.0461904761904,921.7678571428571],[756.83,921.7678571428571],[756.83,934.6607142857143],[742.0461904761904,934.6607142857143],[742.0461904761904,921.7678571428571]]]}},{"type":"Feature","id":"P1480","properties":{"id":"P1480","layer":"ordinary_parcel","zoneId":"UF08","blockId":"B075","compatibleForms":["U01","U04","U03","U02"]},"geometry":{"type":"Polygon","coordinates":[[[757.6080952380952,921.7678571428571],[772.3919047619048,921.7678571428571],[772.3919047619048,934.6607142857143],[757.6080952380952,934.6607142857143],[757.6080952380952,921.7678571428571]]]}},{"type":"Feature","id":"P1481","properties":{"id":"P1481","layer":"ordinary_parcel","zoneId":"UF08","blockId":"B075","compatibleForms":["U01","U04","U03","U02"]},"geometry":{"type":"Polygon","coordinates":[[[773.17,921.7678571428571],[787.9538095238096,921.7678571428571],[787.9538095238096,934.6607142857143],[773.17,934.6607142857143],[773.17,921.7678571428571]]]}},{"type":"Feature","id":"B076","properties":{"id":"B076","layer":"block_cluster","zoneId":"UF08","sequenceInZone":6},"geometry":{"type":"Polygon","coordinates":[[[803.0857142857144,840],[849.7714285714285,840],[849.7714285714285,935],[803.0857142857144,935],[803.0857142857144,840]]]}},{"type":"Feature","id":"P1482","properties":{"id":"P1482","layer":"ordinary_parcel","zoneId":"UF08","blockId":"B076","compatibleForms":["U01","U04","U03","U02"]},"geometry":{"type":"Polygon","coordinates":[[[803.3775000000002,840.3392857142857],[814.4653571428572,840.3392857142857],[814.4653571428572,853.2321428571429],[803.3775000000002,853.2321428571429],[803.3775000000002,840.3392857142857]]]}},{"type":"Feature","id":"P1483","properties":{"id":"P1483","layer":"ordinary_parcel","zoneId":"UF08","blockId":"B076","compatibleForms":["U01","U04","U03","U02"]},"geometry":{"type":"Polygon","coordinates":[[[815.0489285714287,840.3392857142857],[826.1367857142857,840.3392857142857],[826.1367857142857,853.2321428571429],[815.0489285714287,853.2321428571429],[815.0489285714287,840.3392857142857]]]}},{"type":"Feature","id":"P1484","properties":{"id":"P1484","layer":"ordinary_parcel","zoneId":"UF08","blockId":"B076","compatibleForms":["U01","U04","U03","U02"]},"geometry":{"type":"Polygon","coordinates":[[[826.7203571428572,840.3392857142857],[837.8082142857141,840.3392857142857],[837.8082142857141,853.2321428571429],[826.7203571428572,853.2321428571429],[826.7203571428572,840.3392857142857]]]}},{"type":"Feature","id":"P1485","properties":{"id":"P1485","layer":"ordinary_parcel","zoneId":"UF08","blockId":"B076","compatibleForms":["U01","U04","U03","U02"]},"geometry":{"type":"Polygon","coordinates":[[[838.3917857142857,840.3392857142857],[849.4796428571427,840.3392857142857],[849.4796428571427,853.2321428571429],[838.3917857142857,853.2321428571429],[838.3917857142857,840.3392857142857]]]}},{"type":"Feature","id":"P1486","properties":{"id":"P1486","layer":"ordinary_parcel","zoneId":"UF08","blockId":"B076","compatibleForms":["U01","U04","U03","U02"]},"geometry":{"type":"Polygon","coordinates":[[[803.3775000000002,853.9107142857142],[814.4653571428572,853.9107142857142],[814.4653571428572,866.8035714285714],[803.3775000000002,866.8035714285714],[803.3775000000002,853.9107142857142]]]}},{"type":"Feature","id":"P1487","properties":{"id":"P1487","layer":"ordinary_parcel","zoneId":"UF08","blockId":"B076","compatibleForms":["U01","U04","U03","U02"]},"geometry":{"type":"Polygon","coordinates":[[[815.0489285714287,853.9107142857142],[826.1367857142857,853.9107142857142],[826.1367857142857,866.8035714285714],[815.0489285714287,866.8035714285714],[815.0489285714287,853.9107142857142]]]}},{"type":"Feature","id":"P1488","properties":{"id":"P1488","layer":"ordinary_parcel","zoneId":"UF08","blockId":"B076","compatibleForms":["U01","U04","U03","U02"]},"geometry":{"type":"Polygon","coordinates":[[[826.7203571428572,853.9107142857142],[837.8082142857141,853.9107142857142],[837.8082142857141,866.8035714285714],[826.7203571428572,866.8035714285714],[826.7203571428572,853.9107142857142]]]}},{"type":"Feature","id":"P1489","properties":{"id":"P1489","layer":"ordinary_parcel","zoneId":"UF08","blockId":"B076","compatibleForms":["U01","U04","U03","U02"]},"geometry":{"type":"Polygon","coordinates":[[[838.3917857142857,853.9107142857142],[849.4796428571427,853.9107142857142],[849.4796428571427,866.8035714285714],[838.3917857142857,866.8035714285714],[838.3917857142857,853.9107142857142]]]}},{"type":"Feature","id":"P1490","properties":{"id":"P1490","layer":"ordinary_parcel","zoneId":"UF08","blockId":"B076","compatibleForms":["U01","U04","U03","U02"]},"geometry":{"type":"Polygon","coordinates":[[[803.474761904762,867.4821428571428],[818.2585714285715,867.4821428571428],[818.2585714285715,880.375],[803.474761904762,880.375],[803.474761904762,867.4821428571428]]]}},{"type":"Feature","id":"P1491","properties":{"id":"P1491","layer":"ordinary_parcel","zoneId":"UF08","blockId":"B076","compatibleForms":["U01","U04","U03","U02"]},"geometry":{"type":"Polygon","coordinates":[[[819.0366666666666,867.4821428571428],[833.8204761904763,867.4821428571428],[833.8204761904763,880.375],[819.0366666666666,880.375],[819.0366666666666,867.4821428571428]]]}},{"type":"Feature","id":"P1492","properties":{"id":"P1492","layer":"ordinary_parcel","zoneId":"UF08","blockId":"B076","compatibleForms":["U01","U04","U03","U02"]},"geometry":{"type":"Polygon","coordinates":[[[834.5985714285714,867.4821428571428],[849.3823809523809,867.4821428571428],[849.3823809523809,880.375],[834.5985714285714,880.375],[834.5985714285714,867.4821428571428]]]}},{"type":"Feature","id":"P1493","properties":{"id":"P1493","layer":"ordinary_parcel","zoneId":"UF08","blockId":"B076","compatibleForms":["U01","U04","U03","U02"]},"geometry":{"type":"Polygon","coordinates":[[[803.474761904762,881.0535714285713],[818.2585714285715,881.0535714285713],[818.2585714285715,893.9464285714287],[803.474761904762,893.9464285714287],[803.474761904762,881.0535714285713]]]}},{"type":"Feature","id":"P1494","properties":{"id":"P1494","layer":"ordinary_parcel","zoneId":"UF08","blockId":"B076","compatibleForms":["U01","U04","U03","U02"]},"geometry":{"type":"Polygon","coordinates":[[[819.0366666666666,881.0535714285713],[833.8204761904763,881.0535714285713],[833.8204761904763,893.9464285714287],[819.0366666666666,893.9464285714287],[819.0366666666666,881.0535714285713]]]}},{"type":"Feature","id":"P1495","properties":{"id":"P1495","layer":"ordinary_parcel","zoneId":"UF08","blockId":"B076","compatibleForms":["U01","U04","U03","U02"]},"geometry":{"type":"Polygon","coordinates":[[[834.5985714285714,881.0535714285713],[849.3823809523809,881.0535714285713],[849.3823809523809,893.9464285714287],[834.5985714285714,893.9464285714287],[834.5985714285714,881.0535714285713]]]}},{"type":"Feature","id":"P1496","properties":{"id":"P1496","layer":"ordinary_parcel","zoneId":"UF08","blockId":"B076","compatibleForms":["U01","U04","U03","U02"]},"geometry":{"type":"Polygon","coordinates":[[[803.474761904762,894.625],[818.2585714285715,894.625],[818.2585714285715,907.5178571428572],[803.474761904762,907.5178571428572],[803.474761904762,894.625]]]}},{"type":"Feature","id":"P1497","properties":{"id":"P1497","layer":"ordinary_parcel","zoneId":"UF08","blockId":"B076","compatibleForms":["U01","U04","U03","U02"]},"geometry":{"type":"Polygon","coordinates":[[[819.0366666666666,894.625],[833.8204761904763,894.625],[833.8204761904763,907.5178571428572],[819.0366666666666,907.5178571428572],[819.0366666666666,894.625]]]}},{"type":"Feature","id":"P1498","properties":{"id":"P1498","layer":"ordinary_parcel","zoneId":"UF08","blockId":"B076","compatibleForms":["U01","U04","U03","U02"]},"geometry":{"type":"Polygon","coordinates":[[[834.5985714285714,894.625],[849.3823809523809,894.625],[849.3823809523809,907.5178571428572],[834.5985714285714,907.5178571428572],[834.5985714285714,894.625]]]}},{"type":"Feature","id":"P1499","properties":{"id":"P1499","layer":"ordinary_parcel","zoneId":"UF08","blockId":"B076","compatibleForms":["U01","U04","U03","U02"]},"geometry":{"type":"Polygon","coordinates":[[[803.474761904762,908.1964285714286],[818.2585714285715,908.1964285714286],[818.2585714285715,921.0892857142858],[803.474761904762,921.0892857142858],[803.474761904762,908.1964285714286]]]}},{"type":"Feature","id":"P1500","properties":{"id":"P1500","layer":"ordinary_parcel","zoneId":"UF08","blockId":"B076","compatibleForms":["U01","U04","U03","U02"]},"geometry":{"type":"Polygon","coordinates":[[[819.0366666666666,908.1964285714286],[833.8204761904763,908.1964285714286],[833.8204761904763,921.0892857142858],[819.0366666666666,921.0892857142858],[819.0366666666666,908.1964285714286]]]}},{"type":"Feature","id":"P1501","properties":{"id":"P1501","layer":"ordinary_parcel","zoneId":"UF08","blockId":"B076","compatibleForms":["U01","U04","U03","U02"]},"geometry":{"type":"Polygon","coordinates":[[[834.5985714285714,908.1964285714286],[849.3823809523809,908.1964285714286],[849.3823809523809,921.0892857142858],[834.5985714285714,921.0892857142858],[834.5985714285714,908.1964285714286]]]}},{"type":"Feature","id":"P1502","properties":{"id":"P1502","layer":"ordinary_parcel","zoneId":"UF08","blockId":"B076","compatibleForms":["U01","U04","U03","U02"]},"geometry":{"type":"Polygon","coordinates":[[[803.474761904762,921.7678571428571],[818.2585714285715,921.7678571428571],[818.2585714285715,934.6607142857143],[803.474761904762,934.6607142857143],[803.474761904762,921.7678571428571]]]}},{"type":"Feature","id":"P1503","properties":{"id":"P1503","layer":"ordinary_parcel","zoneId":"UF08","blockId":"B076","compatibleForms":["U01","U04","U03","U02"]},"geometry":{"type":"Polygon","coordinates":[[[819.0366666666666,921.7678571428571],[833.8204761904763,921.7678571428571],[833.8204761904763,934.6607142857143],[819.0366666666666,934.6607142857143],[819.0366666666666,921.7678571428571]]]}},{"type":"Feature","id":"P1504","properties":{"id":"P1504","layer":"ordinary_parcel","zoneId":"UF08","blockId":"B076","compatibleForms":["U01","U04","U03","U02"]},"geometry":{"type":"Polygon","coordinates":[[[834.5985714285714,921.7678571428571],[849.3823809523809,921.7678571428571],[849.3823809523809,934.6607142857143],[834.5985714285714,934.6607142857143],[834.5985714285714,921.7678571428571]]]}},{"type":"Feature","id":"B077","properties":{"id":"B077","layer":"block_cluster","zoneId":"UF08","sequenceInZone":7},"geometry":{"type":"Polygon","coordinates":[[[864.5142857142857,840],[911.1999999999999,840],[911.1999999999999,935],[864.5142857142857,935],[864.5142857142857,840]]]}},{"type":"Feature","id":"P1505","properties":{"id":"P1505","layer":"ordinary_parcel","zoneId":"UF08","blockId":"B077","compatibleForms":["U01","U04","U03","U02"]},"geometry":{"type":"Polygon","coordinates":[[[864.8060714285715,840.3392857142857],[875.8939285714285,840.3392857142857],[875.8939285714285,853.2321428571429],[864.8060714285715,853.2321428571429],[864.8060714285715,840.3392857142857]]]}},{"type":"Feature","id":"P1506","properties":{"id":"P1506","layer":"ordinary_parcel","zoneId":"UF08","blockId":"B077","compatibleForms":["U01","U04","U03","U02"]},"geometry":{"type":"Polygon","coordinates":[[[876.4775000000001,840.3392857142857],[887.5653571428571,840.3392857142857],[887.5653571428571,853.2321428571429],[876.4775000000001,853.2321428571429],[876.4775000000001,840.3392857142857]]]}},{"type":"Feature","id":"P1507","properties":{"id":"P1507","layer":"ordinary_parcel","zoneId":"UF08","blockId":"B077","compatibleForms":["U01","U04","U03","U02"]},"geometry":{"type":"Polygon","coordinates":[[[888.1489285714287,840.3392857142857],[899.2367857142856,840.3392857142857],[899.2367857142856,853.2321428571429],[888.1489285714287,853.2321428571429],[888.1489285714287,840.3392857142857]]]}},{"type":"Feature","id":"P1508","properties":{"id":"P1508","layer":"ordinary_parcel","zoneId":"UF08","blockId":"B077","compatibleForms":["U01","U04","U03","U02"]},"geometry":{"type":"Polygon","coordinates":[[[899.8203571428571,840.3392857142857],[910.9082142857142,840.3392857142857],[910.9082142857142,853.2321428571429],[899.8203571428571,853.2321428571429],[899.8203571428571,840.3392857142857]]]}},{"type":"Feature","id":"P1509","properties":{"id":"P1509","layer":"ordinary_parcel","zoneId":"UF08","blockId":"B077","compatibleForms":["U01","U04","U03","U02"]},"geometry":{"type":"Polygon","coordinates":[[[864.8060714285715,853.9107142857142],[875.8939285714285,853.9107142857142],[875.8939285714285,866.8035714285714],[864.8060714285715,866.8035714285714],[864.8060714285715,853.9107142857142]]]}},{"type":"Feature","id":"P1510","properties":{"id":"P1510","layer":"ordinary_parcel","zoneId":"UF08","blockId":"B077","compatibleForms":["U01","U04","U03","U02"]},"geometry":{"type":"Polygon","coordinates":[[[876.4775000000001,853.9107142857142],[887.5653571428571,853.9107142857142],[887.5653571428571,866.8035714285714],[876.4775000000001,866.8035714285714],[876.4775000000001,853.9107142857142]]]}},{"type":"Feature","id":"P1511","properties":{"id":"P1511","layer":"ordinary_parcel","zoneId":"UF08","blockId":"B077","compatibleForms":["U01","U04","U03","U02"]},"geometry":{"type":"Polygon","coordinates":[[[888.1489285714287,853.9107142857142],[899.2367857142856,853.9107142857142],[899.2367857142856,866.8035714285714],[888.1489285714287,866.8035714285714],[888.1489285714287,853.9107142857142]]]}},{"type":"Feature","id":"P1512","properties":{"id":"P1512","layer":"ordinary_parcel","zoneId":"UF08","blockId":"B077","compatibleForms":["U01","U04","U03","U02"]},"geometry":{"type":"Polygon","coordinates":[[[899.8203571428571,853.9107142857142],[910.9082142857142,853.9107142857142],[910.9082142857142,866.8035714285714],[899.8203571428571,866.8035714285714],[899.8203571428571,853.9107142857142]]]}},{"type":"Feature","id":"P1513","properties":{"id":"P1513","layer":"ordinary_parcel","zoneId":"UF08","blockId":"B077","compatibleForms":["U01","U04","U03","U02"]},"geometry":{"type":"Polygon","coordinates":[[[864.9033333333333,867.4821428571428],[879.6871428571429,867.4821428571428],[879.6871428571429,880.375],[864.9033333333333,880.375],[864.9033333333333,867.4821428571428]]]}},{"type":"Feature","id":"P1514","properties":{"id":"P1514","layer":"ordinary_parcel","zoneId":"UF08","blockId":"B077","compatibleForms":["U01","U04","U03","U02"]},"geometry":{"type":"Polygon","coordinates":[[[880.4652380952381,867.4821428571428],[895.2490476190476,867.4821428571428],[895.2490476190476,880.375],[880.4652380952381,880.375],[880.4652380952381,867.4821428571428]]]}},{"type":"Feature","id":"P1515","properties":{"id":"P1515","layer":"ordinary_parcel","zoneId":"UF08","blockId":"B077","compatibleForms":["U01","U04","U03","U02"]},"geometry":{"type":"Polygon","coordinates":[[[896.0271428571427,867.4821428571428],[910.8109523809524,867.4821428571428],[910.8109523809524,880.375],[896.0271428571427,880.375],[896.0271428571427,867.4821428571428]]]}},{"type":"Feature","id":"P1516","properties":{"id":"P1516","layer":"ordinary_parcel","zoneId":"UF08","blockId":"B077","compatibleForms":["U01","U04","U03","U02"]},"geometry":{"type":"Polygon","coordinates":[[[864.9033333333333,881.0535714285713],[879.6871428571429,881.0535714285713],[879.6871428571429,893.9464285714287],[864.9033333333333,893.9464285714287],[864.9033333333333,881.0535714285713]]]}},{"type":"Feature","id":"P1517","properties":{"id":"P1517","layer":"ordinary_parcel","zoneId":"UF08","blockId":"B077","compatibleForms":["U01","U04","U03","U02"]},"geometry":{"type":"Polygon","coordinates":[[[880.4652380952381,881.0535714285713],[895.2490476190476,881.0535714285713],[895.2490476190476,893.9464285714287],[880.4652380952381,893.9464285714287],[880.4652380952381,881.0535714285713]]]}},{"type":"Feature","id":"P1518","properties":{"id":"P1518","layer":"ordinary_parcel","zoneId":"UF08","blockId":"B077","compatibleForms":["U01","U04","U03","U02"]},"geometry":{"type":"Polygon","coordinates":[[[896.0271428571427,881.0535714285713],[910.8109523809524,881.0535714285713],[910.8109523809524,893.9464285714287],[896.0271428571427,893.9464285714287],[896.0271428571427,881.0535714285713]]]}},{"type":"Feature","id":"P1519","properties":{"id":"P1519","layer":"ordinary_parcel","zoneId":"UF08","blockId":"B077","compatibleForms":["U01","U04","U03","U02"]},"geometry":{"type":"Polygon","coordinates":[[[864.9033333333333,894.625],[879.6871428571429,894.625],[879.6871428571429,907.5178571428572],[864.9033333333333,907.5178571428572],[864.9033333333333,894.625]]]}},{"type":"Feature","id":"P1520","properties":{"id":"P1520","layer":"ordinary_parcel","zoneId":"UF08","blockId":"B077","compatibleForms":["U01","U04","U03","U02"]},"geometry":{"type":"Polygon","coordinates":[[[880.4652380952381,894.625],[895.2490476190476,894.625],[895.2490476190476,907.5178571428572],[880.4652380952381,907.5178571428572],[880.4652380952381,894.625]]]}},{"type":"Feature","id":"P1521","properties":{"id":"P1521","layer":"ordinary_parcel","zoneId":"UF08","blockId":"B077","compatibleForms":["U01","U04","U03","U02"]},"geometry":{"type":"Polygon","coordinates":[[[896.0271428571427,894.625],[910.8109523809524,894.625],[910.8109523809524,907.5178571428572],[896.0271428571427,907.5178571428572],[896.0271428571427,894.625]]]}},{"type":"Feature","id":"P1522","properties":{"id":"P1522","layer":"ordinary_parcel","zoneId":"UF08","blockId":"B077","compatibleForms":["U01","U04","U03","U02"]},"geometry":{"type":"Polygon","coordinates":[[[864.9033333333333,908.1964285714286],[879.6871428571429,908.1964285714286],[879.6871428571429,921.0892857142858],[864.9033333333333,921.0892857142858],[864.9033333333333,908.1964285714286]]]}},{"type":"Feature","id":"P1523","properties":{"id":"P1523","layer":"ordinary_parcel","zoneId":"UF08","blockId":"B077","compatibleForms":["U01","U04","U03","U02"]},"geometry":{"type":"Polygon","coordinates":[[[880.4652380952381,908.1964285714286],[895.2490476190476,908.1964285714286],[895.2490476190476,921.0892857142858],[880.4652380952381,921.0892857142858],[880.4652380952381,908.1964285714286]]]}},{"type":"Feature","id":"P1524","properties":{"id":"P1524","layer":"ordinary_parcel","zoneId":"UF08","blockId":"B077","compatibleForms":["U01","U04","U03","U02"]},"geometry":{"type":"Polygon","coordinates":[[[896.0271428571427,908.1964285714286],[910.8109523809524,908.1964285714286],[910.8109523809524,921.0892857142858],[896.0271428571427,921.0892857142858],[896.0271428571427,908.1964285714286]]]}},{"type":"Feature","id":"P1525","properties":{"id":"P1525","layer":"ordinary_parcel","zoneId":"UF08","blockId":"B077","compatibleForms":["U01","U04","U03","U02"]},"geometry":{"type":"Polygon","coordinates":[[[864.9033333333333,921.7678571428571],[879.6871428571429,921.7678571428571],[879.6871428571429,934.6607142857143],[864.9033333333333,934.6607142857143],[864.9033333333333,921.7678571428571]]]}},{"type":"Feature","id":"P1526","properties":{"id":"P1526","layer":"ordinary_parcel","zoneId":"UF08","blockId":"B077","compatibleForms":["U01","U04","U03","U02"]},"geometry":{"type":"Polygon","coordinates":[[[880.4652380952381,921.7678571428571],[895.2490476190476,921.7678571428571],[895.2490476190476,934.6607142857143],[880.4652380952381,934.6607142857143],[880.4652380952381,921.7678571428571]]]}},{"type":"Feature","id":"P1527","properties":{"id":"P1527","layer":"ordinary_parcel","zoneId":"UF08","blockId":"B077","compatibleForms":["U01","U04","U03","U02"]},"geometry":{"type":"Polygon","coordinates":[[[896.0271428571427,921.7678571428571],[910.8109523809524,921.7678571428571],[910.8109523809524,934.6607142857143],[896.0271428571427,934.6607142857143],[896.0271428571427,921.7678571428571]]]}},{"type":"Feature","id":"B078","properties":{"id":"B078","layer":"block_cluster","zoneId":"UF08","sequenceInZone":8},"geometry":{"type":"Polygon","coordinates":[[[618.8000000000001,965],[665.4857142857143,965],[665.4857142857143,1060],[618.8000000000001,1060],[618.8000000000001,965]]]}},{"type":"Feature","id":"P1528","properties":{"id":"P1528","layer":"ordinary_parcel","zoneId":"UF08","blockId":"B078","compatibleForms":["U01","U04","U03","U02"]},"geometry":{"type":"Polygon","coordinates":[[[619.0917857142858,965.3392857142857],[630.1796428571429,965.3392857142857],[630.1796428571429,978.2321428571429],[619.0917857142858,978.2321428571429],[619.0917857142858,965.3392857142857]]]}},{"type":"Feature","id":"P1529","properties":{"id":"P1529","layer":"ordinary_parcel","zoneId":"UF08","blockId":"B078","compatibleForms":["U01","U04","U03","U02"]},"geometry":{"type":"Polygon","coordinates":[[[630.7632142857144,965.3392857142857],[641.8510714285713,965.3392857142857],[641.8510714285713,978.2321428571429],[630.7632142857144,978.2321428571429],[630.7632142857144,965.3392857142857]]]}},{"type":"Feature","id":"P1530","properties":{"id":"P1530","layer":"ordinary_parcel","zoneId":"UF08","blockId":"B078","compatibleForms":["U01","U04","U03","U02"]},"geometry":{"type":"Polygon","coordinates":[[[642.4346428571429,965.3392857142857],[653.5224999999999,965.3392857142857],[653.5224999999999,978.2321428571429],[642.4346428571429,978.2321428571429],[642.4346428571429,965.3392857142857]]]}},{"type":"Feature","id":"P1531","properties":{"id":"P1531","layer":"ordinary_parcel","zoneId":"UF08","blockId":"B078","compatibleForms":["U01","U04","U03","U02"]},"geometry":{"type":"Polygon","coordinates":[[[654.1060714285715,965.3392857142857],[665.1939285714285,965.3392857142857],[665.1939285714285,978.2321428571429],[654.1060714285715,978.2321428571429],[654.1060714285715,965.3392857142857]]]}},{"type":"Feature","id":"P1532","properties":{"id":"P1532","layer":"ordinary_parcel","zoneId":"UF08","blockId":"B078","compatibleForms":["U01","U04","U03","U02"]},"geometry":{"type":"Polygon","coordinates":[[[619.0917857142858,978.9107142857142],[630.1796428571429,978.9107142857142],[630.1796428571429,991.8035714285714],[619.0917857142858,991.8035714285714],[619.0917857142858,978.9107142857142]]]}},{"type":"Feature","id":"P1533","properties":{"id":"P1533","layer":"ordinary_parcel","zoneId":"UF08","blockId":"B078","compatibleForms":["U01","U04","U03","U02"]},"geometry":{"type":"Polygon","coordinates":[[[630.7632142857144,978.9107142857142],[641.8510714285713,978.9107142857142],[641.8510714285713,991.8035714285714],[630.7632142857144,991.8035714285714],[630.7632142857144,978.9107142857142]]]}},{"type":"Feature","id":"P1534","properties":{"id":"P1534","layer":"ordinary_parcel","zoneId":"UF08","blockId":"B078","compatibleForms":["U01","U04","U03","U02"]},"geometry":{"type":"Polygon","coordinates":[[[642.4346428571429,978.9107142857142],[653.5224999999999,978.9107142857142],[653.5224999999999,991.8035714285714],[642.4346428571429,991.8035714285714],[642.4346428571429,978.9107142857142]]]}},{"type":"Feature","id":"P1535","properties":{"id":"P1535","layer":"ordinary_parcel","zoneId":"UF08","blockId":"B078","compatibleForms":["U01","U04","U03","U02"]},"geometry":{"type":"Polygon","coordinates":[[[654.1060714285715,978.9107142857142],[665.1939285714285,978.9107142857142],[665.1939285714285,991.8035714285714],[654.1060714285715,991.8035714285714],[654.1060714285715,978.9107142857142]]]}},{"type":"Feature","id":"P1536","properties":{"id":"P1536","layer":"ordinary_parcel","zoneId":"UF08","blockId":"B078","compatibleForms":["U01","U04","U03","U02"]},"geometry":{"type":"Polygon","coordinates":[[[619.1890476190476,992.4821428571428],[633.9728571428573,992.4821428571428],[633.9728571428573,1005.375],[619.1890476190476,1005.375],[619.1890476190476,992.4821428571428]]]}},{"type":"Feature","id":"P1537","properties":{"id":"P1537","layer":"ordinary_parcel","zoneId":"UF08","blockId":"B078","compatibleForms":["U01","U04","U03","U02"]},"geometry":{"type":"Polygon","coordinates":[[[634.7509523809524,992.4821428571428],[649.5347619047619,992.4821428571428],[649.5347619047619,1005.375],[634.7509523809524,1005.375],[634.7509523809524,992.4821428571428]]]}},{"type":"Feature","id":"P1538","properties":{"id":"P1538","layer":"ordinary_parcel","zoneId":"UF08","blockId":"B078","compatibleForms":["U01","U04","U03","U02"]},"geometry":{"type":"Polygon","coordinates":[[[650.3128571428571,992.4821428571428],[665.0966666666667,992.4821428571428],[665.0966666666667,1005.375],[650.3128571428571,1005.375],[650.3128571428571,992.4821428571428]]]}},{"type":"Feature","id":"P1539","properties":{"id":"P1539","layer":"ordinary_parcel","zoneId":"UF08","blockId":"B078","compatibleForms":["U01","U04","U03","U02"]},"geometry":{"type":"Polygon","coordinates":[[[619.1890476190476,1006.0535714285713],[633.9728571428573,1006.0535714285713],[633.9728571428573,1018.9464285714287],[619.1890476190476,1018.9464285714287],[619.1890476190476,1006.0535714285713]]]}},{"type":"Feature","id":"P1540","properties":{"id":"P1540","layer":"ordinary_parcel","zoneId":"UF08","blockId":"B078","compatibleForms":["U01","U04","U03","U02"]},"geometry":{"type":"Polygon","coordinates":[[[634.7509523809524,1006.0535714285713],[649.5347619047619,1006.0535714285713],[649.5347619047619,1018.9464285714287],[634.7509523809524,1018.9464285714287],[634.7509523809524,1006.0535714285713]]]}},{"type":"Feature","id":"P1541","properties":{"id":"P1541","layer":"ordinary_parcel","zoneId":"UF08","blockId":"B078","compatibleForms":["U01","U04","U03","U02"]},"geometry":{"type":"Polygon","coordinates":[[[650.3128571428571,1006.0535714285713],[665.0966666666667,1006.0535714285713],[665.0966666666667,1018.9464285714287],[650.3128571428571,1018.9464285714287],[650.3128571428571,1006.0535714285713]]]}},{"type":"Feature","id":"P1542","properties":{"id":"P1542","layer":"ordinary_parcel","zoneId":"UF08","blockId":"B078","compatibleForms":["U01","U04","U03","U02"]},"geometry":{"type":"Polygon","coordinates":[[[619.1890476190476,1019.625],[633.9728571428573,1019.625],[633.9728571428573,1032.517857142857],[619.1890476190476,1032.517857142857],[619.1890476190476,1019.625]]]}},{"type":"Feature","id":"P1543","properties":{"id":"P1543","layer":"ordinary_parcel","zoneId":"UF08","blockId":"B078","compatibleForms":["U01","U04","U03","U02"]},"geometry":{"type":"Polygon","coordinates":[[[634.7509523809524,1019.625],[649.5347619047619,1019.625],[649.5347619047619,1032.517857142857],[634.7509523809524,1032.517857142857],[634.7509523809524,1019.625]]]}},{"type":"Feature","id":"P1544","properties":{"id":"P1544","layer":"ordinary_parcel","zoneId":"UF08","blockId":"B078","compatibleForms":["U01","U04","U03","U02"]},"geometry":{"type":"Polygon","coordinates":[[[650.3128571428571,1019.625],[665.0966666666667,1019.625],[665.0966666666667,1032.517857142857],[650.3128571428571,1032.517857142857],[650.3128571428571,1019.625]]]}},{"type":"Feature","id":"P1545","properties":{"id":"P1545","layer":"ordinary_parcel","zoneId":"UF08","blockId":"B078","compatibleForms":["U01","U04","U03","U02"]},"geometry":{"type":"Polygon","coordinates":[[[619.1890476190476,1033.1964285714287],[633.9728571428573,1033.1964285714287],[633.9728571428573,1046.0892857142856],[619.1890476190476,1046.0892857142856],[619.1890476190476,1033.1964285714287]]]}},{"type":"Feature","id":"P1546","properties":{"id":"P1546","layer":"ordinary_parcel","zoneId":"UF08","blockId":"B078","compatibleForms":["U01","U04","U03","U02"]},"geometry":{"type":"Polygon","coordinates":[[[634.7509523809524,1033.1964285714287],[649.5347619047619,1033.1964285714287],[649.5347619047619,1046.0892857142856],[634.7509523809524,1046.0892857142856],[634.7509523809524,1033.1964285714287]]]}},{"type":"Feature","id":"P1547","properties":{"id":"P1547","layer":"ordinary_parcel","zoneId":"UF08","blockId":"B078","compatibleForms":["U01","U04","U03","U02"]},"geometry":{"type":"Polygon","coordinates":[[[650.3128571428571,1033.1964285714287],[665.0966666666667,1033.1964285714287],[665.0966666666667,1046.0892857142856],[650.3128571428571,1046.0892857142856],[650.3128571428571,1033.1964285714287]]]}},{"type":"Feature","id":"P1548","properties":{"id":"P1548","layer":"ordinary_parcel","zoneId":"UF08","blockId":"B078","compatibleForms":["U01","U04","U03","U02"]},"geometry":{"type":"Polygon","coordinates":[[[619.1890476190476,1046.767857142857],[633.9728571428573,1046.767857142857],[633.9728571428573,1059.6607142857142],[619.1890476190476,1059.6607142857142],[619.1890476190476,1046.767857142857]]]}},{"type":"Feature","id":"P1549","properties":{"id":"P1549","layer":"ordinary_parcel","zoneId":"UF08","blockId":"B078","compatibleForms":["U01","U04","U03","U02"]},"geometry":{"type":"Polygon","coordinates":[[[634.7509523809524,1046.767857142857],[649.5347619047619,1046.767857142857],[649.5347619047619,1059.6607142857142],[634.7509523809524,1059.6607142857142],[634.7509523809524,1046.767857142857]]]}},{"type":"Feature","id":"P1550","properties":{"id":"P1550","layer":"ordinary_parcel","zoneId":"UF08","blockId":"B078","compatibleForms":["U01","U04","U03","U02"]},"geometry":{"type":"Polygon","coordinates":[[[650.3128571428571,1046.767857142857],[665.0966666666667,1046.767857142857],[665.0966666666667,1059.6607142857142],[650.3128571428571,1059.6607142857142],[650.3128571428571,1046.767857142857]]]}},{"type":"Feature","id":"B079","properties":{"id":"B079","layer":"block_cluster","zoneId":"UF08","sequenceInZone":9},"geometry":{"type":"Polygon","coordinates":[[[680.2285714285715,965],[726.9142857142856,965],[726.9142857142856,1060],[680.2285714285715,1060],[680.2285714285715,965]]]}},{"type":"Feature","id":"P1551","properties":{"id":"P1551","layer":"ordinary_parcel","zoneId":"UF08","blockId":"B079","compatibleForms":["U01","U04","U03","U02"]},"geometry":{"type":"Polygon","coordinates":[[[680.5203571428573,965.3392857142857],[691.6082142857143,965.3392857142857],[691.6082142857143,978.2321428571429],[680.5203571428573,978.2321428571429],[680.5203571428573,965.3392857142857]]]}},{"type":"Feature","id":"P1552","properties":{"id":"P1552","layer":"ordinary_parcel","zoneId":"UF08","blockId":"B079","compatibleForms":["U01","U04","U03","U02"]},"geometry":{"type":"Polygon","coordinates":[[[692.1917857142859,965.3392857142857],[703.2796428571428,965.3392857142857],[703.2796428571428,978.2321428571429],[692.1917857142859,978.2321428571429],[692.1917857142859,965.3392857142857]]]}},{"type":"Feature","id":"P1553","properties":{"id":"P1553","layer":"ordinary_parcel","zoneId":"UF08","blockId":"B079","compatibleForms":["U01","U04","U03","U02"]},"geometry":{"type":"Polygon","coordinates":[[[703.8632142857143,965.3392857142857],[714.9510714285713,965.3392857142857],[714.9510714285713,978.2321428571429],[703.8632142857143,978.2321428571429],[703.8632142857143,965.3392857142857]]]}},{"type":"Feature","id":"P1554","properties":{"id":"P1554","layer":"ordinary_parcel","zoneId":"UF08","blockId":"B079","compatibleForms":["U01","U04","U03","U02"]},"geometry":{"type":"Polygon","coordinates":[[[715.5346428571428,965.3392857142857],[726.6224999999998,965.3392857142857],[726.6224999999998,978.2321428571429],[715.5346428571428,978.2321428571429],[715.5346428571428,965.3392857142857]]]}},{"type":"Feature","id":"P1555","properties":{"id":"P1555","layer":"ordinary_parcel","zoneId":"UF08","blockId":"B079","compatibleForms":["U01","U04","U03","U02"]},"geometry":{"type":"Polygon","coordinates":[[[680.5203571428573,978.9107142857142],[691.6082142857143,978.9107142857142],[691.6082142857143,991.8035714285714],[680.5203571428573,991.8035714285714],[680.5203571428573,978.9107142857142]]]}},{"type":"Feature","id":"P1556","properties":{"id":"P1556","layer":"ordinary_parcel","zoneId":"UF08","blockId":"B079","compatibleForms":["U01","U04","U03","U02"]},"geometry":{"type":"Polygon","coordinates":[[[692.1917857142859,978.9107142857142],[703.2796428571428,978.9107142857142],[703.2796428571428,991.8035714285714],[692.1917857142859,991.8035714285714],[692.1917857142859,978.9107142857142]]]}},{"type":"Feature","id":"P1557","properties":{"id":"P1557","layer":"ordinary_parcel","zoneId":"UF08","blockId":"B079","compatibleForms":["U01","U04","U03","U02"]},"geometry":{"type":"Polygon","coordinates":[[[703.8632142857143,978.9107142857142],[714.9510714285713,978.9107142857142],[714.9510714285713,991.8035714285714],[703.8632142857143,991.8035714285714],[703.8632142857143,978.9107142857142]]]}},{"type":"Feature","id":"P1558","properties":{"id":"P1558","layer":"ordinary_parcel","zoneId":"UF08","blockId":"B079","compatibleForms":["U01","U04","U03","U02"]},"geometry":{"type":"Polygon","coordinates":[[[715.5346428571428,978.9107142857142],[726.6224999999998,978.9107142857142],[726.6224999999998,991.8035714285714],[715.5346428571428,991.8035714285714],[715.5346428571428,978.9107142857142]]]}},{"type":"Feature","id":"P1559","properties":{"id":"P1559","layer":"ordinary_parcel","zoneId":"UF08","blockId":"B079","compatibleForms":["U01","U04","U03","U02"]},"geometry":{"type":"Polygon","coordinates":[[[680.6176190476191,992.4821428571428],[695.4014285714286,992.4821428571428],[695.4014285714286,1005.375],[680.6176190476191,1005.375],[680.6176190476191,992.4821428571428]]]}},{"type":"Feature","id":"P1560","properties":{"id":"P1560","layer":"ordinary_parcel","zoneId":"UF08","blockId":"B079","compatibleForms":["U01","U04","U03","U02"]},"geometry":{"type":"Polygon","coordinates":[[[696.1795238095237,992.4821428571428],[710.9633333333334,992.4821428571428],[710.9633333333334,1005.375],[696.1795238095237,1005.375],[696.1795238095237,992.4821428571428]]]}},{"type":"Feature","id":"P1561","properties":{"id":"P1561","layer":"ordinary_parcel","zoneId":"UF08","blockId":"B079","compatibleForms":["U01","U04","U03","U02"]},"geometry":{"type":"Polygon","coordinates":[[[711.7414285714285,992.4821428571428],[726.525238095238,992.4821428571428],[726.525238095238,1005.375],[711.7414285714285,1005.375],[711.7414285714285,992.4821428571428]]]}},{"type":"Feature","id":"P1562","properties":{"id":"P1562","layer":"ordinary_parcel","zoneId":"UF08","blockId":"B079","compatibleForms":["U01","U04","U03","U02"]},"geometry":{"type":"Polygon","coordinates":[[[680.6176190476191,1006.0535714285713],[695.4014285714286,1006.0535714285713],[695.4014285714286,1018.9464285714287],[680.6176190476191,1018.9464285714287],[680.6176190476191,1006.0535714285713]]]}},{"type":"Feature","id":"P1563","properties":{"id":"P1563","layer":"ordinary_parcel","zoneId":"UF08","blockId":"B079","compatibleForms":["U01","U04","U03","U02"]},"geometry":{"type":"Polygon","coordinates":[[[696.1795238095237,1006.0535714285713],[710.9633333333334,1006.0535714285713],[710.9633333333334,1018.9464285714287],[696.1795238095237,1018.9464285714287],[696.1795238095237,1006.0535714285713]]]}},{"type":"Feature","id":"P1564","properties":{"id":"P1564","layer":"ordinary_parcel","zoneId":"UF08","blockId":"B079","compatibleForms":["U01","U04","U03","U02"]},"geometry":{"type":"Polygon","coordinates":[[[711.7414285714285,1006.0535714285713],[726.525238095238,1006.0535714285713],[726.525238095238,1018.9464285714287],[711.7414285714285,1018.9464285714287],[711.7414285714285,1006.0535714285713]]]}},{"type":"Feature","id":"P1565","properties":{"id":"P1565","layer":"ordinary_parcel","zoneId":"UF08","blockId":"B079","compatibleForms":["U01","U04","U03","U02"]},"geometry":{"type":"Polygon","coordinates":[[[680.6176190476191,1019.625],[695.4014285714286,1019.625],[695.4014285714286,1032.517857142857],[680.6176190476191,1032.517857142857],[680.6176190476191,1019.625]]]}},{"type":"Feature","id":"P1566","properties":{"id":"P1566","layer":"ordinary_parcel","zoneId":"UF08","blockId":"B079","compatibleForms":["U01","U04","U03","U02"]},"geometry":{"type":"Polygon","coordinates":[[[696.1795238095237,1019.625],[710.9633333333334,1019.625],[710.9633333333334,1032.517857142857],[696.1795238095237,1032.517857142857],[696.1795238095237,1019.625]]]}},{"type":"Feature","id":"P1567","properties":{"id":"P1567","layer":"ordinary_parcel","zoneId":"UF08","blockId":"B079","compatibleForms":["U01","U04","U03","U02"]},"geometry":{"type":"Polygon","coordinates":[[[711.7414285714285,1019.625],[726.525238095238,1019.625],[726.525238095238,1032.517857142857],[711.7414285714285,1032.517857142857],[711.7414285714285,1019.625]]]}},{"type":"Feature","id":"P1568","properties":{"id":"P1568","layer":"ordinary_parcel","zoneId":"UF08","blockId":"B079","compatibleForms":["U01","U04","U03","U02"]},"geometry":{"type":"Polygon","coordinates":[[[680.6176190476191,1033.1964285714287],[695.4014285714286,1033.1964285714287],[695.4014285714286,1046.0892857142856],[680.6176190476191,1046.0892857142856],[680.6176190476191,1033.1964285714287]]]}},{"type":"Feature","id":"P1569","properties":{"id":"P1569","layer":"ordinary_parcel","zoneId":"UF08","blockId":"B079","compatibleForms":["U01","U04","U03","U02"]},"geometry":{"type":"Polygon","coordinates":[[[696.1795238095237,1033.1964285714287],[710.9633333333334,1033.1964285714287],[710.9633333333334,1046.0892857142856],[696.1795238095237,1046.0892857142856],[696.1795238095237,1033.1964285714287]]]}},{"type":"Feature","id":"P1570","properties":{"id":"P1570","layer":"ordinary_parcel","zoneId":"UF08","blockId":"B079","compatibleForms":["U01","U04","U03","U02"]},"geometry":{"type":"Polygon","coordinates":[[[711.7414285714285,1033.1964285714287],[726.525238095238,1033.1964285714287],[726.525238095238,1046.0892857142856],[711.7414285714285,1046.0892857142856],[711.7414285714285,1033.1964285714287]]]}},{"type":"Feature","id":"P1571","properties":{"id":"P1571","layer":"ordinary_parcel","zoneId":"UF08","blockId":"B079","compatibleForms":["U01","U04","U03","U02"]},"geometry":{"type":"Polygon","coordinates":[[[680.6176190476191,1046.767857142857],[695.4014285714286,1046.767857142857],[695.4014285714286,1059.6607142857142],[680.6176190476191,1059.6607142857142],[680.6176190476191,1046.767857142857]]]}},{"type":"Feature","id":"P1572","properties":{"id":"P1572","layer":"ordinary_parcel","zoneId":"UF08","blockId":"B079","compatibleForms":["U01","U04","U03","U02"]},"geometry":{"type":"Polygon","coordinates":[[[696.1795238095237,1046.767857142857],[710.9633333333334,1046.767857142857],[710.9633333333334,1059.6607142857142],[696.1795238095237,1059.6607142857142],[696.1795238095237,1046.767857142857]]]}},{"type":"Feature","id":"P1573","properties":{"id":"P1573","layer":"ordinary_parcel","zoneId":"UF08","blockId":"B079","compatibleForms":["U01","U04","U03","U02"]},"geometry":{"type":"Polygon","coordinates":[[[711.7414285714285,1046.767857142857],[726.525238095238,1046.767857142857],[726.525238095238,1059.6607142857142],[711.7414285714285,1059.6607142857142],[711.7414285714285,1046.767857142857]]]}},{"type":"Feature","id":"B080","properties":{"id":"B080","layer":"block_cluster","zoneId":"UF08","sequenceInZone":10},"geometry":{"type":"Polygon","coordinates":[[[741.6571428571428,965],[788.3428571428572,965],[788.3428571428572,1060],[741.6571428571428,1060],[741.6571428571428,965]]]}},{"type":"Feature","id":"P1574","properties":{"id":"P1574","layer":"ordinary_parcel","zoneId":"UF08","blockId":"B080","compatibleForms":["U01","U04","U03","U02"]},"geometry":{"type":"Polygon","coordinates":[[[741.9489285714286,965.3392857142857],[753.0367857142857,965.3392857142857],[753.0367857142857,978.2321428571429],[741.9489285714286,978.2321428571429],[741.9489285714286,965.3392857142857]]]}},{"type":"Feature","id":"P1575","properties":{"id":"P1575","layer":"ordinary_parcel","zoneId":"UF08","blockId":"B080","compatibleForms":["U01","U04","U03","U02"]},"geometry":{"type":"Polygon","coordinates":[[[753.6203571428572,965.3392857142857],[764.7082142857142,965.3392857142857],[764.7082142857142,978.2321428571429],[753.6203571428572,978.2321428571429],[753.6203571428572,965.3392857142857]]]}},{"type":"Feature","id":"P1576","properties":{"id":"P1576","layer":"ordinary_parcel","zoneId":"UF08","blockId":"B080","compatibleForms":["U01","U04","U03","U02"]},"geometry":{"type":"Polygon","coordinates":[[[765.2917857142858,965.3392857142857],[776.3796428571428,965.3392857142857],[776.3796428571428,978.2321428571429],[765.2917857142858,978.2321428571429],[765.2917857142858,965.3392857142857]]]}},{"type":"Feature","id":"P1577","properties":{"id":"P1577","layer":"ordinary_parcel","zoneId":"UF08","blockId":"B080","compatibleForms":["U01","U04","U03","U02"]},"geometry":{"type":"Polygon","coordinates":[[[776.9632142857143,965.3392857142857],[788.0510714285714,965.3392857142857],[788.0510714285714,978.2321428571429],[776.9632142857143,978.2321428571429],[776.9632142857143,965.3392857142857]]]}},{"type":"Feature","id":"P1578","properties":{"id":"P1578","layer":"ordinary_parcel","zoneId":"UF08","blockId":"B080","compatibleForms":["U01","U04","U03","U02"]},"geometry":{"type":"Polygon","coordinates":[[[741.9489285714286,978.9107142857142],[753.0367857142857,978.9107142857142],[753.0367857142857,991.8035714285714],[741.9489285714286,991.8035714285714],[741.9489285714286,978.9107142857142]]]}},{"type":"Feature","id":"P1579","properties":{"id":"P1579","layer":"ordinary_parcel","zoneId":"UF08","blockId":"B080","compatibleForms":["U01","U04","U03","U02"]},"geometry":{"type":"Polygon","coordinates":[[[753.6203571428572,978.9107142857142],[764.7082142857142,978.9107142857142],[764.7082142857142,991.8035714285714],[753.6203571428572,991.8035714285714],[753.6203571428572,978.9107142857142]]]}},{"type":"Feature","id":"P1580","properties":{"id":"P1580","layer":"ordinary_parcel","zoneId":"UF08","blockId":"B080","compatibleForms":["U01","U04","U03","U02"]},"geometry":{"type":"Polygon","coordinates":[[[765.2917857142858,978.9107142857142],[776.3796428571428,978.9107142857142],[776.3796428571428,991.8035714285714],[765.2917857142858,991.8035714285714],[765.2917857142858,978.9107142857142]]]}},{"type":"Feature","id":"P1581","properties":{"id":"P1581","layer":"ordinary_parcel","zoneId":"UF08","blockId":"B080","compatibleForms":["U01","U04","U03","U02"]},"geometry":{"type":"Polygon","coordinates":[[[776.9632142857143,978.9107142857142],[788.0510714285714,978.9107142857142],[788.0510714285714,991.8035714285714],[776.9632142857143,991.8035714285714],[776.9632142857143,978.9107142857142]]]}},{"type":"Feature","id":"P1582","properties":{"id":"P1582","layer":"ordinary_parcel","zoneId":"UF08","blockId":"B080","compatibleForms":["U01","U04","U03","U02"]},"geometry":{"type":"Polygon","coordinates":[[[742.0461904761904,992.4821428571428],[756.83,992.4821428571428],[756.83,1005.375],[742.0461904761904,1005.375],[742.0461904761904,992.4821428571428]]]}},{"type":"Feature","id":"P1583","properties":{"id":"P1583","layer":"ordinary_parcel","zoneId":"UF08","blockId":"B080","compatibleForms":["U01","U04","U03","U02"]},"geometry":{"type":"Polygon","coordinates":[[[757.6080952380952,992.4821428571428],[772.3919047619048,992.4821428571428],[772.3919047619048,1005.375],[757.6080952380952,1005.375],[757.6080952380952,992.4821428571428]]]}},{"type":"Feature","id":"P1584","properties":{"id":"P1584","layer":"ordinary_parcel","zoneId":"UF08","blockId":"B080","compatibleForms":["U01","U04","U03","U02"]},"geometry":{"type":"Polygon","coordinates":[[[773.17,992.4821428571428],[787.9538095238096,992.4821428571428],[787.9538095238096,1005.375],[773.17,1005.375],[773.17,992.4821428571428]]]}},{"type":"Feature","id":"P1585","properties":{"id":"P1585","layer":"ordinary_parcel","zoneId":"UF08","blockId":"B080","compatibleForms":["U01","U04","U03","U02"]},"geometry":{"type":"Polygon","coordinates":[[[742.0461904761904,1006.0535714285713],[756.83,1006.0535714285713],[756.83,1018.9464285714287],[742.0461904761904,1018.9464285714287],[742.0461904761904,1006.0535714285713]]]}},{"type":"Feature","id":"P1586","properties":{"id":"P1586","layer":"ordinary_parcel","zoneId":"UF08","blockId":"B080","compatibleForms":["U01","U04","U03","U02"]},"geometry":{"type":"Polygon","coordinates":[[[757.6080952380952,1006.0535714285713],[772.3919047619048,1006.0535714285713],[772.3919047619048,1018.9464285714287],[757.6080952380952,1018.9464285714287],[757.6080952380952,1006.0535714285713]]]}},{"type":"Feature","id":"P1587","properties":{"id":"P1587","layer":"ordinary_parcel","zoneId":"UF08","blockId":"B080","compatibleForms":["U01","U04","U03","U02"]},"geometry":{"type":"Polygon","coordinates":[[[773.17,1006.0535714285713],[787.9538095238096,1006.0535714285713],[787.9538095238096,1018.9464285714287],[773.17,1018.9464285714287],[773.17,1006.0535714285713]]]}},{"type":"Feature","id":"P1588","properties":{"id":"P1588","layer":"ordinary_parcel","zoneId":"UF08","blockId":"B080","compatibleForms":["U01","U04","U03","U02"]},"geometry":{"type":"Polygon","coordinates":[[[742.0461904761904,1019.625],[756.83,1019.625],[756.83,1032.517857142857],[742.0461904761904,1032.517857142857],[742.0461904761904,1019.625]]]}},{"type":"Feature","id":"P1589","properties":{"id":"P1589","layer":"ordinary_parcel","zoneId":"UF08","blockId":"B080","compatibleForms":["U01","U04","U03","U02"]},"geometry":{"type":"Polygon","coordinates":[[[757.6080952380952,1019.625],[772.3919047619048,1019.625],[772.3919047619048,1032.517857142857],[757.6080952380952,1032.517857142857],[757.6080952380952,1019.625]]]}},{"type":"Feature","id":"P1590","properties":{"id":"P1590","layer":"ordinary_parcel","zoneId":"UF08","blockId":"B080","compatibleForms":["U01","U04","U03","U02"]},"geometry":{"type":"Polygon","coordinates":[[[773.17,1019.625],[787.9538095238096,1019.625],[787.9538095238096,1032.517857142857],[773.17,1032.517857142857],[773.17,1019.625]]]}},{"type":"Feature","id":"P1591","properties":{"id":"P1591","layer":"ordinary_parcel","zoneId":"UF08","blockId":"B080","compatibleForms":["U01","U04","U03","U02"]},"geometry":{"type":"Polygon","coordinates":[[[742.0461904761904,1033.1964285714287],[756.83,1033.1964285714287],[756.83,1046.0892857142856],[742.0461904761904,1046.0892857142856],[742.0461904761904,1033.1964285714287]]]}},{"type":"Feature","id":"P1592","properties":{"id":"P1592","layer":"ordinary_parcel","zoneId":"UF08","blockId":"B080","compatibleForms":["U01","U04","U03","U02"]},"geometry":{"type":"Polygon","coordinates":[[[757.6080952380952,1033.1964285714287],[772.3919047619048,1033.1964285714287],[772.3919047619048,1046.0892857142856],[757.6080952380952,1046.0892857142856],[757.6080952380952,1033.1964285714287]]]}},{"type":"Feature","id":"P1593","properties":{"id":"P1593","layer":"ordinary_parcel","zoneId":"UF08","blockId":"B080","compatibleForms":["U01","U04","U03","U02"]},"geometry":{"type":"Polygon","coordinates":[[[773.17,1033.1964285714287],[787.9538095238096,1033.1964285714287],[787.9538095238096,1046.0892857142856],[773.17,1046.0892857142856],[773.17,1033.1964285714287]]]}},{"type":"Feature","id":"P1594","properties":{"id":"P1594","layer":"ordinary_parcel","zoneId":"UF08","blockId":"B080","compatibleForms":["U01","U04","U03","U02"]},"geometry":{"type":"Polygon","coordinates":[[[742.0461904761904,1046.767857142857],[756.83,1046.767857142857],[756.83,1059.6607142857142],[742.0461904761904,1059.6607142857142],[742.0461904761904,1046.767857142857]]]}},{"type":"Feature","id":"P1595","properties":{"id":"P1595","layer":"ordinary_parcel","zoneId":"UF08","blockId":"B080","compatibleForms":["U01","U04","U03","U02"]},"geometry":{"type":"Polygon","coordinates":[[[757.6080952380952,1046.767857142857],[772.3919047619048,1046.767857142857],[772.3919047619048,1059.6607142857142],[757.6080952380952,1059.6607142857142],[757.6080952380952,1046.767857142857]]]}},{"type":"Feature","id":"P1596","properties":{"id":"P1596","layer":"ordinary_parcel","zoneId":"UF08","blockId":"B080","compatibleForms":["U01","U04","U03","U02"]},"geometry":{"type":"Polygon","coordinates":[[[773.17,1046.767857142857],[787.9538095238096,1046.767857142857],[787.9538095238096,1059.6607142857142],[773.17,1059.6607142857142],[773.17,1046.767857142857]]]}},{"type":"Feature","id":"B081","properties":{"id":"B081","layer":"block_cluster","zoneId":"UF08","sequenceInZone":11},"geometry":{"type":"Polygon","coordinates":[[[803.0857142857144,965],[849.7714285714285,965],[849.7714285714285,1060],[803.0857142857144,1060],[803.0857142857144,965]]]}},{"type":"Feature","id":"P1597","properties":{"id":"P1597","layer":"ordinary_parcel","zoneId":"UF08","blockId":"B081","compatibleForms":["U01","U04","U03","U02"]},"geometry":{"type":"Polygon","coordinates":[[[803.3775000000002,965.3392857142857],[814.4653571428572,965.3392857142857],[814.4653571428572,978.2321428571429],[803.3775000000002,978.2321428571429],[803.3775000000002,965.3392857142857]]]}},{"type":"Feature","id":"P1598","properties":{"id":"P1598","layer":"ordinary_parcel","zoneId":"UF08","blockId":"B081","compatibleForms":["U01","U04","U03","U02"]},"geometry":{"type":"Polygon","coordinates":[[[815.0489285714287,965.3392857142857],[826.1367857142857,965.3392857142857],[826.1367857142857,978.2321428571429],[815.0489285714287,978.2321428571429],[815.0489285714287,965.3392857142857]]]}},{"type":"Feature","id":"P1599","properties":{"id":"P1599","layer":"ordinary_parcel","zoneId":"UF08","blockId":"B081","compatibleForms":["U01","U04","U03","U02"]},"geometry":{"type":"Polygon","coordinates":[[[826.7203571428572,965.3392857142857],[837.8082142857141,965.3392857142857],[837.8082142857141,978.2321428571429],[826.7203571428572,978.2321428571429],[826.7203571428572,965.3392857142857]]]}},{"type":"Feature","id":"P1600","properties":{"id":"P1600","layer":"ordinary_parcel","zoneId":"UF08","blockId":"B081","compatibleForms":["U01","U04","U03","U02"]},"geometry":{"type":"Polygon","coordinates":[[[838.3917857142857,965.3392857142857],[849.4796428571427,965.3392857142857],[849.4796428571427,978.2321428571429],[838.3917857142857,978.2321428571429],[838.3917857142857,965.3392857142857]]]}},{"type":"Feature","id":"P1601","properties":{"id":"P1601","layer":"ordinary_parcel","zoneId":"UF08","blockId":"B081","compatibleForms":["U01","U04","U03","U02"]},"geometry":{"type":"Polygon","coordinates":[[[803.3775000000002,978.9107142857142],[814.4653571428572,978.9107142857142],[814.4653571428572,991.8035714285714],[803.3775000000002,991.8035714285714],[803.3775000000002,978.9107142857142]]]}},{"type":"Feature","id":"P1602","properties":{"id":"P1602","layer":"ordinary_parcel","zoneId":"UF08","blockId":"B081","compatibleForms":["U01","U04","U03","U02"]},"geometry":{"type":"Polygon","coordinates":[[[815.0489285714287,978.9107142857142],[826.1367857142857,978.9107142857142],[826.1367857142857,991.8035714285714],[815.0489285714287,991.8035714285714],[815.0489285714287,978.9107142857142]]]}},{"type":"Feature","id":"P1603","properties":{"id":"P1603","layer":"ordinary_parcel","zoneId":"UF08","blockId":"B081","compatibleForms":["U01","U04","U03","U02"]},"geometry":{"type":"Polygon","coordinates":[[[826.7203571428572,978.9107142857142],[837.8082142857141,978.9107142857142],[837.8082142857141,991.8035714285714],[826.7203571428572,991.8035714285714],[826.7203571428572,978.9107142857142]]]}},{"type":"Feature","id":"P1604","properties":{"id":"P1604","layer":"ordinary_parcel","zoneId":"UF08","blockId":"B081","compatibleForms":["U01","U04","U03","U02"]},"geometry":{"type":"Polygon","coordinates":[[[838.3917857142857,978.9107142857142],[849.4796428571427,978.9107142857142],[849.4796428571427,991.8035714285714],[838.3917857142857,991.8035714285714],[838.3917857142857,978.9107142857142]]]}},{"type":"Feature","id":"P1605","properties":{"id":"P1605","layer":"ordinary_parcel","zoneId":"UF08","blockId":"B081","compatibleForms":["U01","U04","U03","U02"]},"geometry":{"type":"Polygon","coordinates":[[[803.474761904762,992.4821428571428],[818.2585714285715,992.4821428571428],[818.2585714285715,1005.375],[803.474761904762,1005.375],[803.474761904762,992.4821428571428]]]}},{"type":"Feature","id":"P1606","properties":{"id":"P1606","layer":"ordinary_parcel","zoneId":"UF08","blockId":"B081","compatibleForms":["U01","U04","U03","U02"]},"geometry":{"type":"Polygon","coordinates":[[[819.0366666666666,992.4821428571428],[833.8204761904763,992.4821428571428],[833.8204761904763,1005.375],[819.0366666666666,1005.375],[819.0366666666666,992.4821428571428]]]}},{"type":"Feature","id":"P1607","properties":{"id":"P1607","layer":"ordinary_parcel","zoneId":"UF08","blockId":"B081","compatibleForms":["U01","U04","U03","U02"]},"geometry":{"type":"Polygon","coordinates":[[[834.5985714285714,992.4821428571428],[849.3823809523809,992.4821428571428],[849.3823809523809,1005.375],[834.5985714285714,1005.375],[834.5985714285714,992.4821428571428]]]}},{"type":"Feature","id":"P1608","properties":{"id":"P1608","layer":"ordinary_parcel","zoneId":"UF08","blockId":"B081","compatibleForms":["U01","U04","U03","U02"]},"geometry":{"type":"Polygon","coordinates":[[[803.474761904762,1006.0535714285713],[818.2585714285715,1006.0535714285713],[818.2585714285715,1018.9464285714287],[803.474761904762,1018.9464285714287],[803.474761904762,1006.0535714285713]]]}},{"type":"Feature","id":"P1609","properties":{"id":"P1609","layer":"ordinary_parcel","zoneId":"UF08","blockId":"B081","compatibleForms":["U01","U04","U03","U02"]},"geometry":{"type":"Polygon","coordinates":[[[819.0366666666666,1006.0535714285713],[833.8204761904763,1006.0535714285713],[833.8204761904763,1018.9464285714287],[819.0366666666666,1018.9464285714287],[819.0366666666666,1006.0535714285713]]]}},{"type":"Feature","id":"P1610","properties":{"id":"P1610","layer":"ordinary_parcel","zoneId":"UF08","blockId":"B081","compatibleForms":["U01","U04","U03","U02"]},"geometry":{"type":"Polygon","coordinates":[[[834.5985714285714,1006.0535714285713],[849.3823809523809,1006.0535714285713],[849.3823809523809,1018.9464285714287],[834.5985714285714,1018.9464285714287],[834.5985714285714,1006.0535714285713]]]}},{"type":"Feature","id":"P1611","properties":{"id":"P1611","layer":"ordinary_parcel","zoneId":"UF08","blockId":"B081","compatibleForms":["U01","U04","U03","U02"]},"geometry":{"type":"Polygon","coordinates":[[[803.474761904762,1019.625],[818.2585714285715,1019.625],[818.2585714285715,1032.517857142857],[803.474761904762,1032.517857142857],[803.474761904762,1019.625]]]}},{"type":"Feature","id":"P1612","properties":{"id":"P1612","layer":"ordinary_parcel","zoneId":"UF08","blockId":"B081","compatibleForms":["U01","U04","U03","U02"]},"geometry":{"type":"Polygon","coordinates":[[[819.0366666666666,1019.625],[833.8204761904763,1019.625],[833.8204761904763,1032.517857142857],[819.0366666666666,1032.517857142857],[819.0366666666666,1019.625]]]}},{"type":"Feature","id":"P1613","properties":{"id":"P1613","layer":"ordinary_parcel","zoneId":"UF08","blockId":"B081","compatibleForms":["U01","U04","U03","U02"]},"geometry":{"type":"Polygon","coordinates":[[[834.5985714285714,1019.625],[849.3823809523809,1019.625],[849.3823809523809,1032.517857142857],[834.5985714285714,1032.517857142857],[834.5985714285714,1019.625]]]}},{"type":"Feature","id":"P1614","properties":{"id":"P1614","layer":"ordinary_parcel","zoneId":"UF08","blockId":"B081","compatibleForms":["U01","U04","U03","U02"]},"geometry":{"type":"Polygon","coordinates":[[[803.474761904762,1033.1964285714287],[818.2585714285715,1033.1964285714287],[818.2585714285715,1046.0892857142856],[803.474761904762,1046.0892857142856],[803.474761904762,1033.1964285714287]]]}},{"type":"Feature","id":"P1615","properties":{"id":"P1615","layer":"ordinary_parcel","zoneId":"UF08","blockId":"B081","compatibleForms":["U01","U04","U03","U02"]},"geometry":{"type":"Polygon","coordinates":[[[819.0366666666666,1033.1964285714287],[833.8204761904763,1033.1964285714287],[833.8204761904763,1046.0892857142856],[819.0366666666666,1046.0892857142856],[819.0366666666666,1033.1964285714287]]]}},{"type":"Feature","id":"P1616","properties":{"id":"P1616","layer":"ordinary_parcel","zoneId":"UF08","blockId":"B081","compatibleForms":["U01","U04","U03","U02"]},"geometry":{"type":"Polygon","coordinates":[[[834.5985714285714,1033.1964285714287],[849.3823809523809,1033.1964285714287],[849.3823809523809,1046.0892857142856],[834.5985714285714,1046.0892857142856],[834.5985714285714,1033.1964285714287]]]}},{"type":"Feature","id":"P1617","properties":{"id":"P1617","layer":"ordinary_parcel","zoneId":"UF08","blockId":"B081","compatibleForms":["U01","U04","U03","U02"]},"geometry":{"type":"Polygon","coordinates":[[[803.474761904762,1046.767857142857],[818.2585714285715,1046.767857142857],[818.2585714285715,1059.6607142857142],[803.474761904762,1059.6607142857142],[803.474761904762,1046.767857142857]]]}},{"type":"Feature","id":"P1618","properties":{"id":"P1618","layer":"ordinary_parcel","zoneId":"UF08","blockId":"B081","compatibleForms":["U01","U04","U03","U02"]},"geometry":{"type":"Polygon","coordinates":[[[819.0366666666666,1046.767857142857],[833.8204761904763,1046.767857142857],[833.8204761904763,1059.6607142857142],[819.0366666666666,1059.6607142857142],[819.0366666666666,1046.767857142857]]]}},{"type":"Feature","id":"P1619","properties":{"id":"P1619","layer":"ordinary_parcel","zoneId":"UF08","blockId":"B081","compatibleForms":["U01","U04","U03","U02"]},"geometry":{"type":"Polygon","coordinates":[[[834.5985714285714,1046.767857142857],[849.3823809523809,1046.767857142857],[849.3823809523809,1059.6607142857142],[834.5985714285714,1059.6607142857142],[834.5985714285714,1046.767857142857]]]}},{"type":"Feature","id":"B082","properties":{"id":"B082","layer":"block_cluster","zoneId":"UF08","sequenceInZone":12},"geometry":{"type":"Polygon","coordinates":[[[864.5142857142857,965],[911.1999999999999,965],[911.1999999999999,1060],[864.5142857142857,1060],[864.5142857142857,965]]]}},{"type":"Feature","id":"P1620","properties":{"id":"P1620","layer":"ordinary_parcel","zoneId":"UF08","blockId":"B082","compatibleForms":["U01","U04","U03","U02"]},"geometry":{"type":"Polygon","coordinates":[[[864.8060714285715,965.3392857142857],[875.8939285714285,965.3392857142857],[875.8939285714285,978.2321428571429],[864.8060714285715,978.2321428571429],[864.8060714285715,965.3392857142857]]]}},{"type":"Feature","id":"P1621","properties":{"id":"P1621","layer":"ordinary_parcel","zoneId":"UF08","blockId":"B082","compatibleForms":["U01","U04","U03","U02"]},"geometry":{"type":"Polygon","coordinates":[[[876.4775000000001,965.3392857142857],[887.5653571428571,965.3392857142857],[887.5653571428571,978.2321428571429],[876.4775000000001,978.2321428571429],[876.4775000000001,965.3392857142857]]]}},{"type":"Feature","id":"P1622","properties":{"id":"P1622","layer":"ordinary_parcel","zoneId":"UF08","blockId":"B082","compatibleForms":["U01","U04","U03","U02"]},"geometry":{"type":"Polygon","coordinates":[[[888.1489285714287,965.3392857142857],[899.2367857142856,965.3392857142857],[899.2367857142856,978.2321428571429],[888.1489285714287,978.2321428571429],[888.1489285714287,965.3392857142857]]]}},{"type":"Feature","id":"P1623","properties":{"id":"P1623","layer":"ordinary_parcel","zoneId":"UF08","blockId":"B082","compatibleForms":["U01","U04","U03","U02"]},"geometry":{"type":"Polygon","coordinates":[[[899.8203571428571,965.3392857142857],[910.9082142857142,965.3392857142857],[910.9082142857142,978.2321428571429],[899.8203571428571,978.2321428571429],[899.8203571428571,965.3392857142857]]]}},{"type":"Feature","id":"P1624","properties":{"id":"P1624","layer":"ordinary_parcel","zoneId":"UF08","blockId":"B082","compatibleForms":["U01","U04","U03","U02"]},"geometry":{"type":"Polygon","coordinates":[[[864.8060714285715,978.9107142857142],[875.8939285714285,978.9107142857142],[875.8939285714285,991.8035714285714],[864.8060714285715,991.8035714285714],[864.8060714285715,978.9107142857142]]]}},{"type":"Feature","id":"P1625","properties":{"id":"P1625","layer":"ordinary_parcel","zoneId":"UF08","blockId":"B082","compatibleForms":["U01","U04","U03","U02"]},"geometry":{"type":"Polygon","coordinates":[[[876.4775000000001,978.9107142857142],[887.5653571428571,978.9107142857142],[887.5653571428571,991.8035714285714],[876.4775000000001,991.8035714285714],[876.4775000000001,978.9107142857142]]]}},{"type":"Feature","id":"P1626","properties":{"id":"P1626","layer":"ordinary_parcel","zoneId":"UF08","blockId":"B082","compatibleForms":["U01","U04","U03","U02"]},"geometry":{"type":"Polygon","coordinates":[[[888.1489285714287,978.9107142857142],[899.2367857142856,978.9107142857142],[899.2367857142856,991.8035714285714],[888.1489285714287,991.8035714285714],[888.1489285714287,978.9107142857142]]]}},{"type":"Feature","id":"P1627","properties":{"id":"P1627","layer":"ordinary_parcel","zoneId":"UF08","blockId":"B082","compatibleForms":["U01","U04","U03","U02"]},"geometry":{"type":"Polygon","coordinates":[[[899.8203571428571,978.9107142857142],[910.9082142857142,978.9107142857142],[910.9082142857142,991.8035714285714],[899.8203571428571,991.8035714285714],[899.8203571428571,978.9107142857142]]]}},{"type":"Feature","id":"P1628","properties":{"id":"P1628","layer":"ordinary_parcel","zoneId":"UF08","blockId":"B082","compatibleForms":["U01","U04","U03","U02"]},"geometry":{"type":"Polygon","coordinates":[[[864.9033333333333,992.4821428571428],[879.6871428571429,992.4821428571428],[879.6871428571429,1005.375],[864.9033333333333,1005.375],[864.9033333333333,992.4821428571428]]]}},{"type":"Feature","id":"P1629","properties":{"id":"P1629","layer":"ordinary_parcel","zoneId":"UF08","blockId":"B082","compatibleForms":["U01","U04","U03","U02"]},"geometry":{"type":"Polygon","coordinates":[[[880.4652380952381,992.4821428571428],[895.2490476190476,992.4821428571428],[895.2490476190476,1005.375],[880.4652380952381,1005.375],[880.4652380952381,992.4821428571428]]]}},{"type":"Feature","id":"P1630","properties":{"id":"P1630","layer":"ordinary_parcel","zoneId":"UF08","blockId":"B082","compatibleForms":["U01","U04","U03","U02"]},"geometry":{"type":"Polygon","coordinates":[[[896.0271428571427,992.4821428571428],[910.8109523809524,992.4821428571428],[910.8109523809524,1005.375],[896.0271428571427,1005.375],[896.0271428571427,992.4821428571428]]]}},{"type":"Feature","id":"P1631","properties":{"id":"P1631","layer":"ordinary_parcel","zoneId":"UF08","blockId":"B082","compatibleForms":["U01","U04","U03","U02"]},"geometry":{"type":"Polygon","coordinates":[[[864.9033333333333,1006.0535714285713],[879.6871428571429,1006.0535714285713],[879.6871428571429,1018.9464285714287],[864.9033333333333,1018.9464285714287],[864.9033333333333,1006.0535714285713]]]}},{"type":"Feature","id":"P1632","properties":{"id":"P1632","layer":"ordinary_parcel","zoneId":"UF08","blockId":"B082","compatibleForms":["U01","U04","U03","U02"]},"geometry":{"type":"Polygon","coordinates":[[[880.4652380952381,1006.0535714285713],[895.2490476190476,1006.0535714285713],[895.2490476190476,1018.9464285714287],[880.4652380952381,1018.9464285714287],[880.4652380952381,1006.0535714285713]]]}},{"type":"Feature","id":"P1633","properties":{"id":"P1633","layer":"ordinary_parcel","zoneId":"UF08","blockId":"B082","compatibleForms":["U01","U04","U03","U02"]},"geometry":{"type":"Polygon","coordinates":[[[896.0271428571427,1006.0535714285713],[910.8109523809524,1006.0535714285713],[910.8109523809524,1018.9464285714287],[896.0271428571427,1018.9464285714287],[896.0271428571427,1006.0535714285713]]]}},{"type":"Feature","id":"P1634","properties":{"id":"P1634","layer":"ordinary_parcel","zoneId":"UF08","blockId":"B082","compatibleForms":["U01","U04","U03","U02"]},"geometry":{"type":"Polygon","coordinates":[[[864.9033333333333,1019.625],[879.6871428571429,1019.625],[879.6871428571429,1032.517857142857],[864.9033333333333,1032.517857142857],[864.9033333333333,1019.625]]]}},{"type":"Feature","id":"P1635","properties":{"id":"P1635","layer":"ordinary_parcel","zoneId":"UF08","blockId":"B082","compatibleForms":["U01","U04","U03","U02"]},"geometry":{"type":"Polygon","coordinates":[[[880.4652380952381,1019.625],[895.2490476190476,1019.625],[895.2490476190476,1032.517857142857],[880.4652380952381,1032.517857142857],[880.4652380952381,1019.625]]]}},{"type":"Feature","id":"P1636","properties":{"id":"P1636","layer":"ordinary_parcel","zoneId":"UF08","blockId":"B082","compatibleForms":["U01","U04","U03","U02"]},"geometry":{"type":"Polygon","coordinates":[[[896.0271428571427,1019.625],[910.8109523809524,1019.625],[910.8109523809524,1032.517857142857],[896.0271428571427,1032.517857142857],[896.0271428571427,1019.625]]]}},{"type":"Feature","id":"P1637","properties":{"id":"P1637","layer":"ordinary_parcel","zoneId":"UF08","blockId":"B082","compatibleForms":["U01","U04","U03","U02"]},"geometry":{"type":"Polygon","coordinates":[[[864.9033333333333,1033.1964285714287],[879.6871428571429,1033.1964285714287],[879.6871428571429,1046.0892857142856],[864.9033333333333,1046.0892857142856],[864.9033333333333,1033.1964285714287]]]}},{"type":"Feature","id":"P1638","properties":{"id":"P1638","layer":"ordinary_parcel","zoneId":"UF08","blockId":"B082","compatibleForms":["U01","U04","U03","U02"]},"geometry":{"type":"Polygon","coordinates":[[[880.4652380952381,1033.1964285714287],[895.2490476190476,1033.1964285714287],[895.2490476190476,1046.0892857142856],[880.4652380952381,1046.0892857142856],[880.4652380952381,1033.1964285714287]]]}},{"type":"Feature","id":"P1639","properties":{"id":"P1639","layer":"ordinary_parcel","zoneId":"UF08","blockId":"B082","compatibleForms":["U01","U04","U03","U02"]},"geometry":{"type":"Polygon","coordinates":[[[896.0271428571427,1033.1964285714287],[910.8109523809524,1033.1964285714287],[910.8109523809524,1046.0892857142856],[896.0271428571427,1046.0892857142856],[896.0271428571427,1033.1964285714287]]]}},{"type":"Feature","id":"P1640","properties":{"id":"P1640","layer":"ordinary_parcel","zoneId":"UF08","blockId":"B082","compatibleForms":["U01","U04","U03","U02"]},"geometry":{"type":"Polygon","coordinates":[[[864.9033333333333,1046.767857142857],[879.6871428571429,1046.767857142857],[879.6871428571429,1059.6607142857142],[864.9033333333333,1059.6607142857142],[864.9033333333333,1046.767857142857]]]}},{"type":"Feature","id":"P1641","properties":{"id":"P1641","layer":"ordinary_parcel","zoneId":"UF08","blockId":"B082","compatibleForms":["U01","U04","U03","U02"]},"geometry":{"type":"Polygon","coordinates":[[[880.4652380952381,1046.767857142857],[895.2490476190476,1046.767857142857],[895.2490476190476,1059.6607142857142],[880.4652380952381,1059.6607142857142],[880.4652380952381,1046.767857142857]]]}},{"type":"Feature","id":"P1642","properties":{"id":"P1642","layer":"ordinary_parcel","zoneId":"UF08","blockId":"B082","compatibleForms":["U01","U04","U03","U02"]},"geometry":{"type":"Polygon","coordinates":[[[896.0271428571427,1046.767857142857],[910.8109523809524,1046.767857142857],[910.8109523809524,1059.6607142857142],[896.0271428571427,1059.6607142857142],[896.0271428571427,1046.767857142857]]]}},{"type":"Feature","id":"B083","properties":{"id":"B083","layer":"block_cluster","zoneId":"UF08","sequenceInZone":13},"geometry":{"type":"Polygon","coordinates":[[[803.0857142857144,1090],[849.7714285714285,1090],[849.7714285714285,1185],[803.0857142857144,1185],[803.0857142857144,1090]]]}},{"type":"Feature","id":"P1643","properties":{"id":"P1643","layer":"ordinary_parcel","zoneId":"UF08","blockId":"B083","compatibleForms":["U01","U04","U03","U02"]},"geometry":{"type":"Polygon","coordinates":[[[803.3775000000002,1090.3392857142858],[814.4653571428572,1090.3392857142858],[814.4653571428572,1103.232142857143],[803.3775000000002,1103.232142857143],[803.3775000000002,1090.3392857142858]]]}},{"type":"Feature","id":"P1644","properties":{"id":"P1644","layer":"ordinary_parcel","zoneId":"UF08","blockId":"B083","compatibleForms":["U01","U04","U03","U02"]},"geometry":{"type":"Polygon","coordinates":[[[815.0489285714287,1090.3392857142858],[826.1367857142857,1090.3392857142858],[826.1367857142857,1103.232142857143],[815.0489285714287,1103.232142857143],[815.0489285714287,1090.3392857142858]]]}},{"type":"Feature","id":"P1645","properties":{"id":"P1645","layer":"ordinary_parcel","zoneId":"UF08","blockId":"B083","compatibleForms":["U01","U04","U03","U02"]},"geometry":{"type":"Polygon","coordinates":[[[826.7203571428572,1090.3392857142858],[837.8082142857141,1090.3392857142858],[837.8082142857141,1103.232142857143],[826.7203571428572,1103.232142857143],[826.7203571428572,1090.3392857142858]]]}},{"type":"Feature","id":"P1646","properties":{"id":"P1646","layer":"ordinary_parcel","zoneId":"UF08","blockId":"B083","compatibleForms":["U01","U04","U03","U02"]},"geometry":{"type":"Polygon","coordinates":[[[838.3917857142857,1090.3392857142858],[849.4796428571427,1090.3392857142858],[849.4796428571427,1103.232142857143],[838.3917857142857,1103.232142857143],[838.3917857142857,1090.3392857142858]]]}},{"type":"Feature","id":"P1647","properties":{"id":"P1647","layer":"ordinary_parcel","zoneId":"UF08","blockId":"B083","compatibleForms":["U01","U04","U03","U02"]},"geometry":{"type":"Polygon","coordinates":[[[803.3775000000002,1103.9107142857144],[814.4653571428572,1103.9107142857144],[814.4653571428572,1116.8035714285713],[803.3775000000002,1116.8035714285713],[803.3775000000002,1103.9107142857144]]]}},{"type":"Feature","id":"P1648","properties":{"id":"P1648","layer":"ordinary_parcel","zoneId":"UF08","blockId":"B083","compatibleForms":["U01","U04","U03","U02"]},"geometry":{"type":"Polygon","coordinates":[[[815.0489285714287,1103.9107142857144],[826.1367857142857,1103.9107142857144],[826.1367857142857,1116.8035714285713],[815.0489285714287,1116.8035714285713],[815.0489285714287,1103.9107142857144]]]}},{"type":"Feature","id":"P1649","properties":{"id":"P1649","layer":"ordinary_parcel","zoneId":"UF08","blockId":"B083","compatibleForms":["U01","U04","U03","U02"]},"geometry":{"type":"Polygon","coordinates":[[[826.7203571428572,1103.9107142857144],[837.8082142857141,1103.9107142857144],[837.8082142857141,1116.8035714285713],[826.7203571428572,1116.8035714285713],[826.7203571428572,1103.9107142857144]]]}},{"type":"Feature","id":"P1650","properties":{"id":"P1650","layer":"ordinary_parcel","zoneId":"UF08","blockId":"B083","compatibleForms":["U01","U04","U03","U02"]},"geometry":{"type":"Polygon","coordinates":[[[838.3917857142857,1103.9107142857144],[849.4796428571427,1103.9107142857144],[849.4796428571427,1116.8035714285713],[838.3917857142857,1116.8035714285713],[838.3917857142857,1103.9107142857144]]]}},{"type":"Feature","id":"P1651","properties":{"id":"P1651","layer":"ordinary_parcel","zoneId":"UF08","blockId":"B083","compatibleForms":["U01","U04","U03","U02"]},"geometry":{"type":"Polygon","coordinates":[[[803.474761904762,1117.482142857143],[818.2585714285715,1117.482142857143],[818.2585714285715,1130.375],[803.474761904762,1130.375],[803.474761904762,1117.482142857143]]]}},{"type":"Feature","id":"P1652","properties":{"id":"P1652","layer":"ordinary_parcel","zoneId":"UF08","blockId":"B083","compatibleForms":["U01","U04","U03","U02"]},"geometry":{"type":"Polygon","coordinates":[[[819.0366666666666,1117.482142857143],[833.8204761904763,1117.482142857143],[833.8204761904763,1130.375],[819.0366666666666,1130.375],[819.0366666666666,1117.482142857143]]]}},{"type":"Feature","id":"P1653","properties":{"id":"P1653","layer":"ordinary_parcel","zoneId":"UF08","blockId":"B083","compatibleForms":["U01","U04","U03","U02"]},"geometry":{"type":"Polygon","coordinates":[[[834.5985714285714,1117.482142857143],[849.3823809523809,1117.482142857143],[849.3823809523809,1130.375],[834.5985714285714,1130.375],[834.5985714285714,1117.482142857143]]]}},{"type":"Feature","id":"P1654","properties":{"id":"P1654","layer":"ordinary_parcel","zoneId":"UF08","blockId":"B083","compatibleForms":["U01","U04","U03","U02"]},"geometry":{"type":"Polygon","coordinates":[[[803.474761904762,1131.0535714285716],[818.2585714285715,1131.0535714285716],[818.2585714285715,1143.9464285714284],[803.474761904762,1143.9464285714284],[803.474761904762,1131.0535714285716]]]}},{"type":"Feature","id":"P1655","properties":{"id":"P1655","layer":"ordinary_parcel","zoneId":"UF08","blockId":"B083","compatibleForms":["U01","U04","U03","U02"]},"geometry":{"type":"Polygon","coordinates":[[[819.0366666666666,1131.0535714285716],[833.8204761904763,1131.0535714285716],[833.8204761904763,1143.9464285714284],[819.0366666666666,1143.9464285714284],[819.0366666666666,1131.0535714285716]]]}},{"type":"Feature","id":"P1656","properties":{"id":"P1656","layer":"ordinary_parcel","zoneId":"UF08","blockId":"B083","compatibleForms":["U01","U04","U03","U02"]},"geometry":{"type":"Polygon","coordinates":[[[834.5985714285714,1131.0535714285716],[849.3823809523809,1131.0535714285716],[849.3823809523809,1143.9464285714284],[834.5985714285714,1143.9464285714284],[834.5985714285714,1131.0535714285716]]]}},{"type":"Feature","id":"P1657","properties":{"id":"P1657","layer":"ordinary_parcel","zoneId":"UF08","blockId":"B083","compatibleForms":["U01","U04","U03","U02"]},"geometry":{"type":"Polygon","coordinates":[[[803.474761904762,1144.625],[818.2585714285715,1144.625],[818.2585714285715,1157.517857142857],[803.474761904762,1157.517857142857],[803.474761904762,1144.625]]]}},{"type":"Feature","id":"P1658","properties":{"id":"P1658","layer":"ordinary_parcel","zoneId":"UF08","blockId":"B083","compatibleForms":["U01","U04","U03","U02"]},"geometry":{"type":"Polygon","coordinates":[[[819.0366666666666,1144.625],[833.8204761904763,1144.625],[833.8204761904763,1157.517857142857],[819.0366666666666,1157.517857142857],[819.0366666666666,1144.625]]]}},{"type":"Feature","id":"P1659","properties":{"id":"P1659","layer":"ordinary_parcel","zoneId":"UF08","blockId":"B083","compatibleForms":["U01","U04","U03","U02"]},"geometry":{"type":"Polygon","coordinates":[[[834.5985714285714,1144.625],[849.3823809523809,1144.625],[849.3823809523809,1157.517857142857],[834.5985714285714,1157.517857142857],[834.5985714285714,1144.625]]]}},{"type":"Feature","id":"P1660","properties":{"id":"P1660","layer":"ordinary_parcel","zoneId":"UF08","blockId":"B083","compatibleForms":["U01","U04","U03","U02"]},"geometry":{"type":"Polygon","coordinates":[[[803.474761904762,1158.1964285714287],[818.2585714285715,1158.1964285714287],[818.2585714285715,1171.0892857142856],[803.474761904762,1171.0892857142856],[803.474761904762,1158.1964285714287]]]}},{"type":"Feature","id":"P1661","properties":{"id":"P1661","layer":"ordinary_parcel","zoneId":"UF08","blockId":"B083","compatibleForms":["U01","U04","U03","U02"]},"geometry":{"type":"Polygon","coordinates":[[[819.0366666666666,1158.1964285714287],[833.8204761904763,1158.1964285714287],[833.8204761904763,1171.0892857142856],[819.0366666666666,1171.0892857142856],[819.0366666666666,1158.1964285714287]]]}},{"type":"Feature","id":"P1662","properties":{"id":"P1662","layer":"ordinary_parcel","zoneId":"UF08","blockId":"B083","compatibleForms":["U01","U04","U03","U02"]},"geometry":{"type":"Polygon","coordinates":[[[834.5985714285714,1158.1964285714287],[849.3823809523809,1158.1964285714287],[849.3823809523809,1171.0892857142856],[834.5985714285714,1171.0892857142856],[834.5985714285714,1158.1964285714287]]]}},{"type":"Feature","id":"P1663","properties":{"id":"P1663","layer":"ordinary_parcel","zoneId":"UF08","blockId":"B083","compatibleForms":["U01","U04","U03","U02"]},"geometry":{"type":"Polygon","coordinates":[[[803.474761904762,1171.767857142857],[818.2585714285715,1171.767857142857],[818.2585714285715,1184.6607142857142],[803.474761904762,1184.6607142857142],[803.474761904762,1171.767857142857]]]}},{"type":"Feature","id":"P1664","properties":{"id":"P1664","layer":"ordinary_parcel","zoneId":"UF08","blockId":"B083","compatibleForms":["U01","U04","U03","U02"]},"geometry":{"type":"Polygon","coordinates":[[[819.0366666666666,1171.767857142857],[833.8204761904763,1171.767857142857],[833.8204761904763,1184.6607142857142],[819.0366666666666,1184.6607142857142],[819.0366666666666,1171.767857142857]]]}},{"type":"Feature","id":"P1665","properties":{"id":"P1665","layer":"ordinary_parcel","zoneId":"UF08","blockId":"B083","compatibleForms":["U01","U04","U03","U02"]},"geometry":{"type":"Polygon","coordinates":[[[834.5985714285714,1171.767857142857],[849.3823809523809,1171.767857142857],[849.3823809523809,1184.6607142857142],[834.5985714285714,1184.6607142857142],[834.5985714285714,1171.767857142857]]]}},{"type":"Feature","id":"B084","properties":{"id":"B084","layer":"block_cluster","zoneId":"UF09","sequenceInZone":1},"geometry":{"type":"Polygon","coordinates":[[[649.92,673.2],[738.08,673.2],[738.08,756.8],[649.92,756.8],[649.92,673.2]]]}},{"type":"Feature","id":"P1666","properties":{"id":"P1666","layer":"ordinary_parcel","zoneId":"UF09","blockId":"B084","compatibleForms":["U01","U03","U04","U11","U12"]},"geometry":{"type":"Polygon","coordinates":[[[650.3607999999999,673.7225000000001],[667.1112,673.7225000000001],[667.1112,693.5775],[650.3607999999999,693.5775],[650.3607999999999,673.7225000000001]]]}},{"type":"Feature","id":"P1667","properties":{"id":"P1667","layer":"ordinary_parcel","zoneId":"UF09","blockId":"B084","compatibleForms":["U01","U03","U04","U11","U12"]},"geometry":{"type":"Polygon","coordinates":[[[667.9928,673.7225000000001],[684.7432,673.7225000000001],[684.7432,693.5775],[667.9928,693.5775],[667.9928,673.7225000000001]]]}},{"type":"Feature","id":"P1668","properties":{"id":"P1668","layer":"ordinary_parcel","zoneId":"UF09","blockId":"B084","compatibleForms":["U01","U03","U04","U11","U12"]},"geometry":{"type":"Polygon","coordinates":[[[685.6247999999999,673.7225000000001],[702.3752000000001,673.7225000000001],[702.3752000000001,693.5775],[685.6247999999999,693.5775],[685.6247999999999,673.7225000000001]]]}},{"type":"Feature","id":"P1669","properties":{"id":"P1669","layer":"ordinary_parcel","zoneId":"UF09","blockId":"B084","compatibleForms":["U01","U03","U04","U11","U12"]},"geometry":{"type":"Polygon","coordinates":[[[703.2568,673.7225000000001],[720.0072,673.7225000000001],[720.0072,693.5775],[703.2568,693.5775],[703.2568,673.7225000000001]]]}},{"type":"Feature","id":"P1670","properties":{"id":"P1670","layer":"ordinary_parcel","zoneId":"UF09","blockId":"B084","compatibleForms":["U01","U03","U04","U11","U12"]},"geometry":{"type":"Polygon","coordinates":[[[720.8888,673.7225000000001],[737.6392000000001,673.7225000000001],[737.6392000000001,693.5775],[720.8888,693.5775],[720.8888,673.7225000000001]]]}},{"type":"Feature","id":"P1671","properties":{"id":"P1671","layer":"ordinary_parcel","zoneId":"UF09","blockId":"B084","compatibleForms":["U01","U03","U04","U11","U12"]},"geometry":{"type":"Polygon","coordinates":[[[650.3607999999999,694.6225000000001],[667.1112,694.6225000000001],[667.1112,714.4775],[650.3607999999999,714.4775],[650.3607999999999,694.6225000000001]]]}},{"type":"Feature","id":"P1672","properties":{"id":"P1672","layer":"ordinary_parcel","zoneId":"UF09","blockId":"B084","compatibleForms":["U01","U03","U04","U11","U12"]},"geometry":{"type":"Polygon","coordinates":[[[667.9928,694.6225000000001],[684.7432,694.6225000000001],[684.7432,714.4775],[667.9928,714.4775],[667.9928,694.6225000000001]]]}},{"type":"Feature","id":"P1673","properties":{"id":"P1673","layer":"ordinary_parcel","zoneId":"UF09","blockId":"B084","compatibleForms":["U01","U03","U04","U11","U12"]},"geometry":{"type":"Polygon","coordinates":[[[685.6247999999999,694.6225000000001],[702.3752000000001,694.6225000000001],[702.3752000000001,714.4775],[685.6247999999999,714.4775],[685.6247999999999,694.6225000000001]]]}},{"type":"Feature","id":"P1674","properties":{"id":"P1674","layer":"ordinary_parcel","zoneId":"UF09","blockId":"B084","compatibleForms":["U01","U03","U04","U11","U12"]},"geometry":{"type":"Polygon","coordinates":[[[703.2568,694.6225000000001],[720.0072,694.6225000000001],[720.0072,714.4775],[703.2568,714.4775],[703.2568,694.6225000000001]]]}},{"type":"Feature","id":"P1675","properties":{"id":"P1675","layer":"ordinary_parcel","zoneId":"UF09","blockId":"B084","compatibleForms":["U01","U03","U04","U11","U12"]},"geometry":{"type":"Polygon","coordinates":[[[720.8888,694.6225000000001],[737.6392000000001,694.6225000000001],[737.6392000000001,714.4775],[720.8888,714.4775],[720.8888,694.6225000000001]]]}},{"type":"Feature","id":"P1676","properties":{"id":"P1676","layer":"ordinary_parcel","zoneId":"UF09","blockId":"B084","compatibleForms":["U01","U03","U04","U11","U12"]},"geometry":{"type":"Polygon","coordinates":[[[650.3607999999999,715.5225],[667.1112,715.5225],[667.1112,735.3774999999999],[650.3607999999999,735.3774999999999],[650.3607999999999,715.5225]]]}},{"type":"Feature","id":"P1677","properties":{"id":"P1677","layer":"ordinary_parcel","zoneId":"UF09","blockId":"B084","compatibleForms":["U01","U03","U04","U11","U12"]},"geometry":{"type":"Polygon","coordinates":[[[667.9928,715.5225],[684.7432,715.5225],[684.7432,735.3774999999999],[667.9928,735.3774999999999],[667.9928,715.5225]]]}},{"type":"Feature","id":"P1678","properties":{"id":"P1678","layer":"ordinary_parcel","zoneId":"UF09","blockId":"B084","compatibleForms":["U01","U03","U04","U11","U12"]},"geometry":{"type":"Polygon","coordinates":[[[685.6247999999999,715.5225],[702.3752000000001,715.5225],[702.3752000000001,735.3774999999999],[685.6247999999999,735.3774999999999],[685.6247999999999,715.5225]]]}},{"type":"Feature","id":"P1679","properties":{"id":"P1679","layer":"ordinary_parcel","zoneId":"UF09","blockId":"B084","compatibleForms":["U01","U03","U04","U11","U12"]},"geometry":{"type":"Polygon","coordinates":[[[703.2568,715.5225],[720.0072,715.5225],[720.0072,735.3774999999999],[703.2568,735.3774999999999],[703.2568,715.5225]]]}},{"type":"Feature","id":"P1680","properties":{"id":"P1680","layer":"ordinary_parcel","zoneId":"UF09","blockId":"B084","compatibleForms":["U01","U03","U04","U11","U12"]},"geometry":{"type":"Polygon","coordinates":[[[720.8888,715.5225],[737.6392000000001,715.5225],[737.6392000000001,735.3774999999999],[720.8888,735.3774999999999],[720.8888,715.5225]]]}},{"type":"Feature","id":"P1681","properties":{"id":"P1681","layer":"ordinary_parcel","zoneId":"UF09","blockId":"B084","compatibleForms":["U01","U03","U04","U11","U12"]},"geometry":{"type":"Polygon","coordinates":[[[650.471,736.4225],[671.409,736.4225],[671.409,756.2774999999999],[650.471,756.2774999999999],[650.471,736.4225]]]}},{"type":"Feature","id":"P1682","properties":{"id":"P1682","layer":"ordinary_parcel","zoneId":"UF09","blockId":"B084","compatibleForms":["U01","U03","U04","U11","U12"]},"geometry":{"type":"Polygon","coordinates":[[[672.5110000000001,736.4225],[693.449,736.4225],[693.449,756.2774999999999],[672.5110000000001,756.2774999999999],[672.5110000000001,736.4225]]]}},{"type":"Feature","id":"P1683","properties":{"id":"P1683","layer":"ordinary_parcel","zoneId":"UF09","blockId":"B084","compatibleForms":["U01","U03","U04","U11","U12"]},"geometry":{"type":"Polygon","coordinates":[[[694.551,736.4225],[715.4889999999999,736.4225],[715.4889999999999,756.2774999999999],[694.551,756.2774999999999],[694.551,736.4225]]]}},{"type":"Feature","id":"P1684","properties":{"id":"P1684","layer":"ordinary_parcel","zoneId":"UF09","blockId":"B084","compatibleForms":["U01","U03","U04","U11","U12"]},"geometry":{"type":"Polygon","coordinates":[[[716.591,736.4225],[737.529,736.4225],[737.529,756.2774999999999],[716.591,756.2774999999999],[716.591,736.4225]]]}},{"type":"Feature","id":"B085","properties":{"id":"B085","layer":"block_cluster","zoneId":"UF09","sequenceInZone":2},"geometry":{"type":"Polygon","coordinates":[[[765.92,673.2],[854.08,673.2],[854.08,756.8],[765.92,756.8],[765.92,673.2]]]}},{"type":"Feature","id":"P1685","properties":{"id":"P1685","layer":"ordinary_parcel","zoneId":"UF09","blockId":"B085","compatibleForms":["U01","U03","U04","U11","U12"]},"geometry":{"type":"Polygon","coordinates":[[[766.3607999999999,673.7225000000001],[783.1112,673.7225000000001],[783.1112,693.5775],[766.3607999999999,693.5775],[766.3607999999999,673.7225000000001]]]}},{"type":"Feature","id":"P1686","properties":{"id":"P1686","layer":"ordinary_parcel","zoneId":"UF09","blockId":"B085","compatibleForms":["U01","U03","U04","U11","U12"]},"geometry":{"type":"Polygon","coordinates":[[[783.9928,673.7225000000001],[800.7432,673.7225000000001],[800.7432,693.5775],[783.9928,693.5775],[783.9928,673.7225000000001]]]}},{"type":"Feature","id":"P1687","properties":{"id":"P1687","layer":"ordinary_parcel","zoneId":"UF09","blockId":"B085","compatibleForms":["U01","U03","U04","U11","U12"]},"geometry":{"type":"Polygon","coordinates":[[[801.6247999999999,673.7225000000001],[818.3752000000001,673.7225000000001],[818.3752000000001,693.5775],[801.6247999999999,693.5775],[801.6247999999999,673.7225000000001]]]}},{"type":"Feature","id":"P1688","properties":{"id":"P1688","layer":"ordinary_parcel","zoneId":"UF09","blockId":"B085","compatibleForms":["U01","U03","U04","U11","U12"]},"geometry":{"type":"Polygon","coordinates":[[[819.2568,673.7225000000001],[836.0072,673.7225000000001],[836.0072,693.5775],[819.2568,693.5775],[819.2568,673.7225000000001]]]}},{"type":"Feature","id":"P1689","properties":{"id":"P1689","layer":"ordinary_parcel","zoneId":"UF09","blockId":"B085","compatibleForms":["U01","U03","U04","U11","U12"]},"geometry":{"type":"Polygon","coordinates":[[[836.8888,673.7225000000001],[853.6392000000001,673.7225000000001],[853.6392000000001,693.5775],[836.8888,693.5775],[836.8888,673.7225000000001]]]}},{"type":"Feature","id":"P1690","properties":{"id":"P1690","layer":"ordinary_parcel","zoneId":"UF09","blockId":"B085","compatibleForms":["U01","U03","U04","U11","U12"]},"geometry":{"type":"Polygon","coordinates":[[[766.3607999999999,694.6225000000001],[783.1112,694.6225000000001],[783.1112,714.4775],[766.3607999999999,714.4775],[766.3607999999999,694.6225000000001]]]}},{"type":"Feature","id":"P1691","properties":{"id":"P1691","layer":"ordinary_parcel","zoneId":"UF09","blockId":"B085","compatibleForms":["U01","U03","U04","U11","U12"]},"geometry":{"type":"Polygon","coordinates":[[[783.9928,694.6225000000001],[800.7432,694.6225000000001],[800.7432,714.4775],[783.9928,714.4775],[783.9928,694.6225000000001]]]}},{"type":"Feature","id":"P1692","properties":{"id":"P1692","layer":"ordinary_parcel","zoneId":"UF09","blockId":"B085","compatibleForms":["U01","U03","U04","U11","U12"]},"geometry":{"type":"Polygon","coordinates":[[[801.6247999999999,694.6225000000001],[818.3752000000001,694.6225000000001],[818.3752000000001,714.4775],[801.6247999999999,714.4775],[801.6247999999999,694.6225000000001]]]}},{"type":"Feature","id":"P1693","properties":{"id":"P1693","layer":"ordinary_parcel","zoneId":"UF09","blockId":"B085","compatibleForms":["U01","U03","U04","U11","U12"]},"geometry":{"type":"Polygon","coordinates":[[[819.2568,694.6225000000001],[836.0072,694.6225000000001],[836.0072,714.4775],[819.2568,714.4775],[819.2568,694.6225000000001]]]}},{"type":"Feature","id":"P1694","properties":{"id":"P1694","layer":"ordinary_parcel","zoneId":"UF09","blockId":"B085","compatibleForms":["U01","U03","U04","U11","U12"]},"geometry":{"type":"Polygon","coordinates":[[[836.8888,694.6225000000001],[853.6392000000001,694.6225000000001],[853.6392000000001,714.4775],[836.8888,714.4775],[836.8888,694.6225000000001]]]}},{"type":"Feature","id":"P1695","properties":{"id":"P1695","layer":"ordinary_parcel","zoneId":"UF09","blockId":"B085","compatibleForms":["U01","U03","U04","U11","U12"]},"geometry":{"type":"Polygon","coordinates":[[[766.3607999999999,715.5225],[783.1112,715.5225],[783.1112,735.3774999999999],[766.3607999999999,735.3774999999999],[766.3607999999999,715.5225]]]}},{"type":"Feature","id":"P1696","properties":{"id":"P1696","layer":"ordinary_parcel","zoneId":"UF09","blockId":"B085","compatibleForms":["U01","U03","U04","U11","U12"]},"geometry":{"type":"Polygon","coordinates":[[[783.9928,715.5225],[800.7432,715.5225],[800.7432,735.3774999999999],[783.9928,735.3774999999999],[783.9928,715.5225]]]}},{"type":"Feature","id":"P1697","properties":{"id":"P1697","layer":"ordinary_parcel","zoneId":"UF09","blockId":"B085","compatibleForms":["U01","U03","U04","U11","U12"]},"geometry":{"type":"Polygon","coordinates":[[[801.6247999999999,715.5225],[818.3752000000001,715.5225],[818.3752000000001,735.3774999999999],[801.6247999999999,735.3774999999999],[801.6247999999999,715.5225]]]}},{"type":"Feature","id":"P1698","properties":{"id":"P1698","layer":"ordinary_parcel","zoneId":"UF09","blockId":"B085","compatibleForms":["U01","U03","U04","U11","U12"]},"geometry":{"type":"Polygon","coordinates":[[[819.2568,715.5225],[836.0072,715.5225],[836.0072,735.3774999999999],[819.2568,735.3774999999999],[819.2568,715.5225]]]}},{"type":"Feature","id":"P1699","properties":{"id":"P1699","layer":"ordinary_parcel","zoneId":"UF09","blockId":"B085","compatibleForms":["U01","U03","U04","U11","U12"]},"geometry":{"type":"Polygon","coordinates":[[[836.8888,715.5225],[853.6392000000001,715.5225],[853.6392000000001,735.3774999999999],[836.8888,735.3774999999999],[836.8888,715.5225]]]}},{"type":"Feature","id":"P1700","properties":{"id":"P1700","layer":"ordinary_parcel","zoneId":"UF09","blockId":"B085","compatibleForms":["U01","U03","U04","U11","U12"]},"geometry":{"type":"Polygon","coordinates":[[[766.471,736.4225],[787.409,736.4225],[787.409,756.2774999999999],[766.471,756.2774999999999],[766.471,736.4225]]]}},{"type":"Feature","id":"P1701","properties":{"id":"P1701","layer":"ordinary_parcel","zoneId":"UF09","blockId":"B085","compatibleForms":["U01","U03","U04","U11","U12"]},"geometry":{"type":"Polygon","coordinates":[[[788.5110000000001,736.4225],[809.449,736.4225],[809.449,756.2774999999999],[788.5110000000001,756.2774999999999],[788.5110000000001,736.4225]]]}},{"type":"Feature","id":"P1702","properties":{"id":"P1702","layer":"ordinary_parcel","zoneId":"UF09","blockId":"B085","compatibleForms":["U01","U03","U04","U11","U12"]},"geometry":{"type":"Polygon","coordinates":[[[810.551,736.4225],[831.4889999999999,736.4225],[831.4889999999999,756.2774999999999],[810.551,756.2774999999999],[810.551,736.4225]]]}},{"type":"Feature","id":"P1703","properties":{"id":"P1703","layer":"ordinary_parcel","zoneId":"UF09","blockId":"B085","compatibleForms":["U01","U03","U04","U11","U12"]},"geometry":{"type":"Polygon","coordinates":[[[832.591,736.4225],[853.529,736.4225],[853.529,756.2774999999999],[832.591,756.2774999999999],[832.591,736.4225]]]}},{"type":"Feature","id":"B086","properties":{"id":"B086","layer":"block_cluster","zoneId":"UF09","sequenceInZone":3},"geometry":{"type":"Polygon","coordinates":[[[649.92,783.2],[738.08,783.2],[738.08,866.8],[649.92,866.8],[649.92,783.2]]]}},{"type":"Feature","id":"P1704","properties":{"id":"P1704","layer":"ordinary_parcel","zoneId":"UF09","blockId":"B086","compatibleForms":["U01","U03","U04","U11","U12"]},"geometry":{"type":"Polygon","coordinates":[[[650.3607999999999,783.7225000000001],[667.1112,783.7225000000001],[667.1112,803.5775],[650.3607999999999,803.5775],[650.3607999999999,783.7225000000001]]]}},{"type":"Feature","id":"P1705","properties":{"id":"P1705","layer":"ordinary_parcel","zoneId":"UF09","blockId":"B086","compatibleForms":["U01","U03","U04","U11","U12"]},"geometry":{"type":"Polygon","coordinates":[[[667.9928,783.7225000000001],[684.7432,783.7225000000001],[684.7432,803.5775],[667.9928,803.5775],[667.9928,783.7225000000001]]]}},{"type":"Feature","id":"P1706","properties":{"id":"P1706","layer":"ordinary_parcel","zoneId":"UF09","blockId":"B086","compatibleForms":["U01","U03","U04","U11","U12"]},"geometry":{"type":"Polygon","coordinates":[[[685.6247999999999,783.7225000000001],[702.3752000000001,783.7225000000001],[702.3752000000001,803.5775],[685.6247999999999,803.5775],[685.6247999999999,783.7225000000001]]]}},{"type":"Feature","id":"P1707","properties":{"id":"P1707","layer":"ordinary_parcel","zoneId":"UF09","blockId":"B086","compatibleForms":["U01","U03","U04","U11","U12"]},"geometry":{"type":"Polygon","coordinates":[[[703.2568,783.7225000000001],[720.0072,783.7225000000001],[720.0072,803.5775],[703.2568,803.5775],[703.2568,783.7225000000001]]]}},{"type":"Feature","id":"P1708","properties":{"id":"P1708","layer":"ordinary_parcel","zoneId":"UF09","blockId":"B086","compatibleForms":["U01","U03","U04","U11","U12"]},"geometry":{"type":"Polygon","coordinates":[[[720.8888,783.7225000000001],[737.6392000000001,783.7225000000001],[737.6392000000001,803.5775],[720.8888,803.5775],[720.8888,783.7225000000001]]]}},{"type":"Feature","id":"P1709","properties":{"id":"P1709","layer":"ordinary_parcel","zoneId":"UF09","blockId":"B086","compatibleForms":["U01","U03","U04","U11","U12"]},"geometry":{"type":"Polygon","coordinates":[[[650.3607999999999,804.6225000000001],[667.1112,804.6225000000001],[667.1112,824.4775],[650.3607999999999,824.4775],[650.3607999999999,804.6225000000001]]]}},{"type":"Feature","id":"P1710","properties":{"id":"P1710","layer":"ordinary_parcel","zoneId":"UF09","blockId":"B086","compatibleForms":["U01","U03","U04","U11","U12"]},"geometry":{"type":"Polygon","coordinates":[[[667.9928,804.6225000000001],[684.7432,804.6225000000001],[684.7432,824.4775],[667.9928,824.4775],[667.9928,804.6225000000001]]]}},{"type":"Feature","id":"P1711","properties":{"id":"P1711","layer":"ordinary_parcel","zoneId":"UF09","blockId":"B086","compatibleForms":["U01","U03","U04","U11","U12"]},"geometry":{"type":"Polygon","coordinates":[[[685.6247999999999,804.6225000000001],[702.3752000000001,804.6225000000001],[702.3752000000001,824.4775],[685.6247999999999,824.4775],[685.6247999999999,804.6225000000001]]]}},{"type":"Feature","id":"P1712","properties":{"id":"P1712","layer":"ordinary_parcel","zoneId":"UF09","blockId":"B086","compatibleForms":["U01","U03","U04","U11","U12"]},"geometry":{"type":"Polygon","coordinates":[[[703.2568,804.6225000000001],[720.0072,804.6225000000001],[720.0072,824.4775],[703.2568,824.4775],[703.2568,804.6225000000001]]]}},{"type":"Feature","id":"P1713","properties":{"id":"P1713","layer":"ordinary_parcel","zoneId":"UF09","blockId":"B086","compatibleForms":["U01","U03","U04","U11","U12"]},"geometry":{"type":"Polygon","coordinates":[[[720.8888,804.6225000000001],[737.6392000000001,804.6225000000001],[737.6392000000001,824.4775],[720.8888,824.4775],[720.8888,804.6225000000001]]]}},{"type":"Feature","id":"P1714","properties":{"id":"P1714","layer":"ordinary_parcel","zoneId":"UF09","blockId":"B086","compatibleForms":["U01","U03","U04","U11","U12"]},"geometry":{"type":"Polygon","coordinates":[[[650.3607999999999,825.5225],[667.1112,825.5225],[667.1112,845.3774999999999],[650.3607999999999,845.3774999999999],[650.3607999999999,825.5225]]]}},{"type":"Feature","id":"P1715","properties":{"id":"P1715","layer":"ordinary_parcel","zoneId":"UF09","blockId":"B086","compatibleForms":["U01","U03","U04","U11","U12"]},"geometry":{"type":"Polygon","coordinates":[[[667.9928,825.5225],[684.7432,825.5225],[684.7432,845.3774999999999],[667.9928,845.3774999999999],[667.9928,825.5225]]]}},{"type":"Feature","id":"P1716","properties":{"id":"P1716","layer":"ordinary_parcel","zoneId":"UF09","blockId":"B086","compatibleForms":["U01","U03","U04","U11","U12"]},"geometry":{"type":"Polygon","coordinates":[[[685.6247999999999,825.5225],[702.3752000000001,825.5225],[702.3752000000001,845.3774999999999],[685.6247999999999,845.3774999999999],[685.6247999999999,825.5225]]]}},{"type":"Feature","id":"P1717","properties":{"id":"P1717","layer":"ordinary_parcel","zoneId":"UF09","blockId":"B086","compatibleForms":["U01","U03","U04","U11","U12"]},"geometry":{"type":"Polygon","coordinates":[[[703.2568,825.5225],[720.0072,825.5225],[720.0072,845.3774999999999],[703.2568,845.3774999999999],[703.2568,825.5225]]]}},{"type":"Feature","id":"P1718","properties":{"id":"P1718","layer":"ordinary_parcel","zoneId":"UF09","blockId":"B086","compatibleForms":["U01","U03","U04","U11","U12"]},"geometry":{"type":"Polygon","coordinates":[[[720.8888,825.5225],[737.6392000000001,825.5225],[737.6392000000001,845.3774999999999],[720.8888,845.3774999999999],[720.8888,825.5225]]]}},{"type":"Feature","id":"P1719","properties":{"id":"P1719","layer":"ordinary_parcel","zoneId":"UF09","blockId":"B086","compatibleForms":["U01","U03","U04","U11","U12"]},"geometry":{"type":"Polygon","coordinates":[[[650.471,846.4225],[671.409,846.4225],[671.409,866.2774999999999],[650.471,866.2774999999999],[650.471,846.4225]]]}},{"type":"Feature","id":"P1720","properties":{"id":"P1720","layer":"ordinary_parcel","zoneId":"UF09","blockId":"B086","compatibleForms":["U01","U03","U04","U11","U12"]},"geometry":{"type":"Polygon","coordinates":[[[672.5110000000001,846.4225],[693.449,846.4225],[693.449,866.2774999999999],[672.5110000000001,866.2774999999999],[672.5110000000001,846.4225]]]}},{"type":"Feature","id":"P1721","properties":{"id":"P1721","layer":"ordinary_parcel","zoneId":"UF09","blockId":"B086","compatibleForms":["U01","U03","U04","U11","U12"]},"geometry":{"type":"Polygon","coordinates":[[[694.551,846.4225],[715.4889999999999,846.4225],[715.4889999999999,866.2774999999999],[694.551,866.2774999999999],[694.551,846.4225]]]}},{"type":"Feature","id":"P1722","properties":{"id":"P1722","layer":"ordinary_parcel","zoneId":"UF09","blockId":"B086","compatibleForms":["U01","U03","U04","U11","U12"]},"geometry":{"type":"Polygon","coordinates":[[[716.591,846.4225],[737.529,846.4225],[737.529,866.2774999999999],[716.591,866.2774999999999],[716.591,846.4225]]]}},{"type":"Feature","id":"B087","properties":{"id":"B087","layer":"block_cluster","zoneId":"UF09","sequenceInZone":4},"geometry":{"type":"Polygon","coordinates":[[[765.92,783.2],[854.08,783.2],[854.08,866.8],[765.92,866.8],[765.92,783.2]]]}},{"type":"Feature","id":"P1723","properties":{"id":"P1723","layer":"ordinary_parcel","zoneId":"UF09","blockId":"B087","compatibleForms":["U01","U03","U04","U11","U12"]},"geometry":{"type":"Polygon","coordinates":[[[766.3607999999999,783.7225000000001],[783.1112,783.7225000000001],[783.1112,803.5775],[766.3607999999999,803.5775],[766.3607999999999,783.7225000000001]]]}},{"type":"Feature","id":"P1724","properties":{"id":"P1724","layer":"ordinary_parcel","zoneId":"UF09","blockId":"B087","compatibleForms":["U01","U03","U04","U11","U12"]},"geometry":{"type":"Polygon","coordinates":[[[783.9928,783.7225000000001],[800.7432,783.7225000000001],[800.7432,803.5775],[783.9928,803.5775],[783.9928,783.7225000000001]]]}},{"type":"Feature","id":"P1725","properties":{"id":"P1725","layer":"ordinary_parcel","zoneId":"UF09","blockId":"B087","compatibleForms":["U01","U03","U04","U11","U12"]},"geometry":{"type":"Polygon","coordinates":[[[801.6247999999999,783.7225000000001],[818.3752000000001,783.7225000000001],[818.3752000000001,803.5775],[801.6247999999999,803.5775],[801.6247999999999,783.7225000000001]]]}},{"type":"Feature","id":"P1726","properties":{"id":"P1726","layer":"ordinary_parcel","zoneId":"UF09","blockId":"B087","compatibleForms":["U01","U03","U04","U11","U12"]},"geometry":{"type":"Polygon","coordinates":[[[819.2568,783.7225000000001],[836.0072,783.7225000000001],[836.0072,803.5775],[819.2568,803.5775],[819.2568,783.7225000000001]]]}},{"type":"Feature","id":"P1727","properties":{"id":"P1727","layer":"ordinary_parcel","zoneId":"UF09","blockId":"B087","compatibleForms":["U01","U03","U04","U11","U12"]},"geometry":{"type":"Polygon","coordinates":[[[836.8888,783.7225000000001],[853.6392000000001,783.7225000000001],[853.6392000000001,803.5775],[836.8888,803.5775],[836.8888,783.7225000000001]]]}},{"type":"Feature","id":"P1728","properties":{"id":"P1728","layer":"ordinary_parcel","zoneId":"UF09","blockId":"B087","compatibleForms":["U01","U03","U04","U11","U12"]},"geometry":{"type":"Polygon","coordinates":[[[766.3607999999999,804.6225000000001],[783.1112,804.6225000000001],[783.1112,824.4775],[766.3607999999999,824.4775],[766.3607999999999,804.6225000000001]]]}},{"type":"Feature","id":"P1729","properties":{"id":"P1729","layer":"ordinary_parcel","zoneId":"UF09","blockId":"B087","compatibleForms":["U01","U03","U04","U11","U12"]},"geometry":{"type":"Polygon","coordinates":[[[783.9928,804.6225000000001],[800.7432,804.6225000000001],[800.7432,824.4775],[783.9928,824.4775],[783.9928,804.6225000000001]]]}},{"type":"Feature","id":"P1730","properties":{"id":"P1730","layer":"ordinary_parcel","zoneId":"UF09","blockId":"B087","compatibleForms":["U01","U03","U04","U11","U12"]},"geometry":{"type":"Polygon","coordinates":[[[801.6247999999999,804.6225000000001],[818.3752000000001,804.6225000000001],[818.3752000000001,824.4775],[801.6247999999999,824.4775],[801.6247999999999,804.6225000000001]]]}},{"type":"Feature","id":"P1731","properties":{"id":"P1731","layer":"ordinary_parcel","zoneId":"UF09","blockId":"B087","compatibleForms":["U01","U03","U04","U11","U12"]},"geometry":{"type":"Polygon","coordinates":[[[819.2568,804.6225000000001],[836.0072,804.6225000000001],[836.0072,824.4775],[819.2568,824.4775],[819.2568,804.6225000000001]]]}},{"type":"Feature","id":"P1732","properties":{"id":"P1732","layer":"ordinary_parcel","zoneId":"UF09","blockId":"B087","compatibleForms":["U01","U03","U04","U11","U12"]},"geometry":{"type":"Polygon","coordinates":[[[836.8888,804.6225000000001],[853.6392000000001,804.6225000000001],[853.6392000000001,824.4775],[836.8888,824.4775],[836.8888,804.6225000000001]]]}},{"type":"Feature","id":"P1733","properties":{"id":"P1733","layer":"ordinary_parcel","zoneId":"UF09","blockId":"B087","compatibleForms":["U01","U03","U04","U11","U12"]},"geometry":{"type":"Polygon","coordinates":[[[766.3607999999999,825.5225],[783.1112,825.5225],[783.1112,845.3774999999999],[766.3607999999999,845.3774999999999],[766.3607999999999,825.5225]]]}},{"type":"Feature","id":"P1734","properties":{"id":"P1734","layer":"ordinary_parcel","zoneId":"UF09","blockId":"B087","compatibleForms":["U01","U03","U04","U11","U12"]},"geometry":{"type":"Polygon","coordinates":[[[783.9928,825.5225],[800.7432,825.5225],[800.7432,845.3774999999999],[783.9928,845.3774999999999],[783.9928,825.5225]]]}},{"type":"Feature","id":"P1735","properties":{"id":"P1735","layer":"ordinary_parcel","zoneId":"UF09","blockId":"B087","compatibleForms":["U01","U03","U04","U11","U12"]},"geometry":{"type":"Polygon","coordinates":[[[801.6247999999999,825.5225],[818.3752000000001,825.5225],[818.3752000000001,845.3774999999999],[801.6247999999999,845.3774999999999],[801.6247999999999,825.5225]]]}},{"type":"Feature","id":"P1736","properties":{"id":"P1736","layer":"ordinary_parcel","zoneId":"UF09","blockId":"B087","compatibleForms":["U01","U03","U04","U11","U12"]},"geometry":{"type":"Polygon","coordinates":[[[819.2568,825.5225],[836.0072,825.5225],[836.0072,845.3774999999999],[819.2568,845.3774999999999],[819.2568,825.5225]]]}},{"type":"Feature","id":"P1737","properties":{"id":"P1737","layer":"ordinary_parcel","zoneId":"UF09","blockId":"B087","compatibleForms":["U01","U03","U04","U11","U12"]},"geometry":{"type":"Polygon","coordinates":[[[836.8888,825.5225],[853.6392000000001,825.5225],[853.6392000000001,845.3774999999999],[836.8888,845.3774999999999],[836.8888,825.5225]]]}},{"type":"Feature","id":"P1738","properties":{"id":"P1738","layer":"ordinary_parcel","zoneId":"UF09","blockId":"B087","compatibleForms":["U01","U03","U04","U11","U12"]},"geometry":{"type":"Polygon","coordinates":[[[766.471,846.4225],[787.409,846.4225],[787.409,866.2774999999999],[766.471,866.2774999999999],[766.471,846.4225]]]}},{"type":"Feature","id":"P1739","properties":{"id":"P1739","layer":"ordinary_parcel","zoneId":"UF09","blockId":"B087","compatibleForms":["U01","U03","U04","U11","U12"]},"geometry":{"type":"Polygon","coordinates":[[[788.5110000000001,846.4225],[809.449,846.4225],[809.449,866.2774999999999],[788.5110000000001,866.2774999999999],[788.5110000000001,846.4225]]]}},{"type":"Feature","id":"P1740","properties":{"id":"P1740","layer":"ordinary_parcel","zoneId":"UF09","blockId":"B087","compatibleForms":["U01","U03","U04","U11","U12"]},"geometry":{"type":"Polygon","coordinates":[[[810.551,846.4225],[831.4889999999999,846.4225],[831.4889999999999,866.2774999999999],[810.551,866.2774999999999],[810.551,846.4225]]]}},{"type":"Feature","id":"P1741","properties":{"id":"P1741","layer":"ordinary_parcel","zoneId":"UF09","blockId":"B087","compatibleForms":["U01","U03","U04","U11","U12"]},"geometry":{"type":"Polygon","coordinates":[[[832.591,846.4225],[853.529,846.4225],[853.529,866.2774999999999],[832.591,866.2774999999999],[832.591,846.4225]]]}},{"type":"Feature","id":"B088","properties":{"id":"B088","layer":"block_cluster","zoneId":"UF09","sequenceInZone":5},"geometry":{"type":"Polygon","coordinates":[[[881.92,783.2],[970.08,783.2],[970.08,866.8],[881.92,866.8],[881.92,783.2]]]}},{"type":"Feature","id":"P1742","properties":{"id":"P1742","layer":"ordinary_parcel","zoneId":"UF09","blockId":"B088","compatibleForms":["U01","U03","U04","U11","U12"]},"geometry":{"type":"Polygon","coordinates":[[[882.3607999999999,783.7225000000001],[899.1112,783.7225000000001],[899.1112,803.5775],[882.3607999999999,803.5775],[882.3607999999999,783.7225000000001]]]}},{"type":"Feature","id":"P1743","properties":{"id":"P1743","layer":"ordinary_parcel","zoneId":"UF09","blockId":"B088","compatibleForms":["U01","U03","U04","U11","U12"]},"geometry":{"type":"Polygon","coordinates":[[[899.9928,783.7225000000001],[916.7432,783.7225000000001],[916.7432,803.5775],[899.9928,803.5775],[899.9928,783.7225000000001]]]}},{"type":"Feature","id":"P1744","properties":{"id":"P1744","layer":"ordinary_parcel","zoneId":"UF09","blockId":"B088","compatibleForms":["U01","U03","U04","U11","U12"]},"geometry":{"type":"Polygon","coordinates":[[[917.6247999999999,783.7225000000001],[934.3752000000001,783.7225000000001],[934.3752000000001,803.5775],[917.6247999999999,803.5775],[917.6247999999999,783.7225000000001]]]}},{"type":"Feature","id":"P1745","properties":{"id":"P1745","layer":"ordinary_parcel","zoneId":"UF09","blockId":"B088","compatibleForms":["U01","U03","U04","U11","U12"]},"geometry":{"type":"Polygon","coordinates":[[[935.2568,783.7225000000001],[952.0072,783.7225000000001],[952.0072,803.5775],[935.2568,803.5775],[935.2568,783.7225000000001]]]}},{"type":"Feature","id":"P1746","properties":{"id":"P1746","layer":"ordinary_parcel","zoneId":"UF09","blockId":"B088","compatibleForms":["U01","U03","U04","U11","U12"]},"geometry":{"type":"Polygon","coordinates":[[[952.8888,783.7225000000001],[969.6392000000001,783.7225000000001],[969.6392000000001,803.5775],[952.8888,803.5775],[952.8888,783.7225000000001]]]}},{"type":"Feature","id":"P1747","properties":{"id":"P1747","layer":"ordinary_parcel","zoneId":"UF09","blockId":"B088","compatibleForms":["U01","U03","U04","U11","U12"]},"geometry":{"type":"Polygon","coordinates":[[[882.3607999999999,804.6225000000001],[899.1112,804.6225000000001],[899.1112,824.4775],[882.3607999999999,824.4775],[882.3607999999999,804.6225000000001]]]}},{"type":"Feature","id":"P1748","properties":{"id":"P1748","layer":"ordinary_parcel","zoneId":"UF09","blockId":"B088","compatibleForms":["U01","U03","U04","U11","U12"]},"geometry":{"type":"Polygon","coordinates":[[[899.9928,804.6225000000001],[916.7432,804.6225000000001],[916.7432,824.4775],[899.9928,824.4775],[899.9928,804.6225000000001]]]}},{"type":"Feature","id":"P1749","properties":{"id":"P1749","layer":"ordinary_parcel","zoneId":"UF09","blockId":"B088","compatibleForms":["U01","U03","U04","U11","U12"]},"geometry":{"type":"Polygon","coordinates":[[[917.6247999999999,804.6225000000001],[934.3752000000001,804.6225000000001],[934.3752000000001,824.4775],[917.6247999999999,824.4775],[917.6247999999999,804.6225000000001]]]}},{"type":"Feature","id":"P1750","properties":{"id":"P1750","layer":"ordinary_parcel","zoneId":"UF09","blockId":"B088","compatibleForms":["U01","U03","U04","U11","U12"]},"geometry":{"type":"Polygon","coordinates":[[[935.2568,804.6225000000001],[952.0072,804.6225000000001],[952.0072,824.4775],[935.2568,824.4775],[935.2568,804.6225000000001]]]}},{"type":"Feature","id":"P1751","properties":{"id":"P1751","layer":"ordinary_parcel","zoneId":"UF09","blockId":"B088","compatibleForms":["U01","U03","U04","U11","U12"]},"geometry":{"type":"Polygon","coordinates":[[[952.8888,804.6225000000001],[969.6392000000001,804.6225000000001],[969.6392000000001,824.4775],[952.8888,824.4775],[952.8888,804.6225000000001]]]}},{"type":"Feature","id":"P1752","properties":{"id":"P1752","layer":"ordinary_parcel","zoneId":"UF09","blockId":"B088","compatibleForms":["U01","U03","U04","U11","U12"]},"geometry":{"type":"Polygon","coordinates":[[[882.471,825.5225],[903.409,825.5225],[903.409,845.3774999999999],[882.471,845.3774999999999],[882.471,825.5225]]]}},{"type":"Feature","id":"P1753","properties":{"id":"P1753","layer":"ordinary_parcel","zoneId":"UF09","blockId":"B088","compatibleForms":["U01","U03","U04","U11","U12"]},"geometry":{"type":"Polygon","coordinates":[[[904.5110000000001,825.5225],[925.449,825.5225],[925.449,845.3774999999999],[904.5110000000001,845.3774999999999],[904.5110000000001,825.5225]]]}},{"type":"Feature","id":"P1754","properties":{"id":"P1754","layer":"ordinary_parcel","zoneId":"UF09","blockId":"B088","compatibleForms":["U01","U03","U04","U11","U12"]},"geometry":{"type":"Polygon","coordinates":[[[926.551,825.5225],[947.4889999999999,825.5225],[947.4889999999999,845.3774999999999],[926.551,845.3774999999999],[926.551,825.5225]]]}},{"type":"Feature","id":"P1755","properties":{"id":"P1755","layer":"ordinary_parcel","zoneId":"UF09","blockId":"B088","compatibleForms":["U01","U03","U04","U11","U12"]},"geometry":{"type":"Polygon","coordinates":[[[948.591,825.5225],[969.529,825.5225],[969.529,845.3774999999999],[948.591,845.3774999999999],[948.591,825.5225]]]}},{"type":"Feature","id":"P1756","properties":{"id":"P1756","layer":"ordinary_parcel","zoneId":"UF09","blockId":"B088","compatibleForms":["U01","U03","U04","U11","U12"]},"geometry":{"type":"Polygon","coordinates":[[[882.471,846.4225],[903.409,846.4225],[903.409,866.2774999999999],[882.471,866.2774999999999],[882.471,846.4225]]]}},{"type":"Feature","id":"P1757","properties":{"id":"P1757","layer":"ordinary_parcel","zoneId":"UF09","blockId":"B088","compatibleForms":["U01","U03","U04","U11","U12"]},"geometry":{"type":"Polygon","coordinates":[[[904.5110000000001,846.4225],[925.449,846.4225],[925.449,866.2774999999999],[904.5110000000001,866.2774999999999],[904.5110000000001,846.4225]]]}},{"type":"Feature","id":"P1758","properties":{"id":"P1758","layer":"ordinary_parcel","zoneId":"UF09","blockId":"B088","compatibleForms":["U01","U03","U04","U11","U12"]},"geometry":{"type":"Polygon","coordinates":[[[926.551,846.4225],[947.4889999999999,846.4225],[947.4889999999999,866.2774999999999],[926.551,866.2774999999999],[926.551,846.4225]]]}},{"type":"Feature","id":"P1759","properties":{"id":"P1759","layer":"ordinary_parcel","zoneId":"UF09","blockId":"B088","compatibleForms":["U01","U03","U04","U11","U12"]},"geometry":{"type":"Polygon","coordinates":[[[948.591,846.4225],[969.529,846.4225],[969.529,866.2774999999999],[948.591,866.2774999999999],[948.591,846.4225]]]}},{"type":"Feature","id":"B089","properties":{"id":"B089","layer":"block_cluster","zoneId":"UF09","sequenceInZone":6},"geometry":{"type":"Polygon","coordinates":[[[765.92,893.2],[854.08,893.2],[854.08,976.8],[765.92,976.8],[765.92,893.2]]]}},{"type":"Feature","id":"P1760","properties":{"id":"P1760","layer":"ordinary_parcel","zoneId":"UF09","blockId":"B089","compatibleForms":["U01","U03","U04","U11","U12"]},"geometry":{"type":"Polygon","coordinates":[[[766.3607999999999,893.7225000000001],[783.1112,893.7225000000001],[783.1112,913.5775],[766.3607999999999,913.5775],[766.3607999999999,893.7225000000001]]]}},{"type":"Feature","id":"P1761","properties":{"id":"P1761","layer":"ordinary_parcel","zoneId":"UF09","blockId":"B089","compatibleForms":["U01","U03","U04","U11","U12"]},"geometry":{"type":"Polygon","coordinates":[[[783.9928,893.7225000000001],[800.7432,893.7225000000001],[800.7432,913.5775],[783.9928,913.5775],[783.9928,893.7225000000001]]]}},{"type":"Feature","id":"P1762","properties":{"id":"P1762","layer":"ordinary_parcel","zoneId":"UF09","blockId":"B089","compatibleForms":["U01","U03","U04","U11","U12"]},"geometry":{"type":"Polygon","coordinates":[[[801.6247999999999,893.7225000000001],[818.3752000000001,893.7225000000001],[818.3752000000001,913.5775],[801.6247999999999,913.5775],[801.6247999999999,893.7225000000001]]]}},{"type":"Feature","id":"P1763","properties":{"id":"P1763","layer":"ordinary_parcel","zoneId":"UF09","blockId":"B089","compatibleForms":["U01","U03","U04","U11","U12"]},"geometry":{"type":"Polygon","coordinates":[[[819.2568,893.7225000000001],[836.0072,893.7225000000001],[836.0072,913.5775],[819.2568,913.5775],[819.2568,893.7225000000001]]]}},{"type":"Feature","id":"P1764","properties":{"id":"P1764","layer":"ordinary_parcel","zoneId":"UF09","blockId":"B089","compatibleForms":["U01","U03","U04","U11","U12"]},"geometry":{"type":"Polygon","coordinates":[[[836.8888,893.7225000000001],[853.6392000000001,893.7225000000001],[853.6392000000001,913.5775],[836.8888,913.5775],[836.8888,893.7225000000001]]]}},{"type":"Feature","id":"P1765","properties":{"id":"P1765","layer":"ordinary_parcel","zoneId":"UF09","blockId":"B089","compatibleForms":["U01","U03","U04","U11","U12"]},"geometry":{"type":"Polygon","coordinates":[[[766.3607999999999,914.6225000000001],[783.1112,914.6225000000001],[783.1112,934.4775],[766.3607999999999,934.4775],[766.3607999999999,914.6225000000001]]]}},{"type":"Feature","id":"P1766","properties":{"id":"P1766","layer":"ordinary_parcel","zoneId":"UF09","blockId":"B089","compatibleForms":["U01","U03","U04","U11","U12"]},"geometry":{"type":"Polygon","coordinates":[[[783.9928,914.6225000000001],[800.7432,914.6225000000001],[800.7432,934.4775],[783.9928,934.4775],[783.9928,914.6225000000001]]]}},{"type":"Feature","id":"P1767","properties":{"id":"P1767","layer":"ordinary_parcel","zoneId":"UF09","blockId":"B089","compatibleForms":["U01","U03","U04","U11","U12"]},"geometry":{"type":"Polygon","coordinates":[[[801.6247999999999,914.6225000000001],[818.3752000000001,914.6225000000001],[818.3752000000001,934.4775],[801.6247999999999,934.4775],[801.6247999999999,914.6225000000001]]]}},{"type":"Feature","id":"P1768","properties":{"id":"P1768","layer":"ordinary_parcel","zoneId":"UF09","blockId":"B089","compatibleForms":["U01","U03","U04","U11","U12"]},"geometry":{"type":"Polygon","coordinates":[[[819.2568,914.6225000000001],[836.0072,914.6225000000001],[836.0072,934.4775],[819.2568,934.4775],[819.2568,914.6225000000001]]]}},{"type":"Feature","id":"P1769","properties":{"id":"P1769","layer":"ordinary_parcel","zoneId":"UF09","blockId":"B089","compatibleForms":["U01","U03","U04","U11","U12"]},"geometry":{"type":"Polygon","coordinates":[[[836.8888,914.6225000000001],[853.6392000000001,914.6225000000001],[853.6392000000001,934.4775],[836.8888,934.4775],[836.8888,914.6225000000001]]]}},{"type":"Feature","id":"P1770","properties":{"id":"P1770","layer":"ordinary_parcel","zoneId":"UF09","blockId":"B089","compatibleForms":["U01","U03","U04","U11","U12"]},"geometry":{"type":"Polygon","coordinates":[[[766.471,935.5225],[787.409,935.5225],[787.409,955.3774999999999],[766.471,955.3774999999999],[766.471,935.5225]]]}},{"type":"Feature","id":"P1771","properties":{"id":"P1771","layer":"ordinary_parcel","zoneId":"UF09","blockId":"B089","compatibleForms":["U01","U03","U04","U11","U12"]},"geometry":{"type":"Polygon","coordinates":[[[788.5110000000001,935.5225],[809.449,935.5225],[809.449,955.3774999999999],[788.5110000000001,955.3774999999999],[788.5110000000001,935.5225]]]}},{"type":"Feature","id":"P1772","properties":{"id":"P1772","layer":"ordinary_parcel","zoneId":"UF09","blockId":"B089","compatibleForms":["U01","U03","U04","U11","U12"]},"geometry":{"type":"Polygon","coordinates":[[[810.551,935.5225],[831.4889999999999,935.5225],[831.4889999999999,955.3774999999999],[810.551,955.3774999999999],[810.551,935.5225]]]}},{"type":"Feature","id":"P1773","properties":{"id":"P1773","layer":"ordinary_parcel","zoneId":"UF09","blockId":"B089","compatibleForms":["U01","U03","U04","U11","U12"]},"geometry":{"type":"Polygon","coordinates":[[[832.591,935.5225],[853.529,935.5225],[853.529,955.3774999999999],[832.591,955.3774999999999],[832.591,935.5225]]]}},{"type":"Feature","id":"P1774","properties":{"id":"P1774","layer":"ordinary_parcel","zoneId":"UF09","blockId":"B089","compatibleForms":["U01","U03","U04","U11","U12"]},"geometry":{"type":"Polygon","coordinates":[[[766.471,956.4225],[787.409,956.4225],[787.409,976.2774999999999],[766.471,976.2774999999999],[766.471,956.4225]]]}},{"type":"Feature","id":"P1775","properties":{"id":"P1775","layer":"ordinary_parcel","zoneId":"UF09","blockId":"B089","compatibleForms":["U01","U03","U04","U11","U12"]},"geometry":{"type":"Polygon","coordinates":[[[788.5110000000001,956.4225],[809.449,956.4225],[809.449,976.2774999999999],[788.5110000000001,976.2774999999999],[788.5110000000001,956.4225]]]}},{"type":"Feature","id":"P1776","properties":{"id":"P1776","layer":"ordinary_parcel","zoneId":"UF09","blockId":"B089","compatibleForms":["U01","U03","U04","U11","U12"]},"geometry":{"type":"Polygon","coordinates":[[[810.551,956.4225],[831.4889999999999,956.4225],[831.4889999999999,976.2774999999999],[810.551,976.2774999999999],[810.551,956.4225]]]}},{"type":"Feature","id":"P1777","properties":{"id":"P1777","layer":"ordinary_parcel","zoneId":"UF09","blockId":"B089","compatibleForms":["U01","U03","U04","U11","U12"]},"geometry":{"type":"Polygon","coordinates":[[[832.591,956.4225],[853.529,956.4225],[853.529,976.2774999999999],[832.591,976.2774999999999],[832.591,956.4225]]]}},{"type":"Feature","id":"B090","properties":{"id":"B090","layer":"block_cluster","zoneId":"UF09","sequenceInZone":7},"geometry":{"type":"Polygon","coordinates":[[[881.92,893.2],[970.08,893.2],[970.08,976.8],[881.92,976.8],[881.92,893.2]]]}},{"type":"Feature","id":"P1778","properties":{"id":"P1778","layer":"ordinary_parcel","zoneId":"UF09","blockId":"B090","compatibleForms":["U01","U03","U04","U11","U12"]},"geometry":{"type":"Polygon","coordinates":[[[882.3607999999999,893.7225000000001],[899.1112,893.7225000000001],[899.1112,913.5775],[882.3607999999999,913.5775],[882.3607999999999,893.7225000000001]]]}},{"type":"Feature","id":"P1779","properties":{"id":"P1779","layer":"ordinary_parcel","zoneId":"UF09","blockId":"B090","compatibleForms":["U01","U03","U04","U11","U12"]},"geometry":{"type":"Polygon","coordinates":[[[899.9928,893.7225000000001],[916.7432,893.7225000000001],[916.7432,913.5775],[899.9928,913.5775],[899.9928,893.7225000000001]]]}},{"type":"Feature","id":"P1780","properties":{"id":"P1780","layer":"ordinary_parcel","zoneId":"UF09","blockId":"B090","compatibleForms":["U01","U03","U04","U11","U12"]},"geometry":{"type":"Polygon","coordinates":[[[917.6247999999999,893.7225000000001],[934.3752000000001,893.7225000000001],[934.3752000000001,913.5775],[917.6247999999999,913.5775],[917.6247999999999,893.7225000000001]]]}},{"type":"Feature","id":"P1781","properties":{"id":"P1781","layer":"ordinary_parcel","zoneId":"UF09","blockId":"B090","compatibleForms":["U01","U03","U04","U11","U12"]},"geometry":{"type":"Polygon","coordinates":[[[935.2568,893.7225000000001],[952.0072,893.7225000000001],[952.0072,913.5775],[935.2568,913.5775],[935.2568,893.7225000000001]]]}},{"type":"Feature","id":"P1782","properties":{"id":"P1782","layer":"ordinary_parcel","zoneId":"UF09","blockId":"B090","compatibleForms":["U01","U03","U04","U11","U12"]},"geometry":{"type":"Polygon","coordinates":[[[952.8888,893.7225000000001],[969.6392000000001,893.7225000000001],[969.6392000000001,913.5775],[952.8888,913.5775],[952.8888,893.7225000000001]]]}},{"type":"Feature","id":"P1783","properties":{"id":"P1783","layer":"ordinary_parcel","zoneId":"UF09","blockId":"B090","compatibleForms":["U01","U03","U04","U11","U12"]},"geometry":{"type":"Polygon","coordinates":[[[882.3607999999999,914.6225000000001],[899.1112,914.6225000000001],[899.1112,934.4775],[882.3607999999999,934.4775],[882.3607999999999,914.6225000000001]]]}},{"type":"Feature","id":"P1784","properties":{"id":"P1784","layer":"ordinary_parcel","zoneId":"UF09","blockId":"B090","compatibleForms":["U01","U03","U04","U11","U12"]},"geometry":{"type":"Polygon","coordinates":[[[899.9928,914.6225000000001],[916.7432,914.6225000000001],[916.7432,934.4775],[899.9928,934.4775],[899.9928,914.6225000000001]]]}},{"type":"Feature","id":"P1785","properties":{"id":"P1785","layer":"ordinary_parcel","zoneId":"UF09","blockId":"B090","compatibleForms":["U01","U03","U04","U11","U12"]},"geometry":{"type":"Polygon","coordinates":[[[917.6247999999999,914.6225000000001],[934.3752000000001,914.6225000000001],[934.3752000000001,934.4775],[917.6247999999999,934.4775],[917.6247999999999,914.6225000000001]]]}},{"type":"Feature","id":"P1786","properties":{"id":"P1786","layer":"ordinary_parcel","zoneId":"UF09","blockId":"B090","compatibleForms":["U01","U03","U04","U11","U12"]},"geometry":{"type":"Polygon","coordinates":[[[935.2568,914.6225000000001],[952.0072,914.6225000000001],[952.0072,934.4775],[935.2568,934.4775],[935.2568,914.6225000000001]]]}},{"type":"Feature","id":"P1787","properties":{"id":"P1787","layer":"ordinary_parcel","zoneId":"UF09","blockId":"B090","compatibleForms":["U01","U03","U04","U11","U12"]},"geometry":{"type":"Polygon","coordinates":[[[952.8888,914.6225000000001],[969.6392000000001,914.6225000000001],[969.6392000000001,934.4775],[952.8888,934.4775],[952.8888,914.6225000000001]]]}},{"type":"Feature","id":"P1788","properties":{"id":"P1788","layer":"ordinary_parcel","zoneId":"UF09","blockId":"B090","compatibleForms":["U01","U03","U04","U11","U12"]},"geometry":{"type":"Polygon","coordinates":[[[882.471,935.5225],[903.409,935.5225],[903.409,955.3774999999999],[882.471,955.3774999999999],[882.471,935.5225]]]}},{"type":"Feature","id":"P1789","properties":{"id":"P1789","layer":"ordinary_parcel","zoneId":"UF09","blockId":"B090","compatibleForms":["U01","U03","U04","U11","U12"]},"geometry":{"type":"Polygon","coordinates":[[[904.5110000000001,935.5225],[925.449,935.5225],[925.449,955.3774999999999],[904.5110000000001,955.3774999999999],[904.5110000000001,935.5225]]]}},{"type":"Feature","id":"P1790","properties":{"id":"P1790","layer":"ordinary_parcel","zoneId":"UF09","blockId":"B090","compatibleForms":["U01","U03","U04","U11","U12"]},"geometry":{"type":"Polygon","coordinates":[[[926.551,935.5225],[947.4889999999999,935.5225],[947.4889999999999,955.3774999999999],[926.551,955.3774999999999],[926.551,935.5225]]]}},{"type":"Feature","id":"P1791","properties":{"id":"P1791","layer":"ordinary_parcel","zoneId":"UF09","blockId":"B090","compatibleForms":["U01","U03","U04","U11","U12"]},"geometry":{"type":"Polygon","coordinates":[[[948.591,935.5225],[969.529,935.5225],[969.529,955.3774999999999],[948.591,955.3774999999999],[948.591,935.5225]]]}},{"type":"Feature","id":"P1792","properties":{"id":"P1792","layer":"ordinary_parcel","zoneId":"UF09","blockId":"B090","compatibleForms":["U01","U03","U04","U11","U12"]},"geometry":{"type":"Polygon","coordinates":[[[882.471,956.4225],[903.409,956.4225],[903.409,976.2774999999999],[882.471,976.2774999999999],[882.471,956.4225]]]}},{"type":"Feature","id":"P1793","properties":{"id":"P1793","layer":"ordinary_parcel","zoneId":"UF09","blockId":"B090","compatibleForms":["U01","U03","U04","U11","U12"]},"geometry":{"type":"Polygon","coordinates":[[[904.5110000000001,956.4225],[925.449,956.4225],[925.449,976.2774999999999],[904.5110000000001,976.2774999999999],[904.5110000000001,956.4225]]]}},{"type":"Feature","id":"P1794","properties":{"id":"P1794","layer":"ordinary_parcel","zoneId":"UF09","blockId":"B090","compatibleForms":["U01","U03","U04","U11","U12"]},"geometry":{"type":"Polygon","coordinates":[[[926.551,956.4225],[947.4889999999999,956.4225],[947.4889999999999,976.2774999999999],[926.551,976.2774999999999],[926.551,956.4225]]]}},{"type":"Feature","id":"P1795","properties":{"id":"P1795","layer":"ordinary_parcel","zoneId":"UF09","blockId":"B090","compatibleForms":["U01","U03","U04","U11","U12"]},"geometry":{"type":"Polygon","coordinates":[[[948.591,956.4225],[969.529,956.4225],[969.529,976.2774999999999],[948.591,976.2774999999999],[948.591,956.4225]]]}},{"type":"Feature","id":"B091","properties":{"id":"B091","layer":"block_cluster","zoneId":"UF10","sequenceInZone":1},"geometry":{"type":"Polygon","coordinates":[[[291,964.8],[352.75,964.8],[352.75,1058.5333333333333],[291,1058.5333333333333],[291,964.8]]]}},{"type":"Feature","id":"P1796","properties":{"id":"P1796","layer":"ordinary_parcel","zoneId":"UF10","blockId":"B091","compatibleForms":["U01","U02","U10","U07"]},"geometry":{"type":"Polygon","coordinates":[[[291.3859375,965.1905555555555],[306.0515625,965.1905555555555],[306.0515625,980.0316666666666],[291.3859375,980.0316666666666],[291.3859375,965.1905555555555]]]}},{"type":"Feature","id":"P1797","properties":{"id":"P1797","layer":"ordinary_parcel","zoneId":"UF10","blockId":"B091","compatibleForms":["U01","U02","U10","U07"]},"geometry":{"type":"Polygon","coordinates":[[[306.8234375,965.1905555555555],[321.4890625,965.1905555555555],[321.4890625,980.0316666666666],[306.8234375,980.0316666666666],[306.8234375,965.1905555555555]]]}},{"type":"Feature","id":"P1798","properties":{"id":"P1798","layer":"ordinary_parcel","zoneId":"UF10","blockId":"B091","compatibleForms":["U01","U02","U10","U07"]},"geometry":{"type":"Polygon","coordinates":[[[322.2609375,965.1905555555555],[336.9265625,965.1905555555555],[336.9265625,980.0316666666666],[322.2609375,980.0316666666666],[322.2609375,965.1905555555555]]]}},{"type":"Feature","id":"P1799","properties":{"id":"P1799","layer":"ordinary_parcel","zoneId":"UF10","blockId":"B091","compatibleForms":["U01","U02","U10","U07"]},"geometry":{"type":"Polygon","coordinates":[[[337.6984375,965.1905555555555],[352.3640625,965.1905555555555],[352.3640625,980.0316666666666],[337.6984375,980.0316666666666],[337.6984375,965.1905555555555]]]}},{"type":"Feature","id":"P1800","properties":{"id":"P1800","layer":"ordinary_parcel","zoneId":"UF10","blockId":"B091","compatibleForms":["U01","U02","U10","U07"]},"geometry":{"type":"Polygon","coordinates":[[[291.3859375,980.8127777777778],[306.0515625,980.8127777777778],[306.0515625,995.6538888888888],[291.3859375,995.6538888888888],[291.3859375,980.8127777777778]]]}},{"type":"Feature","id":"P1801","properties":{"id":"P1801","layer":"ordinary_parcel","zoneId":"UF10","blockId":"B091","compatibleForms":["U01","U02","U10","U07"]},"geometry":{"type":"Polygon","coordinates":[[[306.8234375,980.8127777777778],[321.4890625,980.8127777777778],[321.4890625,995.6538888888888],[306.8234375,995.6538888888888],[306.8234375,980.8127777777778]]]}},{"type":"Feature","id":"P1802","properties":{"id":"P1802","layer":"ordinary_parcel","zoneId":"UF10","blockId":"B091","compatibleForms":["U01","U02","U10","U07"]},"geometry":{"type":"Polygon","coordinates":[[[322.2609375,980.8127777777778],[336.9265625,980.8127777777778],[336.9265625,995.6538888888888],[322.2609375,995.6538888888888],[322.2609375,980.8127777777778]]]}},{"type":"Feature","id":"P1803","properties":{"id":"P1803","layer":"ordinary_parcel","zoneId":"UF10","blockId":"B091","compatibleForms":["U01","U02","U10","U07"]},"geometry":{"type":"Polygon","coordinates":[[[337.6984375,980.8127777777778],[352.3640625,980.8127777777778],[352.3640625,995.6538888888888],[337.6984375,995.6538888888888],[337.6984375,980.8127777777778]]]}},{"type":"Feature","id":"P1804","properties":{"id":"P1804","layer":"ordinary_parcel","zoneId":"UF10","blockId":"B091","compatibleForms":["U01","U02","U10","U07"]},"geometry":{"type":"Polygon","coordinates":[[[291.3859375,996.435],[306.0515625,996.435],[306.0515625,1011.276111111111],[291.3859375,1011.276111111111],[291.3859375,996.435]]]}},{"type":"Feature","id":"P1805","properties":{"id":"P1805","layer":"ordinary_parcel","zoneId":"UF10","blockId":"B091","compatibleForms":["U01","U02","U10","U07"]},"geometry":{"type":"Polygon","coordinates":[[[306.8234375,996.435],[321.4890625,996.435],[321.4890625,1011.276111111111],[306.8234375,1011.276111111111],[306.8234375,996.435]]]}},{"type":"Feature","id":"P1806","properties":{"id":"P1806","layer":"ordinary_parcel","zoneId":"UF10","blockId":"B091","compatibleForms":["U01","U02","U10","U07"]},"geometry":{"type":"Polygon","coordinates":[[[322.2609375,996.435],[336.9265625,996.435],[336.9265625,1011.276111111111],[322.2609375,1011.276111111111],[322.2609375,996.435]]]}},{"type":"Feature","id":"P1807","properties":{"id":"P1807","layer":"ordinary_parcel","zoneId":"UF10","blockId":"B091","compatibleForms":["U01","U02","U10","U07"]},"geometry":{"type":"Polygon","coordinates":[[[337.6984375,996.435],[352.3640625,996.435],[352.3640625,1011.276111111111],[337.6984375,1011.276111111111],[337.6984375,996.435]]]}},{"type":"Feature","id":"P1808","properties":{"id":"P1808","layer":"ordinary_parcel","zoneId":"UF10","blockId":"B091","compatibleForms":["U01","U02","U10","U07"]},"geometry":{"type":"Polygon","coordinates":[[[291.3859375,1012.0572222222222],[306.0515625,1012.0572222222222],[306.0515625,1026.8983333333333],[291.3859375,1026.8983333333333],[291.3859375,1012.0572222222222]]]}},{"type":"Feature","id":"P1809","properties":{"id":"P1809","layer":"ordinary_parcel","zoneId":"UF10","blockId":"B091","compatibleForms":["U01","U02","U10","U07"]},"geometry":{"type":"Polygon","coordinates":[[[306.8234375,1012.0572222222222],[321.4890625,1012.0572222222222],[321.4890625,1026.8983333333333],[306.8234375,1026.8983333333333],[306.8234375,1012.0572222222222]]]}},{"type":"Feature","id":"P1810","properties":{"id":"P1810","layer":"ordinary_parcel","zoneId":"UF10","blockId":"B091","compatibleForms":["U01","U02","U10","U07"]},"geometry":{"type":"Polygon","coordinates":[[[322.2609375,1012.0572222222222],[336.9265625,1012.0572222222222],[336.9265625,1026.8983333333333],[322.2609375,1026.8983333333333],[322.2609375,1012.0572222222222]]]}},{"type":"Feature","id":"P1811","properties":{"id":"P1811","layer":"ordinary_parcel","zoneId":"UF10","blockId":"B091","compatibleForms":["U01","U02","U10","U07"]},"geometry":{"type":"Polygon","coordinates":[[[337.6984375,1012.0572222222222],[352.3640625,1012.0572222222222],[352.3640625,1026.8983333333333],[337.6984375,1026.8983333333333],[337.6984375,1012.0572222222222]]]}},{"type":"Feature","id":"P1812","properties":{"id":"P1812","layer":"ordinary_parcel","zoneId":"UF10","blockId":"B091","compatibleForms":["U01","U02","U10","U07"]},"geometry":{"type":"Polygon","coordinates":[[[291.3859375,1027.6794444444442],[306.0515625,1027.6794444444442],[306.0515625,1042.5205555555556],[291.3859375,1042.5205555555556],[291.3859375,1027.6794444444442]]]}},{"type":"Feature","id":"P1813","properties":{"id":"P1813","layer":"ordinary_parcel","zoneId":"UF10","blockId":"B091","compatibleForms":["U01","U02","U10","U07"]},"geometry":{"type":"Polygon","coordinates":[[[306.8234375,1027.6794444444442],[321.4890625,1027.6794444444442],[321.4890625,1042.5205555555556],[306.8234375,1042.5205555555556],[306.8234375,1027.6794444444442]]]}},{"type":"Feature","id":"P1814","properties":{"id":"P1814","layer":"ordinary_parcel","zoneId":"UF10","blockId":"B091","compatibleForms":["U01","U02","U10","U07"]},"geometry":{"type":"Polygon","coordinates":[[[322.2609375,1027.6794444444442],[336.9265625,1027.6794444444442],[336.9265625,1042.5205555555556],[322.2609375,1042.5205555555556],[322.2609375,1027.6794444444442]]]}},{"type":"Feature","id":"P1815","properties":{"id":"P1815","layer":"ordinary_parcel","zoneId":"UF10","blockId":"B091","compatibleForms":["U01","U02","U10","U07"]},"geometry":{"type":"Polygon","coordinates":[[[337.6984375,1027.6794444444442],[352.3640625,1027.6794444444442],[352.3640625,1042.5205555555556],[337.6984375,1042.5205555555556],[337.6984375,1027.6794444444442]]]}},{"type":"Feature","id":"P1816","properties":{"id":"P1816","layer":"ordinary_parcel","zoneId":"UF10","blockId":"B091","compatibleForms":["U01","U02","U10","U07"]},"geometry":{"type":"Polygon","coordinates":[[[291.51458333333335,1043.3016666666665],[311.06874999999997,1043.3016666666665],[311.06874999999997,1058.1427777777778],[291.51458333333335,1058.1427777777778],[291.51458333333335,1043.3016666666665]]]}},{"type":"Feature","id":"P1817","properties":{"id":"P1817","layer":"ordinary_parcel","zoneId":"UF10","blockId":"B091","compatibleForms":["U01","U02","U10","U07"]},"geometry":{"type":"Polygon","coordinates":[[[312.09791666666666,1043.3016666666665],[331.65208333333334,1043.3016666666665],[331.65208333333334,1058.1427777777778],[312.09791666666666,1058.1427777777778],[312.09791666666666,1043.3016666666665]]]}},{"type":"Feature","id":"P1818","properties":{"id":"P1818","layer":"ordinary_parcel","zoneId":"UF10","blockId":"B091","compatibleForms":["U01","U02","U10","U07"]},"geometry":{"type":"Polygon","coordinates":[[[332.68125000000003,1043.3016666666665],[352.23541666666665,1043.3016666666665],[352.23541666666665,1058.1427777777778],[332.68125000000003,1058.1427777777778],[332.68125000000003,1043.3016666666665]]]}},{"type":"Feature","id":"B092","properties":{"id":"B092","layer":"block_cluster","zoneId":"UF10","sequenceInZone":2},"geometry":{"type":"Polygon","coordinates":[[[372.25,964.8],[434,964.8],[434,1058.5333333333333],[372.25,1058.5333333333333],[372.25,964.8]]]}},{"type":"Feature","id":"P1819","properties":{"id":"P1819","layer":"ordinary_parcel","zoneId":"UF10","blockId":"B092","compatibleForms":["U01","U02","U10","U07"]},"geometry":{"type":"Polygon","coordinates":[[[372.6359375,965.1905555555555],[387.3015625,965.1905555555555],[387.3015625,980.0316666666666],[372.6359375,980.0316666666666],[372.6359375,965.1905555555555]]]}},{"type":"Feature","id":"P1820","properties":{"id":"P1820","layer":"ordinary_parcel","zoneId":"UF10","blockId":"B092","compatibleForms":["U01","U02","U10","U07"]},"geometry":{"type":"Polygon","coordinates":[[[388.0734375,965.1905555555555],[402.7390625,965.1905555555555],[402.7390625,980.0316666666666],[388.0734375,980.0316666666666],[388.0734375,965.1905555555555]]]}},{"type":"Feature","id":"P1821","properties":{"id":"P1821","layer":"ordinary_parcel","zoneId":"UF10","blockId":"B092","compatibleForms":["U01","U02","U10","U07"]},"geometry":{"type":"Polygon","coordinates":[[[403.5109375,965.1905555555555],[418.1765625,965.1905555555555],[418.1765625,980.0316666666666],[403.5109375,980.0316666666666],[403.5109375,965.1905555555555]]]}},{"type":"Feature","id":"P1822","properties":{"id":"P1822","layer":"ordinary_parcel","zoneId":"UF10","blockId":"B092","compatibleForms":["U01","U02","U10","U07"]},"geometry":{"type":"Polygon","coordinates":[[[418.9484375,965.1905555555555],[433.6140625,965.1905555555555],[433.6140625,980.0316666666666],[418.9484375,980.0316666666666],[418.9484375,965.1905555555555]]]}},{"type":"Feature","id":"P1823","properties":{"id":"P1823","layer":"ordinary_parcel","zoneId":"UF10","blockId":"B092","compatibleForms":["U01","U02","U10","U07"]},"geometry":{"type":"Polygon","coordinates":[[[372.6359375,980.8127777777778],[387.3015625,980.8127777777778],[387.3015625,995.6538888888888],[372.6359375,995.6538888888888],[372.6359375,980.8127777777778]]]}},{"type":"Feature","id":"P1824","properties":{"id":"P1824","layer":"ordinary_parcel","zoneId":"UF10","blockId":"B092","compatibleForms":["U01","U02","U10","U07"]},"geometry":{"type":"Polygon","coordinates":[[[388.0734375,980.8127777777778],[402.7390625,980.8127777777778],[402.7390625,995.6538888888888],[388.0734375,995.6538888888888],[388.0734375,980.8127777777778]]]}},{"type":"Feature","id":"P1825","properties":{"id":"P1825","layer":"ordinary_parcel","zoneId":"UF10","blockId":"B092","compatibleForms":["U01","U02","U10","U07"]},"geometry":{"type":"Polygon","coordinates":[[[403.5109375,980.8127777777778],[418.1765625,980.8127777777778],[418.1765625,995.6538888888888],[403.5109375,995.6538888888888],[403.5109375,980.8127777777778]]]}},{"type":"Feature","id":"P1826","properties":{"id":"P1826","layer":"ordinary_parcel","zoneId":"UF10","blockId":"B092","compatibleForms":["U01","U02","U10","U07"]},"geometry":{"type":"Polygon","coordinates":[[[418.9484375,980.8127777777778],[433.6140625,980.8127777777778],[433.6140625,995.6538888888888],[418.9484375,995.6538888888888],[418.9484375,980.8127777777778]]]}},{"type":"Feature","id":"P1827","properties":{"id":"P1827","layer":"ordinary_parcel","zoneId":"UF10","blockId":"B092","compatibleForms":["U01","U02","U10","U07"]},"geometry":{"type":"Polygon","coordinates":[[[372.6359375,996.435],[387.3015625,996.435],[387.3015625,1011.276111111111],[372.6359375,1011.276111111111],[372.6359375,996.435]]]}},{"type":"Feature","id":"P1828","properties":{"id":"P1828","layer":"ordinary_parcel","zoneId":"UF10","blockId":"B092","compatibleForms":["U01","U02","U10","U07"]},"geometry":{"type":"Polygon","coordinates":[[[388.0734375,996.435],[402.7390625,996.435],[402.7390625,1011.276111111111],[388.0734375,1011.276111111111],[388.0734375,996.435]]]}},{"type":"Feature","id":"P1829","properties":{"id":"P1829","layer":"ordinary_parcel","zoneId":"UF10","blockId":"B092","compatibleForms":["U01","U02","U10","U07"]},"geometry":{"type":"Polygon","coordinates":[[[403.5109375,996.435],[418.1765625,996.435],[418.1765625,1011.276111111111],[403.5109375,1011.276111111111],[403.5109375,996.435]]]}},{"type":"Feature","id":"P1830","properties":{"id":"P1830","layer":"ordinary_parcel","zoneId":"UF10","blockId":"B092","compatibleForms":["U01","U02","U10","U07"]},"geometry":{"type":"Polygon","coordinates":[[[418.9484375,996.435],[433.6140625,996.435],[433.6140625,1011.276111111111],[418.9484375,1011.276111111111],[418.9484375,996.435]]]}},{"type":"Feature","id":"P1831","properties":{"id":"P1831","layer":"ordinary_parcel","zoneId":"UF10","blockId":"B092","compatibleForms":["U01","U02","U10","U07"]},"geometry":{"type":"Polygon","coordinates":[[[372.6359375,1012.0572222222222],[387.3015625,1012.0572222222222],[387.3015625,1026.8983333333333],[372.6359375,1026.8983333333333],[372.6359375,1012.0572222222222]]]}},{"type":"Feature","id":"P1832","properties":{"id":"P1832","layer":"ordinary_parcel","zoneId":"UF10","blockId":"B092","compatibleForms":["U01","U02","U10","U07"]},"geometry":{"type":"Polygon","coordinates":[[[388.0734375,1012.0572222222222],[402.7390625,1012.0572222222222],[402.7390625,1026.8983333333333],[388.0734375,1026.8983333333333],[388.0734375,1012.0572222222222]]]}},{"type":"Feature","id":"P1833","properties":{"id":"P1833","layer":"ordinary_parcel","zoneId":"UF10","blockId":"B092","compatibleForms":["U01","U02","U10","U07"]},"geometry":{"type":"Polygon","coordinates":[[[403.5109375,1012.0572222222222],[418.1765625,1012.0572222222222],[418.1765625,1026.8983333333333],[403.5109375,1026.8983333333333],[403.5109375,1012.0572222222222]]]}},{"type":"Feature","id":"P1834","properties":{"id":"P1834","layer":"ordinary_parcel","zoneId":"UF10","blockId":"B092","compatibleForms":["U01","U02","U10","U07"]},"geometry":{"type":"Polygon","coordinates":[[[418.9484375,1012.0572222222222],[433.6140625,1012.0572222222222],[433.6140625,1026.8983333333333],[418.9484375,1026.8983333333333],[418.9484375,1012.0572222222222]]]}},{"type":"Feature","id":"P1835","properties":{"id":"P1835","layer":"ordinary_parcel","zoneId":"UF10","blockId":"B092","compatibleForms":["U01","U02","U10","U07"]},"geometry":{"type":"Polygon","coordinates":[[[372.6359375,1027.6794444444442],[387.3015625,1027.6794444444442],[387.3015625,1042.5205555555556],[372.6359375,1042.5205555555556],[372.6359375,1027.6794444444442]]]}},{"type":"Feature","id":"P1836","properties":{"id":"P1836","layer":"ordinary_parcel","zoneId":"UF10","blockId":"B092","compatibleForms":["U01","U02","U10","U07"]},"geometry":{"type":"Polygon","coordinates":[[[388.0734375,1027.6794444444442],[402.7390625,1027.6794444444442],[402.7390625,1042.5205555555556],[388.0734375,1042.5205555555556],[388.0734375,1027.6794444444442]]]}},{"type":"Feature","id":"P1837","properties":{"id":"P1837","layer":"ordinary_parcel","zoneId":"UF10","blockId":"B092","compatibleForms":["U01","U02","U10","U07"]},"geometry":{"type":"Polygon","coordinates":[[[403.5109375,1027.6794444444442],[418.1765625,1027.6794444444442],[418.1765625,1042.5205555555556],[403.5109375,1042.5205555555556],[403.5109375,1027.6794444444442]]]}},{"type":"Feature","id":"P1838","properties":{"id":"P1838","layer":"ordinary_parcel","zoneId":"UF10","blockId":"B092","compatibleForms":["U01","U02","U10","U07"]},"geometry":{"type":"Polygon","coordinates":[[[418.9484375,1027.6794444444442],[433.6140625,1027.6794444444442],[433.6140625,1042.5205555555556],[418.9484375,1042.5205555555556],[418.9484375,1027.6794444444442]]]}},{"type":"Feature","id":"P1839","properties":{"id":"P1839","layer":"ordinary_parcel","zoneId":"UF10","blockId":"B092","compatibleForms":["U01","U02","U10","U07"]},"geometry":{"type":"Polygon","coordinates":[[[372.76458333333335,1043.3016666666665],[392.31874999999997,1043.3016666666665],[392.31874999999997,1058.1427777777778],[372.76458333333335,1058.1427777777778],[372.76458333333335,1043.3016666666665]]]}},{"type":"Feature","id":"P1840","properties":{"id":"P1840","layer":"ordinary_parcel","zoneId":"UF10","blockId":"B092","compatibleForms":["U01","U02","U10","U07"]},"geometry":{"type":"Polygon","coordinates":[[[393.34791666666666,1043.3016666666665],[412.90208333333334,1043.3016666666665],[412.90208333333334,1058.1427777777778],[393.34791666666666,1058.1427777777778],[393.34791666666666,1043.3016666666665]]]}},{"type":"Feature","id":"P1841","properties":{"id":"P1841","layer":"ordinary_parcel","zoneId":"UF10","blockId":"B092","compatibleForms":["U01","U02","U10","U07"]},"geometry":{"type":"Polygon","coordinates":[[[413.93125000000003,1043.3016666666665],[433.48541666666665,1043.3016666666665],[433.48541666666665,1058.1427777777778],[413.93125000000003,1058.1427777777778],[413.93125000000003,1043.3016666666665]]]}},{"type":"Feature","id":"B093","properties":{"id":"B093","layer":"block_cluster","zoneId":"UF10","sequenceInZone":3},"geometry":{"type":"Polygon","coordinates":[[[453.5,964.8],[515.25,964.8],[515.25,1058.5333333333333],[453.5,1058.5333333333333],[453.5,964.8]]]}},{"type":"Feature","id":"P1842","properties":{"id":"P1842","layer":"ordinary_parcel","zoneId":"UF10","blockId":"B093","compatibleForms":["U01","U02","U10","U07"]},"geometry":{"type":"Polygon","coordinates":[[[453.8859375,965.1905555555555],[468.5515625,965.1905555555555],[468.5515625,980.0316666666666],[453.8859375,980.0316666666666],[453.8859375,965.1905555555555]]]}},{"type":"Feature","id":"P1843","properties":{"id":"P1843","layer":"ordinary_parcel","zoneId":"UF10","blockId":"B093","compatibleForms":["U01","U02","U10","U07"]},"geometry":{"type":"Polygon","coordinates":[[[469.3234375,965.1905555555555],[483.9890625,965.1905555555555],[483.9890625,980.0316666666666],[469.3234375,980.0316666666666],[469.3234375,965.1905555555555]]]}},{"type":"Feature","id":"P1844","properties":{"id":"P1844","layer":"ordinary_parcel","zoneId":"UF10","blockId":"B093","compatibleForms":["U01","U02","U10","U07"]},"geometry":{"type":"Polygon","coordinates":[[[484.7609375,965.1905555555555],[499.4265625,965.1905555555555],[499.4265625,980.0316666666666],[484.7609375,980.0316666666666],[484.7609375,965.1905555555555]]]}},{"type":"Feature","id":"P1845","properties":{"id":"P1845","layer":"ordinary_parcel","zoneId":"UF10","blockId":"B093","compatibleForms":["U01","U02","U10","U07"]},"geometry":{"type":"Polygon","coordinates":[[[500.1984375,965.1905555555555],[514.8640625,965.1905555555555],[514.8640625,980.0316666666666],[500.1984375,980.0316666666666],[500.1984375,965.1905555555555]]]}},{"type":"Feature","id":"P1846","properties":{"id":"P1846","layer":"ordinary_parcel","zoneId":"UF10","blockId":"B093","compatibleForms":["U01","U02","U10","U07"]},"geometry":{"type":"Polygon","coordinates":[[[453.8859375,980.8127777777778],[468.5515625,980.8127777777778],[468.5515625,995.6538888888888],[453.8859375,995.6538888888888],[453.8859375,980.8127777777778]]]}},{"type":"Feature","id":"P1847","properties":{"id":"P1847","layer":"ordinary_parcel","zoneId":"UF10","blockId":"B093","compatibleForms":["U01","U02","U10","U07"]},"geometry":{"type":"Polygon","coordinates":[[[469.3234375,980.8127777777778],[483.9890625,980.8127777777778],[483.9890625,995.6538888888888],[469.3234375,995.6538888888888],[469.3234375,980.8127777777778]]]}},{"type":"Feature","id":"P1848","properties":{"id":"P1848","layer":"ordinary_parcel","zoneId":"UF10","blockId":"B093","compatibleForms":["U01","U02","U10","U07"]},"geometry":{"type":"Polygon","coordinates":[[[484.7609375,980.8127777777778],[499.4265625,980.8127777777778],[499.4265625,995.6538888888888],[484.7609375,995.6538888888888],[484.7609375,980.8127777777778]]]}},{"type":"Feature","id":"P1849","properties":{"id":"P1849","layer":"ordinary_parcel","zoneId":"UF10","blockId":"B093","compatibleForms":["U01","U02","U10","U07"]},"geometry":{"type":"Polygon","coordinates":[[[500.1984375,980.8127777777778],[514.8640625,980.8127777777778],[514.8640625,995.6538888888888],[500.1984375,995.6538888888888],[500.1984375,980.8127777777778]]]}},{"type":"Feature","id":"P1850","properties":{"id":"P1850","layer":"ordinary_parcel","zoneId":"UF10","blockId":"B093","compatibleForms":["U01","U02","U10","U07"]},"geometry":{"type":"Polygon","coordinates":[[[453.8859375,996.435],[468.5515625,996.435],[468.5515625,1011.276111111111],[453.8859375,1011.276111111111],[453.8859375,996.435]]]}},{"type":"Feature","id":"P1851","properties":{"id":"P1851","layer":"ordinary_parcel","zoneId":"UF10","blockId":"B093","compatibleForms":["U01","U02","U10","U07"]},"geometry":{"type":"Polygon","coordinates":[[[469.3234375,996.435],[483.9890625,996.435],[483.9890625,1011.276111111111],[469.3234375,1011.276111111111],[469.3234375,996.435]]]}},{"type":"Feature","id":"P1852","properties":{"id":"P1852","layer":"ordinary_parcel","zoneId":"UF10","blockId":"B093","compatibleForms":["U01","U02","U10","U07"]},"geometry":{"type":"Polygon","coordinates":[[[484.7609375,996.435],[499.4265625,996.435],[499.4265625,1011.276111111111],[484.7609375,1011.276111111111],[484.7609375,996.435]]]}},{"type":"Feature","id":"P1853","properties":{"id":"P1853","layer":"ordinary_parcel","zoneId":"UF10","blockId":"B093","compatibleForms":["U01","U02","U10","U07"]},"geometry":{"type":"Polygon","coordinates":[[[500.1984375,996.435],[514.8640625,996.435],[514.8640625,1011.276111111111],[500.1984375,1011.276111111111],[500.1984375,996.435]]]}},{"type":"Feature","id":"P1854","properties":{"id":"P1854","layer":"ordinary_parcel","zoneId":"UF10","blockId":"B093","compatibleForms":["U01","U02","U10","U07"]},"geometry":{"type":"Polygon","coordinates":[[[453.8859375,1012.0572222222222],[468.5515625,1012.0572222222222],[468.5515625,1026.8983333333333],[453.8859375,1026.8983333333333],[453.8859375,1012.0572222222222]]]}},{"type":"Feature","id":"P1855","properties":{"id":"P1855","layer":"ordinary_parcel","zoneId":"UF10","blockId":"B093","compatibleForms":["U01","U02","U10","U07"]},"geometry":{"type":"Polygon","coordinates":[[[469.3234375,1012.0572222222222],[483.9890625,1012.0572222222222],[483.9890625,1026.8983333333333],[469.3234375,1026.8983333333333],[469.3234375,1012.0572222222222]]]}},{"type":"Feature","id":"P1856","properties":{"id":"P1856","layer":"ordinary_parcel","zoneId":"UF10","blockId":"B093","compatibleForms":["U01","U02","U10","U07"]},"geometry":{"type":"Polygon","coordinates":[[[484.7609375,1012.0572222222222],[499.4265625,1012.0572222222222],[499.4265625,1026.8983333333333],[484.7609375,1026.8983333333333],[484.7609375,1012.0572222222222]]]}},{"type":"Feature","id":"P1857","properties":{"id":"P1857","layer":"ordinary_parcel","zoneId":"UF10","blockId":"B093","compatibleForms":["U01","U02","U10","U07"]},"geometry":{"type":"Polygon","coordinates":[[[500.1984375,1012.0572222222222],[514.8640625,1012.0572222222222],[514.8640625,1026.8983333333333],[500.1984375,1026.8983333333333],[500.1984375,1012.0572222222222]]]}},{"type":"Feature","id":"P1858","properties":{"id":"P1858","layer":"ordinary_parcel","zoneId":"UF10","blockId":"B093","compatibleForms":["U01","U02","U10","U07"]},"geometry":{"type":"Polygon","coordinates":[[[453.8859375,1027.6794444444442],[468.5515625,1027.6794444444442],[468.5515625,1042.5205555555556],[453.8859375,1042.5205555555556],[453.8859375,1027.6794444444442]]]}},{"type":"Feature","id":"P1859","properties":{"id":"P1859","layer":"ordinary_parcel","zoneId":"UF10","blockId":"B093","compatibleForms":["U01","U02","U10","U07"]},"geometry":{"type":"Polygon","coordinates":[[[469.3234375,1027.6794444444442],[483.9890625,1027.6794444444442],[483.9890625,1042.5205555555556],[469.3234375,1042.5205555555556],[469.3234375,1027.6794444444442]]]}},{"type":"Feature","id":"P1860","properties":{"id":"P1860","layer":"ordinary_parcel","zoneId":"UF10","blockId":"B093","compatibleForms":["U01","U02","U10","U07"]},"geometry":{"type":"Polygon","coordinates":[[[484.7609375,1027.6794444444442],[499.4265625,1027.6794444444442],[499.4265625,1042.5205555555556],[484.7609375,1042.5205555555556],[484.7609375,1027.6794444444442]]]}},{"type":"Feature","id":"P1861","properties":{"id":"P1861","layer":"ordinary_parcel","zoneId":"UF10","blockId":"B093","compatibleForms":["U01","U02","U10","U07"]},"geometry":{"type":"Polygon","coordinates":[[[500.1984375,1027.6794444444442],[514.8640625,1027.6794444444442],[514.8640625,1042.5205555555556],[500.1984375,1042.5205555555556],[500.1984375,1027.6794444444442]]]}},{"type":"Feature","id":"P1862","properties":{"id":"P1862","layer":"ordinary_parcel","zoneId":"UF10","blockId":"B093","compatibleForms":["U01","U02","U10","U07"]},"geometry":{"type":"Polygon","coordinates":[[[454.01458333333335,1043.3016666666665],[473.56874999999997,1043.3016666666665],[473.56874999999997,1058.1427777777778],[454.01458333333335,1058.1427777777778],[454.01458333333335,1043.3016666666665]]]}},{"type":"Feature","id":"P1863","properties":{"id":"P1863","layer":"ordinary_parcel","zoneId":"UF10","blockId":"B093","compatibleForms":["U01","U02","U10","U07"]},"geometry":{"type":"Polygon","coordinates":[[[474.59791666666666,1043.3016666666665],[494.15208333333334,1043.3016666666665],[494.15208333333334,1058.1427777777778],[474.59791666666666,1058.1427777777778],[474.59791666666666,1043.3016666666665]]]}},{"type":"Feature","id":"P1864","properties":{"id":"P1864","layer":"ordinary_parcel","zoneId":"UF10","blockId":"B093","compatibleForms":["U01","U02","U10","U07"]},"geometry":{"type":"Polygon","coordinates":[[[495.18125000000003,1043.3016666666665],[514.7354166666667,1043.3016666666665],[514.7354166666667,1058.1427777777778],[495.18125000000003,1058.1427777777778],[495.18125000000003,1043.3016666666665]]]}},{"type":"Feature","id":"B094","properties":{"id":"B094","layer":"block_cluster","zoneId":"UF10","sequenceInZone":4},"geometry":{"type":"Polygon","coordinates":[[[291,1088.1333333333332],[352.75,1088.1333333333332],[352.75,1181.8666666666668],[291,1181.8666666666668],[291,1088.1333333333332]]]}},{"type":"Feature","id":"P1865","properties":{"id":"P1865","layer":"ordinary_parcel","zoneId":"UF10","blockId":"B094","compatibleForms":["U01","U02","U10","U07"]},"geometry":{"type":"Polygon","coordinates":[[[291.3859375,1088.5238888888887],[306.0515625,1088.5238888888887],[306.0515625,1103.365],[291.3859375,1103.365],[291.3859375,1088.5238888888887]]]}},{"type":"Feature","id":"P1866","properties":{"id":"P1866","layer":"ordinary_parcel","zoneId":"UF10","blockId":"B094","compatibleForms":["U01","U02","U10","U07"]},"geometry":{"type":"Polygon","coordinates":[[[306.8234375,1088.5238888888887],[321.4890625,1088.5238888888887],[321.4890625,1103.365],[306.8234375,1103.365],[306.8234375,1088.5238888888887]]]}},{"type":"Feature","id":"P1867","properties":{"id":"P1867","layer":"ordinary_parcel","zoneId":"UF10","blockId":"B094","compatibleForms":["U01","U02","U10","U07"]},"geometry":{"type":"Polygon","coordinates":[[[322.2609375,1088.5238888888887],[336.9265625,1088.5238888888887],[336.9265625,1103.365],[322.2609375,1103.365],[322.2609375,1088.5238888888887]]]}},{"type":"Feature","id":"P1868","properties":{"id":"P1868","layer":"ordinary_parcel","zoneId":"UF10","blockId":"B094","compatibleForms":["U01","U02","U10","U07"]},"geometry":{"type":"Polygon","coordinates":[[[337.6984375,1088.5238888888887],[352.3640625,1088.5238888888887],[352.3640625,1103.365],[337.6984375,1103.365],[337.6984375,1088.5238888888887]]]}},{"type":"Feature","id":"P1869","properties":{"id":"P1869","layer":"ordinary_parcel","zoneId":"UF10","blockId":"B094","compatibleForms":["U01","U02","U10","U07"]},"geometry":{"type":"Polygon","coordinates":[[[291.3859375,1104.146111111111],[306.0515625,1104.146111111111],[306.0515625,1118.9872222222223],[291.3859375,1118.9872222222223],[291.3859375,1104.146111111111]]]}},{"type":"Feature","id":"P1870","properties":{"id":"P1870","layer":"ordinary_parcel","zoneId":"UF10","blockId":"B094","compatibleForms":["U01","U02","U10","U07"]},"geometry":{"type":"Polygon","coordinates":[[[306.8234375,1104.146111111111],[321.4890625,1104.146111111111],[321.4890625,1118.9872222222223],[306.8234375,1118.9872222222223],[306.8234375,1104.146111111111]]]}},{"type":"Feature","id":"P1871","properties":{"id":"P1871","layer":"ordinary_parcel","zoneId":"UF10","blockId":"B094","compatibleForms":["U01","U02","U10","U07"]},"geometry":{"type":"Polygon","coordinates":[[[322.2609375,1104.146111111111],[336.9265625,1104.146111111111],[336.9265625,1118.9872222222223],[322.2609375,1118.9872222222223],[322.2609375,1104.146111111111]]]}},{"type":"Feature","id":"P1872","properties":{"id":"P1872","layer":"ordinary_parcel","zoneId":"UF10","blockId":"B094","compatibleForms":["U01","U02","U10","U07"]},"geometry":{"type":"Polygon","coordinates":[[[337.6984375,1104.146111111111],[352.3640625,1104.146111111111],[352.3640625,1118.9872222222223],[337.6984375,1118.9872222222223],[337.6984375,1104.146111111111]]]}},{"type":"Feature","id":"P1873","properties":{"id":"P1873","layer":"ordinary_parcel","zoneId":"UF10","blockId":"B094","compatibleForms":["U01","U02","U10","U07"]},"geometry":{"type":"Polygon","coordinates":[[[291.3859375,1119.7683333333332],[306.0515625,1119.7683333333332],[306.0515625,1134.6094444444445],[291.3859375,1134.6094444444445],[291.3859375,1119.7683333333332]]]}},{"type":"Feature","id":"P1874","properties":{"id":"P1874","layer":"ordinary_parcel","zoneId":"UF10","blockId":"B094","compatibleForms":["U01","U02","U10","U07"]},"geometry":{"type":"Polygon","coordinates":[[[306.8234375,1119.7683333333332],[321.4890625,1119.7683333333332],[321.4890625,1134.6094444444445],[306.8234375,1134.6094444444445],[306.8234375,1119.7683333333332]]]}},{"type":"Feature","id":"P1875","properties":{"id":"P1875","layer":"ordinary_parcel","zoneId":"UF10","blockId":"B094","compatibleForms":["U01","U02","U10","U07"]},"geometry":{"type":"Polygon","coordinates":[[[322.2609375,1119.7683333333332],[336.9265625,1119.7683333333332],[336.9265625,1134.6094444444445],[322.2609375,1134.6094444444445],[322.2609375,1119.7683333333332]]]}},{"type":"Feature","id":"P1876","properties":{"id":"P1876","layer":"ordinary_parcel","zoneId":"UF10","blockId":"B094","compatibleForms":["U01","U02","U10","U07"]},"geometry":{"type":"Polygon","coordinates":[[[337.6984375,1119.7683333333332],[352.3640625,1119.7683333333332],[352.3640625,1134.6094444444445],[337.6984375,1134.6094444444445],[337.6984375,1119.7683333333332]]]}},{"type":"Feature","id":"P1877","properties":{"id":"P1877","layer":"ordinary_parcel","zoneId":"UF10","blockId":"B094","compatibleForms":["U01","U02","U10","U07"]},"geometry":{"type":"Polygon","coordinates":[[[291.3859375,1135.3905555555555],[306.0515625,1135.3905555555555],[306.0515625,1150.2316666666668],[291.3859375,1150.2316666666668],[291.3859375,1135.3905555555555]]]}},{"type":"Feature","id":"P1878","properties":{"id":"P1878","layer":"ordinary_parcel","zoneId":"UF10","blockId":"B094","compatibleForms":["U01","U02","U10","U07"]},"geometry":{"type":"Polygon","coordinates":[[[306.8234375,1135.3905555555555],[321.4890625,1135.3905555555555],[321.4890625,1150.2316666666668],[306.8234375,1150.2316666666668],[306.8234375,1135.3905555555555]]]}},{"type":"Feature","id":"P1879","properties":{"id":"P1879","layer":"ordinary_parcel","zoneId":"UF10","blockId":"B094","compatibleForms":["U01","U02","U10","U07"]},"geometry":{"type":"Polygon","coordinates":[[[322.2609375,1135.3905555555555],[336.9265625,1135.3905555555555],[336.9265625,1150.2316666666668],[322.2609375,1150.2316666666668],[322.2609375,1135.3905555555555]]]}},{"type":"Feature","id":"P1880","properties":{"id":"P1880","layer":"ordinary_parcel","zoneId":"UF10","blockId":"B094","compatibleForms":["U01","U02","U10","U07"]},"geometry":{"type":"Polygon","coordinates":[[[337.6984375,1135.3905555555555],[352.3640625,1135.3905555555555],[352.3640625,1150.2316666666668],[337.6984375,1150.2316666666668],[337.6984375,1135.3905555555555]]]}},{"type":"Feature","id":"P1881","properties":{"id":"P1881","layer":"ordinary_parcel","zoneId":"UF10","blockId":"B094","compatibleForms":["U01","U02","U10","U07"]},"geometry":{"type":"Polygon","coordinates":[[[291.3859375,1151.0127777777777],[306.0515625,1151.0127777777777],[306.0515625,1165.853888888889],[291.3859375,1165.853888888889],[291.3859375,1151.0127777777777]]]}},{"type":"Feature","id":"P1882","properties":{"id":"P1882","layer":"ordinary_parcel","zoneId":"UF10","blockId":"B094","compatibleForms":["U01","U02","U10","U07"]},"geometry":{"type":"Polygon","coordinates":[[[306.8234375,1151.0127777777777],[321.4890625,1151.0127777777777],[321.4890625,1165.853888888889],[306.8234375,1165.853888888889],[306.8234375,1151.0127777777777]]]}},{"type":"Feature","id":"P1883","properties":{"id":"P1883","layer":"ordinary_parcel","zoneId":"UF10","blockId":"B094","compatibleForms":["U01","U02","U10","U07"]},"geometry":{"type":"Polygon","coordinates":[[[322.2609375,1151.0127777777777],[336.9265625,1151.0127777777777],[336.9265625,1165.853888888889],[322.2609375,1165.853888888889],[322.2609375,1151.0127777777777]]]}},{"type":"Feature","id":"P1884","properties":{"id":"P1884","layer":"ordinary_parcel","zoneId":"UF10","blockId":"B094","compatibleForms":["U01","U02","U10","U07"]},"geometry":{"type":"Polygon","coordinates":[[[337.6984375,1151.0127777777777],[352.3640625,1151.0127777777777],[352.3640625,1165.853888888889],[337.6984375,1165.853888888889],[337.6984375,1151.0127777777777]]]}},{"type":"Feature","id":"P1885","properties":{"id":"P1885","layer":"ordinary_parcel","zoneId":"UF10","blockId":"B094","compatibleForms":["U01","U02","U10","U07"]},"geometry":{"type":"Polygon","coordinates":[[[291.51458333333335,1166.635],[311.06874999999997,1166.635],[311.06874999999997,1181.4761111111113],[291.51458333333335,1181.4761111111113],[291.51458333333335,1166.635]]]}},{"type":"Feature","id":"P1886","properties":{"id":"P1886","layer":"ordinary_parcel","zoneId":"UF10","blockId":"B094","compatibleForms":["U01","U02","U10","U07"]},"geometry":{"type":"Polygon","coordinates":[[[312.09791666666666,1166.635],[331.65208333333334,1166.635],[331.65208333333334,1181.4761111111113],[312.09791666666666,1181.4761111111113],[312.09791666666666,1166.635]]]}},{"type":"Feature","id":"P1887","properties":{"id":"P1887","layer":"ordinary_parcel","zoneId":"UF10","blockId":"B094","compatibleForms":["U01","U02","U10","U07"]},"geometry":{"type":"Polygon","coordinates":[[[332.68125000000003,1166.635],[352.23541666666665,1166.635],[352.23541666666665,1181.4761111111113],[332.68125000000003,1181.4761111111113],[332.68125000000003,1166.635]]]}},{"type":"Feature","id":"B095","properties":{"id":"B095","layer":"block_cluster","zoneId":"UF10","sequenceInZone":5},"geometry":{"type":"Polygon","coordinates":[[[372.25,1088.1333333333332],[434,1088.1333333333332],[434,1181.8666666666668],[372.25,1181.8666666666668],[372.25,1088.1333333333332]]]}},{"type":"Feature","id":"P1888","properties":{"id":"P1888","layer":"ordinary_parcel","zoneId":"UF10","blockId":"B095","compatibleForms":["U01","U02","U10","U07"]},"geometry":{"type":"Polygon","coordinates":[[[372.6359375,1088.5238888888887],[387.3015625,1088.5238888888887],[387.3015625,1103.365],[372.6359375,1103.365],[372.6359375,1088.5238888888887]]]}},{"type":"Feature","id":"P1889","properties":{"id":"P1889","layer":"ordinary_parcel","zoneId":"UF10","blockId":"B095","compatibleForms":["U01","U02","U10","U07"]},"geometry":{"type":"Polygon","coordinates":[[[388.0734375,1088.5238888888887],[402.7390625,1088.5238888888887],[402.7390625,1103.365],[388.0734375,1103.365],[388.0734375,1088.5238888888887]]]}},{"type":"Feature","id":"P1890","properties":{"id":"P1890","layer":"ordinary_parcel","zoneId":"UF10","blockId":"B095","compatibleForms":["U01","U02","U10","U07"]},"geometry":{"type":"Polygon","coordinates":[[[403.5109375,1088.5238888888887],[418.1765625,1088.5238888888887],[418.1765625,1103.365],[403.5109375,1103.365],[403.5109375,1088.5238888888887]]]}},{"type":"Feature","id":"P1891","properties":{"id":"P1891","layer":"ordinary_parcel","zoneId":"UF10","blockId":"B095","compatibleForms":["U01","U02","U10","U07"]},"geometry":{"type":"Polygon","coordinates":[[[418.9484375,1088.5238888888887],[433.6140625,1088.5238888888887],[433.6140625,1103.365],[418.9484375,1103.365],[418.9484375,1088.5238888888887]]]}},{"type":"Feature","id":"P1892","properties":{"id":"P1892","layer":"ordinary_parcel","zoneId":"UF10","blockId":"B095","compatibleForms":["U01","U02","U10","U07"]},"geometry":{"type":"Polygon","coordinates":[[[372.6359375,1104.146111111111],[387.3015625,1104.146111111111],[387.3015625,1118.9872222222223],[372.6359375,1118.9872222222223],[372.6359375,1104.146111111111]]]}},{"type":"Feature","id":"P1893","properties":{"id":"P1893","layer":"ordinary_parcel","zoneId":"UF10","blockId":"B095","compatibleForms":["U01","U02","U10","U07"]},"geometry":{"type":"Polygon","coordinates":[[[388.0734375,1104.146111111111],[402.7390625,1104.146111111111],[402.7390625,1118.9872222222223],[388.0734375,1118.9872222222223],[388.0734375,1104.146111111111]]]}},{"type":"Feature","id":"P1894","properties":{"id":"P1894","layer":"ordinary_parcel","zoneId":"UF10","blockId":"B095","compatibleForms":["U01","U02","U10","U07"]},"geometry":{"type":"Polygon","coordinates":[[[403.5109375,1104.146111111111],[418.1765625,1104.146111111111],[418.1765625,1118.9872222222223],[403.5109375,1118.9872222222223],[403.5109375,1104.146111111111]]]}},{"type":"Feature","id":"P1895","properties":{"id":"P1895","layer":"ordinary_parcel","zoneId":"UF10","blockId":"B095","compatibleForms":["U01","U02","U10","U07"]},"geometry":{"type":"Polygon","coordinates":[[[418.9484375,1104.146111111111],[433.6140625,1104.146111111111],[433.6140625,1118.9872222222223],[418.9484375,1118.9872222222223],[418.9484375,1104.146111111111]]]}},{"type":"Feature","id":"P1896","properties":{"id":"P1896","layer":"ordinary_parcel","zoneId":"UF10","blockId":"B095","compatibleForms":["U01","U02","U10","U07"]},"geometry":{"type":"Polygon","coordinates":[[[372.6359375,1119.7683333333332],[387.3015625,1119.7683333333332],[387.3015625,1134.6094444444445],[372.6359375,1134.6094444444445],[372.6359375,1119.7683333333332]]]}},{"type":"Feature","id":"P1897","properties":{"id":"P1897","layer":"ordinary_parcel","zoneId":"UF10","blockId":"B095","compatibleForms":["U01","U02","U10","U07"]},"geometry":{"type":"Polygon","coordinates":[[[388.0734375,1119.7683333333332],[402.7390625,1119.7683333333332],[402.7390625,1134.6094444444445],[388.0734375,1134.6094444444445],[388.0734375,1119.7683333333332]]]}},{"type":"Feature","id":"P1898","properties":{"id":"P1898","layer":"ordinary_parcel","zoneId":"UF10","blockId":"B095","compatibleForms":["U01","U02","U10","U07"]},"geometry":{"type":"Polygon","coordinates":[[[403.5109375,1119.7683333333332],[418.1765625,1119.7683333333332],[418.1765625,1134.6094444444445],[403.5109375,1134.6094444444445],[403.5109375,1119.7683333333332]]]}},{"type":"Feature","id":"P1899","properties":{"id":"P1899","layer":"ordinary_parcel","zoneId":"UF10","blockId":"B095","compatibleForms":["U01","U02","U10","U07"]},"geometry":{"type":"Polygon","coordinates":[[[418.9484375,1119.7683333333332],[433.6140625,1119.7683333333332],[433.6140625,1134.6094444444445],[418.9484375,1134.6094444444445],[418.9484375,1119.7683333333332]]]}},{"type":"Feature","id":"P1900","properties":{"id":"P1900","layer":"ordinary_parcel","zoneId":"UF10","blockId":"B095","compatibleForms":["U01","U02","U10","U07"]},"geometry":{"type":"Polygon","coordinates":[[[372.6359375,1135.3905555555555],[387.3015625,1135.3905555555555],[387.3015625,1150.2316666666668],[372.6359375,1150.2316666666668],[372.6359375,1135.3905555555555]]]}},{"type":"Feature","id":"P1901","properties":{"id":"P1901","layer":"ordinary_parcel","zoneId":"UF10","blockId":"B095","compatibleForms":["U01","U02","U10","U07"]},"geometry":{"type":"Polygon","coordinates":[[[388.0734375,1135.3905555555555],[402.7390625,1135.3905555555555],[402.7390625,1150.2316666666668],[388.0734375,1150.2316666666668],[388.0734375,1135.3905555555555]]]}},{"type":"Feature","id":"P1902","properties":{"id":"P1902","layer":"ordinary_parcel","zoneId":"UF10","blockId":"B095","compatibleForms":["U01","U02","U10","U07"]},"geometry":{"type":"Polygon","coordinates":[[[403.5109375,1135.3905555555555],[418.1765625,1135.3905555555555],[418.1765625,1150.2316666666668],[403.5109375,1150.2316666666668],[403.5109375,1135.3905555555555]]]}},{"type":"Feature","id":"P1903","properties":{"id":"P1903","layer":"ordinary_parcel","zoneId":"UF10","blockId":"B095","compatibleForms":["U01","U02","U10","U07"]},"geometry":{"type":"Polygon","coordinates":[[[418.9484375,1135.3905555555555],[433.6140625,1135.3905555555555],[433.6140625,1150.2316666666668],[418.9484375,1150.2316666666668],[418.9484375,1135.3905555555555]]]}},{"type":"Feature","id":"P1904","properties":{"id":"P1904","layer":"ordinary_parcel","zoneId":"UF10","blockId":"B095","compatibleForms":["U01","U02","U10","U07"]},"geometry":{"type":"Polygon","coordinates":[[[372.6359375,1151.0127777777777],[387.3015625,1151.0127777777777],[387.3015625,1165.853888888889],[372.6359375,1165.853888888889],[372.6359375,1151.0127777777777]]]}},{"type":"Feature","id":"P1905","properties":{"id":"P1905","layer":"ordinary_parcel","zoneId":"UF10","blockId":"B095","compatibleForms":["U01","U02","U10","U07"]},"geometry":{"type":"Polygon","coordinates":[[[388.0734375,1151.0127777777777],[402.7390625,1151.0127777777777],[402.7390625,1165.853888888889],[388.0734375,1165.853888888889],[388.0734375,1151.0127777777777]]]}},{"type":"Feature","id":"P1906","properties":{"id":"P1906","layer":"ordinary_parcel","zoneId":"UF10","blockId":"B095","compatibleForms":["U01","U02","U10","U07"]},"geometry":{"type":"Polygon","coordinates":[[[403.5109375,1151.0127777777777],[418.1765625,1151.0127777777777],[418.1765625,1165.853888888889],[403.5109375,1165.853888888889],[403.5109375,1151.0127777777777]]]}},{"type":"Feature","id":"P1907","properties":{"id":"P1907","layer":"ordinary_parcel","zoneId":"UF10","blockId":"B095","compatibleForms":["U01","U02","U10","U07"]},"geometry":{"type":"Polygon","coordinates":[[[418.9484375,1151.0127777777777],[433.6140625,1151.0127777777777],[433.6140625,1165.853888888889],[418.9484375,1165.853888888889],[418.9484375,1151.0127777777777]]]}},{"type":"Feature","id":"P1908","properties":{"id":"P1908","layer":"ordinary_parcel","zoneId":"UF10","blockId":"B095","compatibleForms":["U01","U02","U10","U07"]},"geometry":{"type":"Polygon","coordinates":[[[372.76458333333335,1166.635],[392.31874999999997,1166.635],[392.31874999999997,1181.4761111111113],[372.76458333333335,1181.4761111111113],[372.76458333333335,1166.635]]]}},{"type":"Feature","id":"P1909","properties":{"id":"P1909","layer":"ordinary_parcel","zoneId":"UF10","blockId":"B095","compatibleForms":["U01","U02","U10","U07"]},"geometry":{"type":"Polygon","coordinates":[[[393.34791666666666,1166.635],[412.90208333333334,1166.635],[412.90208333333334,1181.4761111111113],[393.34791666666666,1181.4761111111113],[393.34791666666666,1166.635]]]}},{"type":"Feature","id":"P1910","properties":{"id":"P1910","layer":"ordinary_parcel","zoneId":"UF10","blockId":"B095","compatibleForms":["U01","U02","U10","U07"]},"geometry":{"type":"Polygon","coordinates":[[[413.93125000000003,1166.635],[433.48541666666665,1166.635],[433.48541666666665,1181.4761111111113],[413.93125000000003,1181.4761111111113],[413.93125000000003,1166.635]]]}},{"type":"Feature","id":"B096","properties":{"id":"B096","layer":"block_cluster","zoneId":"UF10","sequenceInZone":6},"geometry":{"type":"Polygon","coordinates":[[[453.5,1088.1333333333332],[515.25,1088.1333333333332],[515.25,1181.8666666666668],[453.5,1181.8666666666668],[453.5,1088.1333333333332]]]}},{"type":"Feature","id":"P1911","properties":{"id":"P1911","layer":"ordinary_parcel","zoneId":"UF10","blockId":"B096","compatibleForms":["U01","U02","U10","U07"]},"geometry":{"type":"Polygon","coordinates":[[[453.8859375,1088.5238888888887],[468.5515625,1088.5238888888887],[468.5515625,1103.365],[453.8859375,1103.365],[453.8859375,1088.5238888888887]]]}},{"type":"Feature","id":"P1912","properties":{"id":"P1912","layer":"ordinary_parcel","zoneId":"UF10","blockId":"B096","compatibleForms":["U01","U02","U10","U07"]},"geometry":{"type":"Polygon","coordinates":[[[469.3234375,1088.5238888888887],[483.9890625,1088.5238888888887],[483.9890625,1103.365],[469.3234375,1103.365],[469.3234375,1088.5238888888887]]]}},{"type":"Feature","id":"P1913","properties":{"id":"P1913","layer":"ordinary_parcel","zoneId":"UF10","blockId":"B096","compatibleForms":["U01","U02","U10","U07"]},"geometry":{"type":"Polygon","coordinates":[[[484.7609375,1088.5238888888887],[499.4265625,1088.5238888888887],[499.4265625,1103.365],[484.7609375,1103.365],[484.7609375,1088.5238888888887]]]}},{"type":"Feature","id":"P1914","properties":{"id":"P1914","layer":"ordinary_parcel","zoneId":"UF10","blockId":"B096","compatibleForms":["U01","U02","U10","U07"]},"geometry":{"type":"Polygon","coordinates":[[[500.1984375,1088.5238888888887],[514.8640625,1088.5238888888887],[514.8640625,1103.365],[500.1984375,1103.365],[500.1984375,1088.5238888888887]]]}},{"type":"Feature","id":"P1915","properties":{"id":"P1915","layer":"ordinary_parcel","zoneId":"UF10","blockId":"B096","compatibleForms":["U01","U02","U10","U07"]},"geometry":{"type":"Polygon","coordinates":[[[453.8859375,1104.146111111111],[468.5515625,1104.146111111111],[468.5515625,1118.9872222222223],[453.8859375,1118.9872222222223],[453.8859375,1104.146111111111]]]}},{"type":"Feature","id":"P1916","properties":{"id":"P1916","layer":"ordinary_parcel","zoneId":"UF10","blockId":"B096","compatibleForms":["U01","U02","U10","U07"]},"geometry":{"type":"Polygon","coordinates":[[[469.3234375,1104.146111111111],[483.9890625,1104.146111111111],[483.9890625,1118.9872222222223],[469.3234375,1118.9872222222223],[469.3234375,1104.146111111111]]]}},{"type":"Feature","id":"P1917","properties":{"id":"P1917","layer":"ordinary_parcel","zoneId":"UF10","blockId":"B096","compatibleForms":["U01","U02","U10","U07"]},"geometry":{"type":"Polygon","coordinates":[[[484.7609375,1104.146111111111],[499.4265625,1104.146111111111],[499.4265625,1118.9872222222223],[484.7609375,1118.9872222222223],[484.7609375,1104.146111111111]]]}},{"type":"Feature","id":"P1918","properties":{"id":"P1918","layer":"ordinary_parcel","zoneId":"UF10","blockId":"B096","compatibleForms":["U01","U02","U10","U07"]},"geometry":{"type":"Polygon","coordinates":[[[500.1984375,1104.146111111111],[514.8640625,1104.146111111111],[514.8640625,1118.9872222222223],[500.1984375,1118.9872222222223],[500.1984375,1104.146111111111]]]}},{"type":"Feature","id":"P1919","properties":{"id":"P1919","layer":"ordinary_parcel","zoneId":"UF10","blockId":"B096","compatibleForms":["U01","U02","U10","U07"]},"geometry":{"type":"Polygon","coordinates":[[[453.8859375,1119.7683333333332],[468.5515625,1119.7683333333332],[468.5515625,1134.6094444444445],[453.8859375,1134.6094444444445],[453.8859375,1119.7683333333332]]]}},{"type":"Feature","id":"P1920","properties":{"id":"P1920","layer":"ordinary_parcel","zoneId":"UF10","blockId":"B096","compatibleForms":["U01","U02","U10","U07"]},"geometry":{"type":"Polygon","coordinates":[[[469.3234375,1119.7683333333332],[483.9890625,1119.7683333333332],[483.9890625,1134.6094444444445],[469.3234375,1134.6094444444445],[469.3234375,1119.7683333333332]]]}},{"type":"Feature","id":"P1921","properties":{"id":"P1921","layer":"ordinary_parcel","zoneId":"UF10","blockId":"B096","compatibleForms":["U01","U02","U10","U07"]},"geometry":{"type":"Polygon","coordinates":[[[484.7609375,1119.7683333333332],[499.4265625,1119.7683333333332],[499.4265625,1134.6094444444445],[484.7609375,1134.6094444444445],[484.7609375,1119.7683333333332]]]}},{"type":"Feature","id":"P1922","properties":{"id":"P1922","layer":"ordinary_parcel","zoneId":"UF10","blockId":"B096","compatibleForms":["U01","U02","U10","U07"]},"geometry":{"type":"Polygon","coordinates":[[[500.1984375,1119.7683333333332],[514.8640625,1119.7683333333332],[514.8640625,1134.6094444444445],[500.1984375,1134.6094444444445],[500.1984375,1119.7683333333332]]]}},{"type":"Feature","id":"P1923","properties":{"id":"P1923","layer":"ordinary_parcel","zoneId":"UF10","blockId":"B096","compatibleForms":["U01","U02","U10","U07"]},"geometry":{"type":"Polygon","coordinates":[[[453.8859375,1135.3905555555555],[468.5515625,1135.3905555555555],[468.5515625,1150.2316666666668],[453.8859375,1150.2316666666668],[453.8859375,1135.3905555555555]]]}},{"type":"Feature","id":"P1924","properties":{"id":"P1924","layer":"ordinary_parcel","zoneId":"UF10","blockId":"B096","compatibleForms":["U01","U02","U10","U07"]},"geometry":{"type":"Polygon","coordinates":[[[469.3234375,1135.3905555555555],[483.9890625,1135.3905555555555],[483.9890625,1150.2316666666668],[469.3234375,1150.2316666666668],[469.3234375,1135.3905555555555]]]}},{"type":"Feature","id":"P1925","properties":{"id":"P1925","layer":"ordinary_parcel","zoneId":"UF10","blockId":"B096","compatibleForms":["U01","U02","U10","U07"]},"geometry":{"type":"Polygon","coordinates":[[[484.7609375,1135.3905555555555],[499.4265625,1135.3905555555555],[499.4265625,1150.2316666666668],[484.7609375,1150.2316666666668],[484.7609375,1135.3905555555555]]]}},{"type":"Feature","id":"P1926","properties":{"id":"P1926","layer":"ordinary_parcel","zoneId":"UF10","blockId":"B096","compatibleForms":["U01","U02","U10","U07"]},"geometry":{"type":"Polygon","coordinates":[[[500.1984375,1135.3905555555555],[514.8640625,1135.3905555555555],[514.8640625,1150.2316666666668],[500.1984375,1150.2316666666668],[500.1984375,1135.3905555555555]]]}},{"type":"Feature","id":"P1927","properties":{"id":"P1927","layer":"ordinary_parcel","zoneId":"UF10","blockId":"B096","compatibleForms":["U01","U02","U10","U07"]},"geometry":{"type":"Polygon","coordinates":[[[453.8859375,1151.0127777777777],[468.5515625,1151.0127777777777],[468.5515625,1165.853888888889],[453.8859375,1165.853888888889],[453.8859375,1151.0127777777777]]]}},{"type":"Feature","id":"P1928","properties":{"id":"P1928","layer":"ordinary_parcel","zoneId":"UF10","blockId":"B096","compatibleForms":["U01","U02","U10","U07"]},"geometry":{"type":"Polygon","coordinates":[[[469.3234375,1151.0127777777777],[483.9890625,1151.0127777777777],[483.9890625,1165.853888888889],[469.3234375,1165.853888888889],[469.3234375,1151.0127777777777]]]}},{"type":"Feature","id":"P1929","properties":{"id":"P1929","layer":"ordinary_parcel","zoneId":"UF10","blockId":"B096","compatibleForms":["U01","U02","U10","U07"]},"geometry":{"type":"Polygon","coordinates":[[[484.7609375,1151.0127777777777],[499.4265625,1151.0127777777777],[499.4265625,1165.853888888889],[484.7609375,1165.853888888889],[484.7609375,1151.0127777777777]]]}},{"type":"Feature","id":"P1930","properties":{"id":"P1930","layer":"ordinary_parcel","zoneId":"UF10","blockId":"B096","compatibleForms":["U01","U02","U10","U07"]},"geometry":{"type":"Polygon","coordinates":[[[500.1984375,1151.0127777777777],[514.8640625,1151.0127777777777],[514.8640625,1165.853888888889],[500.1984375,1165.853888888889],[500.1984375,1151.0127777777777]]]}},{"type":"Feature","id":"P1931","properties":{"id":"P1931","layer":"ordinary_parcel","zoneId":"UF10","blockId":"B096","compatibleForms":["U01","U02","U10","U07"]},"geometry":{"type":"Polygon","coordinates":[[[454.01458333333335,1166.635],[473.56874999999997,1166.635],[473.56874999999997,1181.4761111111113],[454.01458333333335,1181.4761111111113],[454.01458333333335,1166.635]]]}},{"type":"Feature","id":"P1932","properties":{"id":"P1932","layer":"ordinary_parcel","zoneId":"UF10","blockId":"B096","compatibleForms":["U01","U02","U10","U07"]},"geometry":{"type":"Polygon","coordinates":[[[474.59791666666666,1166.635],[494.15208333333334,1166.635],[494.15208333333334,1181.4761111111113],[474.59791666666666,1181.4761111111113],[474.59791666666666,1166.635]]]}},{"type":"Feature","id":"P1933","properties":{"id":"P1933","layer":"ordinary_parcel","zoneId":"UF10","blockId":"B096","compatibleForms":["U01","U02","U10","U07"]},"geometry":{"type":"Polygon","coordinates":[[[495.18125000000003,1166.635],[514.7354166666667,1166.635],[514.7354166666667,1181.4761111111113],[495.18125000000003,1181.4761111111113],[495.18125000000003,1166.635]]]}},{"type":"Feature","id":"B097","properties":{"id":"B097","layer":"block_cluster","zoneId":"UF10","sequenceInZone":7},"geometry":{"type":"Polygon","coordinates":[[[534.75,1088.1333333333332],[596.5,1088.1333333333332],[596.5,1181.8666666666668],[534.75,1181.8666666666668],[534.75,1088.1333333333332]]]}},{"type":"Feature","id":"P1934","properties":{"id":"P1934","layer":"ordinary_parcel","zoneId":"UF10","blockId":"B097","compatibleForms":["U01","U02","U10","U07"]},"geometry":{"type":"Polygon","coordinates":[[[535.1359375,1088.5238888888887],[549.8015625,1088.5238888888887],[549.8015625,1103.365],[535.1359375,1103.365],[535.1359375,1088.5238888888887]]]}},{"type":"Feature","id":"P1935","properties":{"id":"P1935","layer":"ordinary_parcel","zoneId":"UF10","blockId":"B097","compatibleForms":["U01","U02","U10","U07"]},"geometry":{"type":"Polygon","coordinates":[[[550.5734375,1088.5238888888887],[565.2390625,1088.5238888888887],[565.2390625,1103.365],[550.5734375,1103.365],[550.5734375,1088.5238888888887]]]}},{"type":"Feature","id":"P1936","properties":{"id":"P1936","layer":"ordinary_parcel","zoneId":"UF10","blockId":"B097","compatibleForms":["U01","U02","U10","U07"]},"geometry":{"type":"Polygon","coordinates":[[[566.0109375,1088.5238888888887],[580.6765625,1088.5238888888887],[580.6765625,1103.365],[566.0109375,1103.365],[566.0109375,1088.5238888888887]]]}},{"type":"Feature","id":"P1937","properties":{"id":"P1937","layer":"ordinary_parcel","zoneId":"UF10","blockId":"B097","compatibleForms":["U01","U02","U10","U07"]},"geometry":{"type":"Polygon","coordinates":[[[581.4484375,1088.5238888888887],[596.1140625,1088.5238888888887],[596.1140625,1103.365],[581.4484375,1103.365],[581.4484375,1088.5238888888887]]]}},{"type":"Feature","id":"P1938","properties":{"id":"P1938","layer":"ordinary_parcel","zoneId":"UF10","blockId":"B097","compatibleForms":["U01","U02","U10","U07"]},"geometry":{"type":"Polygon","coordinates":[[[535.1359375,1104.146111111111],[549.8015625,1104.146111111111],[549.8015625,1118.9872222222223],[535.1359375,1118.9872222222223],[535.1359375,1104.146111111111]]]}},{"type":"Feature","id":"P1939","properties":{"id":"P1939","layer":"ordinary_parcel","zoneId":"UF10","blockId":"B097","compatibleForms":["U01","U02","U10","U07"]},"geometry":{"type":"Polygon","coordinates":[[[550.5734375,1104.146111111111],[565.2390625,1104.146111111111],[565.2390625,1118.9872222222223],[550.5734375,1118.9872222222223],[550.5734375,1104.146111111111]]]}},{"type":"Feature","id":"P1940","properties":{"id":"P1940","layer":"ordinary_parcel","zoneId":"UF10","blockId":"B097","compatibleForms":["U01","U02","U10","U07"]},"geometry":{"type":"Polygon","coordinates":[[[566.0109375,1104.146111111111],[580.6765625,1104.146111111111],[580.6765625,1118.9872222222223],[566.0109375,1118.9872222222223],[566.0109375,1104.146111111111]]]}},{"type":"Feature","id":"P1941","properties":{"id":"P1941","layer":"ordinary_parcel","zoneId":"UF10","blockId":"B097","compatibleForms":["U01","U02","U10","U07"]},"geometry":{"type":"Polygon","coordinates":[[[581.4484375,1104.146111111111],[596.1140625,1104.146111111111],[596.1140625,1118.9872222222223],[581.4484375,1118.9872222222223],[581.4484375,1104.146111111111]]]}},{"type":"Feature","id":"P1942","properties":{"id":"P1942","layer":"ordinary_parcel","zoneId":"UF10","blockId":"B097","compatibleForms":["U01","U02","U10","U07"]},"geometry":{"type":"Polygon","coordinates":[[[535.1359375,1119.7683333333332],[549.8015625,1119.7683333333332],[549.8015625,1134.6094444444445],[535.1359375,1134.6094444444445],[535.1359375,1119.7683333333332]]]}},{"type":"Feature","id":"P1943","properties":{"id":"P1943","layer":"ordinary_parcel","zoneId":"UF10","blockId":"B097","compatibleForms":["U01","U02","U10","U07"]},"geometry":{"type":"Polygon","coordinates":[[[550.5734375,1119.7683333333332],[565.2390625,1119.7683333333332],[565.2390625,1134.6094444444445],[550.5734375,1134.6094444444445],[550.5734375,1119.7683333333332]]]}},{"type":"Feature","id":"P1944","properties":{"id":"P1944","layer":"ordinary_parcel","zoneId":"UF10","blockId":"B097","compatibleForms":["U01","U02","U10","U07"]},"geometry":{"type":"Polygon","coordinates":[[[566.0109375,1119.7683333333332],[580.6765625,1119.7683333333332],[580.6765625,1134.6094444444445],[566.0109375,1134.6094444444445],[566.0109375,1119.7683333333332]]]}},{"type":"Feature","id":"P1945","properties":{"id":"P1945","layer":"ordinary_parcel","zoneId":"UF10","blockId":"B097","compatibleForms":["U01","U02","U10","U07"]},"geometry":{"type":"Polygon","coordinates":[[[581.4484375,1119.7683333333332],[596.1140625,1119.7683333333332],[596.1140625,1134.6094444444445],[581.4484375,1134.6094444444445],[581.4484375,1119.7683333333332]]]}},{"type":"Feature","id":"P1946","properties":{"id":"P1946","layer":"ordinary_parcel","zoneId":"UF10","blockId":"B097","compatibleForms":["U01","U02","U10","U07"]},"geometry":{"type":"Polygon","coordinates":[[[535.1359375,1135.3905555555555],[549.8015625,1135.3905555555555],[549.8015625,1150.2316666666668],[535.1359375,1150.2316666666668],[535.1359375,1135.3905555555555]]]}},{"type":"Feature","id":"P1947","properties":{"id":"P1947","layer":"ordinary_parcel","zoneId":"UF10","blockId":"B097","compatibleForms":["U01","U02","U10","U07"]},"geometry":{"type":"Polygon","coordinates":[[[550.5734375,1135.3905555555555],[565.2390625,1135.3905555555555],[565.2390625,1150.2316666666668],[550.5734375,1150.2316666666668],[550.5734375,1135.3905555555555]]]}},{"type":"Feature","id":"P1948","properties":{"id":"P1948","layer":"ordinary_parcel","zoneId":"UF10","blockId":"B097","compatibleForms":["U01","U02","U10","U07"]},"geometry":{"type":"Polygon","coordinates":[[[566.0109375,1135.3905555555555],[580.6765625,1135.3905555555555],[580.6765625,1150.2316666666668],[566.0109375,1150.2316666666668],[566.0109375,1135.3905555555555]]]}},{"type":"Feature","id":"P1949","properties":{"id":"P1949","layer":"ordinary_parcel","zoneId":"UF10","blockId":"B097","compatibleForms":["U01","U02","U10","U07"]},"geometry":{"type":"Polygon","coordinates":[[[581.4484375,1135.3905555555555],[596.1140625,1135.3905555555555],[596.1140625,1150.2316666666668],[581.4484375,1150.2316666666668],[581.4484375,1135.3905555555555]]]}},{"type":"Feature","id":"P1950","properties":{"id":"P1950","layer":"ordinary_parcel","zoneId":"UF10","blockId":"B097","compatibleForms":["U01","U02","U10","U07"]},"geometry":{"type":"Polygon","coordinates":[[[535.1359375,1151.0127777777777],[549.8015625,1151.0127777777777],[549.8015625,1165.853888888889],[535.1359375,1165.853888888889],[535.1359375,1151.0127777777777]]]}},{"type":"Feature","id":"P1951","properties":{"id":"P1951","layer":"ordinary_parcel","zoneId":"UF10","blockId":"B097","compatibleForms":["U01","U02","U10","U07"]},"geometry":{"type":"Polygon","coordinates":[[[550.5734375,1151.0127777777777],[565.2390625,1151.0127777777777],[565.2390625,1165.853888888889],[550.5734375,1165.853888888889],[550.5734375,1151.0127777777777]]]}},{"type":"Feature","id":"P1952","properties":{"id":"P1952","layer":"ordinary_parcel","zoneId":"UF10","blockId":"B097","compatibleForms":["U01","U02","U10","U07"]},"geometry":{"type":"Polygon","coordinates":[[[566.0109375,1151.0127777777777],[580.6765625,1151.0127777777777],[580.6765625,1165.853888888889],[566.0109375,1165.853888888889],[566.0109375,1151.0127777777777]]]}},{"type":"Feature","id":"P1953","properties":{"id":"P1953","layer":"ordinary_parcel","zoneId":"UF10","blockId":"B097","compatibleForms":["U01","U02","U10","U07"]},"geometry":{"type":"Polygon","coordinates":[[[581.4484375,1151.0127777777777],[596.1140625,1151.0127777777777],[596.1140625,1165.853888888889],[581.4484375,1165.853888888889],[581.4484375,1151.0127777777777]]]}},{"type":"Feature","id":"P1954","properties":{"id":"P1954","layer":"ordinary_parcel","zoneId":"UF10","blockId":"B097","compatibleForms":["U01","U02","U10","U07"]},"geometry":{"type":"Polygon","coordinates":[[[535.2645833333333,1166.635],[554.81875,1166.635],[554.81875,1181.4761111111113],[535.2645833333333,1181.4761111111113],[535.2645833333333,1166.635]]]}},{"type":"Feature","id":"P1955","properties":{"id":"P1955","layer":"ordinary_parcel","zoneId":"UF10","blockId":"B097","compatibleForms":["U01","U02","U10","U07"]},"geometry":{"type":"Polygon","coordinates":[[[555.8479166666667,1166.635],[575.4020833333333,1166.635],[575.4020833333333,1181.4761111111113],[555.8479166666667,1181.4761111111113],[555.8479166666667,1166.635]]]}},{"type":"Feature","id":"P1956","properties":{"id":"P1956","layer":"ordinary_parcel","zoneId":"UF10","blockId":"B097","compatibleForms":["U01","U02","U10","U07"]},"geometry":{"type":"Polygon","coordinates":[[[576.43125,1166.635],[595.9854166666667,1166.635],[595.9854166666667,1181.4761111111113],[576.43125,1181.4761111111113],[576.43125,1166.635]]]}},{"type":"Feature","id":"B098","properties":{"id":"B098","layer":"block_cluster","zoneId":"UF10","sequenceInZone":8},"geometry":{"type":"Polygon","coordinates":[[[616,1088.1333333333332],[677.75,1088.1333333333332],[677.75,1181.8666666666668],[616,1181.8666666666668],[616,1088.1333333333332]]]}},{"type":"Feature","id":"P1957","properties":{"id":"P1957","layer":"ordinary_parcel","zoneId":"UF10","blockId":"B098","compatibleForms":["U01","U02","U10","U07"]},"geometry":{"type":"Polygon","coordinates":[[[616.3859375,1088.5238888888887],[631.0515625,1088.5238888888887],[631.0515625,1103.365],[616.3859375,1103.365],[616.3859375,1088.5238888888887]]]}},{"type":"Feature","id":"P1958","properties":{"id":"P1958","layer":"ordinary_parcel","zoneId":"UF10","blockId":"B098","compatibleForms":["U01","U02","U10","U07"]},"geometry":{"type":"Polygon","coordinates":[[[631.8234375,1088.5238888888887],[646.4890625,1088.5238888888887],[646.4890625,1103.365],[631.8234375,1103.365],[631.8234375,1088.5238888888887]]]}},{"type":"Feature","id":"P1959","properties":{"id":"P1959","layer":"ordinary_parcel","zoneId":"UF10","blockId":"B098","compatibleForms":["U01","U02","U10","U07"]},"geometry":{"type":"Polygon","coordinates":[[[647.2609375,1088.5238888888887],[661.9265625,1088.5238888888887],[661.9265625,1103.365],[647.2609375,1103.365],[647.2609375,1088.5238888888887]]]}},{"type":"Feature","id":"P1960","properties":{"id":"P1960","layer":"ordinary_parcel","zoneId":"UF10","blockId":"B098","compatibleForms":["U01","U02","U10","U07"]},"geometry":{"type":"Polygon","coordinates":[[[662.6984375,1088.5238888888887],[677.3640625,1088.5238888888887],[677.3640625,1103.365],[662.6984375,1103.365],[662.6984375,1088.5238888888887]]]}},{"type":"Feature","id":"P1961","properties":{"id":"P1961","layer":"ordinary_parcel","zoneId":"UF10","blockId":"B098","compatibleForms":["U01","U02","U10","U07"]},"geometry":{"type":"Polygon","coordinates":[[[616.3859375,1104.146111111111],[631.0515625,1104.146111111111],[631.0515625,1118.9872222222223],[616.3859375,1118.9872222222223],[616.3859375,1104.146111111111]]]}},{"type":"Feature","id":"P1962","properties":{"id":"P1962","layer":"ordinary_parcel","zoneId":"UF10","blockId":"B098","compatibleForms":["U01","U02","U10","U07"]},"geometry":{"type":"Polygon","coordinates":[[[631.8234375,1104.146111111111],[646.4890625,1104.146111111111],[646.4890625,1118.9872222222223],[631.8234375,1118.9872222222223],[631.8234375,1104.146111111111]]]}},{"type":"Feature","id":"P1963","properties":{"id":"P1963","layer":"ordinary_parcel","zoneId":"UF10","blockId":"B098","compatibleForms":["U01","U02","U10","U07"]},"geometry":{"type":"Polygon","coordinates":[[[647.2609375,1104.146111111111],[661.9265625,1104.146111111111],[661.9265625,1118.9872222222223],[647.2609375,1118.9872222222223],[647.2609375,1104.146111111111]]]}},{"type":"Feature","id":"P1964","properties":{"id":"P1964","layer":"ordinary_parcel","zoneId":"UF10","blockId":"B098","compatibleForms":["U01","U02","U10","U07"]},"geometry":{"type":"Polygon","coordinates":[[[662.6984375,1104.146111111111],[677.3640625,1104.146111111111],[677.3640625,1118.9872222222223],[662.6984375,1118.9872222222223],[662.6984375,1104.146111111111]]]}},{"type":"Feature","id":"P1965","properties":{"id":"P1965","layer":"ordinary_parcel","zoneId":"UF10","blockId":"B098","compatibleForms":["U01","U02","U10","U07"]},"geometry":{"type":"Polygon","coordinates":[[[616.3859375,1119.7683333333332],[631.0515625,1119.7683333333332],[631.0515625,1134.6094444444445],[616.3859375,1134.6094444444445],[616.3859375,1119.7683333333332]]]}},{"type":"Feature","id":"P1966","properties":{"id":"P1966","layer":"ordinary_parcel","zoneId":"UF10","blockId":"B098","compatibleForms":["U01","U02","U10","U07"]},"geometry":{"type":"Polygon","coordinates":[[[631.8234375,1119.7683333333332],[646.4890625,1119.7683333333332],[646.4890625,1134.6094444444445],[631.8234375,1134.6094444444445],[631.8234375,1119.7683333333332]]]}},{"type":"Feature","id":"P1967","properties":{"id":"P1967","layer":"ordinary_parcel","zoneId":"UF10","blockId":"B098","compatibleForms":["U01","U02","U10","U07"]},"geometry":{"type":"Polygon","coordinates":[[[647.2609375,1119.7683333333332],[661.9265625,1119.7683333333332],[661.9265625,1134.6094444444445],[647.2609375,1134.6094444444445],[647.2609375,1119.7683333333332]]]}},{"type":"Feature","id":"P1968","properties":{"id":"P1968","layer":"ordinary_parcel","zoneId":"UF10","blockId":"B098","compatibleForms":["U01","U02","U10","U07"]},"geometry":{"type":"Polygon","coordinates":[[[662.6984375,1119.7683333333332],[677.3640625,1119.7683333333332],[677.3640625,1134.6094444444445],[662.6984375,1134.6094444444445],[662.6984375,1119.7683333333332]]]}},{"type":"Feature","id":"P1969","properties":{"id":"P1969","layer":"ordinary_parcel","zoneId":"UF10","blockId":"B098","compatibleForms":["U01","U02","U10","U07"]},"geometry":{"type":"Polygon","coordinates":[[[616.3859375,1135.3905555555555],[631.0515625,1135.3905555555555],[631.0515625,1150.2316666666668],[616.3859375,1150.2316666666668],[616.3859375,1135.3905555555555]]]}},{"type":"Feature","id":"P1970","properties":{"id":"P1970","layer":"ordinary_parcel","zoneId":"UF10","blockId":"B098","compatibleForms":["U01","U02","U10","U07"]},"geometry":{"type":"Polygon","coordinates":[[[631.8234375,1135.3905555555555],[646.4890625,1135.3905555555555],[646.4890625,1150.2316666666668],[631.8234375,1150.2316666666668],[631.8234375,1135.3905555555555]]]}},{"type":"Feature","id":"P1971","properties":{"id":"P1971","layer":"ordinary_parcel","zoneId":"UF10","blockId":"B098","compatibleForms":["U01","U02","U10","U07"]},"geometry":{"type":"Polygon","coordinates":[[[647.2609375,1135.3905555555555],[661.9265625,1135.3905555555555],[661.9265625,1150.2316666666668],[647.2609375,1150.2316666666668],[647.2609375,1135.3905555555555]]]}},{"type":"Feature","id":"P1972","properties":{"id":"P1972","layer":"ordinary_parcel","zoneId":"UF10","blockId":"B098","compatibleForms":["U01","U02","U10","U07"]},"geometry":{"type":"Polygon","coordinates":[[[662.6984375,1135.3905555555555],[677.3640625,1135.3905555555555],[677.3640625,1150.2316666666668],[662.6984375,1150.2316666666668],[662.6984375,1135.3905555555555]]]}},{"type":"Feature","id":"P1973","properties":{"id":"P1973","layer":"ordinary_parcel","zoneId":"UF10","blockId":"B098","compatibleForms":["U01","U02","U10","U07"]},"geometry":{"type":"Polygon","coordinates":[[[616.3859375,1151.0127777777777],[631.0515625,1151.0127777777777],[631.0515625,1165.853888888889],[616.3859375,1165.853888888889],[616.3859375,1151.0127777777777]]]}},{"type":"Feature","id":"P1974","properties":{"id":"P1974","layer":"ordinary_parcel","zoneId":"UF10","blockId":"B098","compatibleForms":["U01","U02","U10","U07"]},"geometry":{"type":"Polygon","coordinates":[[[631.8234375,1151.0127777777777],[646.4890625,1151.0127777777777],[646.4890625,1165.853888888889],[631.8234375,1165.853888888889],[631.8234375,1151.0127777777777]]]}},{"type":"Feature","id":"P1975","properties":{"id":"P1975","layer":"ordinary_parcel","zoneId":"UF10","blockId":"B098","compatibleForms":["U01","U02","U10","U07"]},"geometry":{"type":"Polygon","coordinates":[[[647.2609375,1151.0127777777777],[661.9265625,1151.0127777777777],[661.9265625,1165.853888888889],[647.2609375,1165.853888888889],[647.2609375,1151.0127777777777]]]}},{"type":"Feature","id":"P1976","properties":{"id":"P1976","layer":"ordinary_parcel","zoneId":"UF10","blockId":"B098","compatibleForms":["U01","U02","U10","U07"]},"geometry":{"type":"Polygon","coordinates":[[[662.6984375,1151.0127777777777],[677.3640625,1151.0127777777777],[677.3640625,1165.853888888889],[662.6984375,1165.853888888889],[662.6984375,1151.0127777777777]]]}},{"type":"Feature","id":"P1977","properties":{"id":"P1977","layer":"ordinary_parcel","zoneId":"UF10","blockId":"B098","compatibleForms":["U01","U02","U10","U07"]},"geometry":{"type":"Polygon","coordinates":[[[616.5145833333333,1166.635],[636.06875,1166.635],[636.06875,1181.4761111111113],[616.5145833333333,1181.4761111111113],[616.5145833333333,1166.635]]]}},{"type":"Feature","id":"P1978","properties":{"id":"P1978","layer":"ordinary_parcel","zoneId":"UF10","blockId":"B098","compatibleForms":["U01","U02","U10","U07"]},"geometry":{"type":"Polygon","coordinates":[[[637.0979166666667,1166.635],[656.6520833333333,1166.635],[656.6520833333333,1181.4761111111113],[637.0979166666667,1181.4761111111113],[637.0979166666667,1166.635]]]}},{"type":"Feature","id":"P1979","properties":{"id":"P1979","layer":"ordinary_parcel","zoneId":"UF10","blockId":"B098","compatibleForms":["U01","U02","U10","U07"]},"geometry":{"type":"Polygon","coordinates":[[[657.68125,1166.635],[677.2354166666667,1166.635],[677.2354166666667,1181.4761111111113],[657.68125,1181.4761111111113],[657.68125,1166.635]]]}},{"type":"Feature","id":"B099","properties":{"id":"B099","layer":"block_cluster","zoneId":"UF10","sequenceInZone":9},"geometry":{"type":"Polygon","coordinates":[[[697.25,1088.1333333333332],[759,1088.1333333333332],[759,1181.8666666666668],[697.25,1181.8666666666668],[697.25,1088.1333333333332]]]}},{"type":"Feature","id":"P1980","properties":{"id":"P1980","layer":"ordinary_parcel","zoneId":"UF10","blockId":"B099","compatibleForms":["U01","U02","U10","U07"]},"geometry":{"type":"Polygon","coordinates":[[[697.6359375,1088.5238888888887],[712.3015625,1088.5238888888887],[712.3015625,1103.365],[697.6359375,1103.365],[697.6359375,1088.5238888888887]]]}},{"type":"Feature","id":"P1981","properties":{"id":"P1981","layer":"ordinary_parcel","zoneId":"UF10","blockId":"B099","compatibleForms":["U01","U02","U10","U07"]},"geometry":{"type":"Polygon","coordinates":[[[713.0734375,1088.5238888888887],[727.7390625,1088.5238888888887],[727.7390625,1103.365],[713.0734375,1103.365],[713.0734375,1088.5238888888887]]]}},{"type":"Feature","id":"P1982","properties":{"id":"P1982","layer":"ordinary_parcel","zoneId":"UF10","blockId":"B099","compatibleForms":["U01","U02","U10","U07"]},"geometry":{"type":"Polygon","coordinates":[[[728.5109375,1088.5238888888887],[743.1765625,1088.5238888888887],[743.1765625,1103.365],[728.5109375,1103.365],[728.5109375,1088.5238888888887]]]}},{"type":"Feature","id":"P1983","properties":{"id":"P1983","layer":"ordinary_parcel","zoneId":"UF10","blockId":"B099","compatibleForms":["U01","U02","U10","U07"]},"geometry":{"type":"Polygon","coordinates":[[[743.9484375,1088.5238888888887],[758.6140625,1088.5238888888887],[758.6140625,1103.365],[743.9484375,1103.365],[743.9484375,1088.5238888888887]]]}},{"type":"Feature","id":"P1984","properties":{"id":"P1984","layer":"ordinary_parcel","zoneId":"UF10","blockId":"B099","compatibleForms":["U01","U02","U10","U07"]},"geometry":{"type":"Polygon","coordinates":[[[697.6359375,1104.146111111111],[712.3015625,1104.146111111111],[712.3015625,1118.9872222222223],[697.6359375,1118.9872222222223],[697.6359375,1104.146111111111]]]}},{"type":"Feature","id":"P1985","properties":{"id":"P1985","layer":"ordinary_parcel","zoneId":"UF10","blockId":"B099","compatibleForms":["U01","U02","U10","U07"]},"geometry":{"type":"Polygon","coordinates":[[[713.0734375,1104.146111111111],[727.7390625,1104.146111111111],[727.7390625,1118.9872222222223],[713.0734375,1118.9872222222223],[713.0734375,1104.146111111111]]]}},{"type":"Feature","id":"P1986","properties":{"id":"P1986","layer":"ordinary_parcel","zoneId":"UF10","blockId":"B099","compatibleForms":["U01","U02","U10","U07"]},"geometry":{"type":"Polygon","coordinates":[[[728.5109375,1104.146111111111],[743.1765625,1104.146111111111],[743.1765625,1118.9872222222223],[728.5109375,1118.9872222222223],[728.5109375,1104.146111111111]]]}},{"type":"Feature","id":"P1987","properties":{"id":"P1987","layer":"ordinary_parcel","zoneId":"UF10","blockId":"B099","compatibleForms":["U01","U02","U10","U07"]},"geometry":{"type":"Polygon","coordinates":[[[743.9484375,1104.146111111111],[758.6140625,1104.146111111111],[758.6140625,1118.9872222222223],[743.9484375,1118.9872222222223],[743.9484375,1104.146111111111]]]}},{"type":"Feature","id":"P1988","properties":{"id":"P1988","layer":"ordinary_parcel","zoneId":"UF10","blockId":"B099","compatibleForms":["U01","U02","U10","U07"]},"geometry":{"type":"Polygon","coordinates":[[[697.6359375,1119.7683333333332],[712.3015625,1119.7683333333332],[712.3015625,1134.6094444444445],[697.6359375,1134.6094444444445],[697.6359375,1119.7683333333332]]]}},{"type":"Feature","id":"P1989","properties":{"id":"P1989","layer":"ordinary_parcel","zoneId":"UF10","blockId":"B099","compatibleForms":["U01","U02","U10","U07"]},"geometry":{"type":"Polygon","coordinates":[[[713.0734375,1119.7683333333332],[727.7390625,1119.7683333333332],[727.7390625,1134.6094444444445],[713.0734375,1134.6094444444445],[713.0734375,1119.7683333333332]]]}},{"type":"Feature","id":"P1990","properties":{"id":"P1990","layer":"ordinary_parcel","zoneId":"UF10","blockId":"B099","compatibleForms":["U01","U02","U10","U07"]},"geometry":{"type":"Polygon","coordinates":[[[728.5109375,1119.7683333333332],[743.1765625,1119.7683333333332],[743.1765625,1134.6094444444445],[728.5109375,1134.6094444444445],[728.5109375,1119.7683333333332]]]}},{"type":"Feature","id":"P1991","properties":{"id":"P1991","layer":"ordinary_parcel","zoneId":"UF10","blockId":"B099","compatibleForms":["U01","U02","U10","U07"]},"geometry":{"type":"Polygon","coordinates":[[[743.9484375,1119.7683333333332],[758.6140625,1119.7683333333332],[758.6140625,1134.6094444444445],[743.9484375,1134.6094444444445],[743.9484375,1119.7683333333332]]]}},{"type":"Feature","id":"P1992","properties":{"id":"P1992","layer":"ordinary_parcel","zoneId":"UF10","blockId":"B099","compatibleForms":["U01","U02","U10","U07"]},"geometry":{"type":"Polygon","coordinates":[[[697.6359375,1135.3905555555555],[712.3015625,1135.3905555555555],[712.3015625,1150.2316666666668],[697.6359375,1150.2316666666668],[697.6359375,1135.3905555555555]]]}},{"type":"Feature","id":"P1993","properties":{"id":"P1993","layer":"ordinary_parcel","zoneId":"UF10","blockId":"B099","compatibleForms":["U01","U02","U10","U07"]},"geometry":{"type":"Polygon","coordinates":[[[713.0734375,1135.3905555555555],[727.7390625,1135.3905555555555],[727.7390625,1150.2316666666668],[713.0734375,1150.2316666666668],[713.0734375,1135.3905555555555]]]}},{"type":"Feature","id":"P1994","properties":{"id":"P1994","layer":"ordinary_parcel","zoneId":"UF10","blockId":"B099","compatibleForms":["U01","U02","U10","U07"]},"geometry":{"type":"Polygon","coordinates":[[[728.5109375,1135.3905555555555],[743.1765625,1135.3905555555555],[743.1765625,1150.2316666666668],[728.5109375,1150.2316666666668],[728.5109375,1135.3905555555555]]]}},{"type":"Feature","id":"P1995","properties":{"id":"P1995","layer":"ordinary_parcel","zoneId":"UF10","blockId":"B099","compatibleForms":["U01","U02","U10","U07"]},"geometry":{"type":"Polygon","coordinates":[[[743.9484375,1135.3905555555555],[758.6140625,1135.3905555555555],[758.6140625,1150.2316666666668],[743.9484375,1150.2316666666668],[743.9484375,1135.3905555555555]]]}},{"type":"Feature","id":"P1996","properties":{"id":"P1996","layer":"ordinary_parcel","zoneId":"UF10","blockId":"B099","compatibleForms":["U01","U02","U10","U07"]},"geometry":{"type":"Polygon","coordinates":[[[697.6359375,1151.0127777777777],[712.3015625,1151.0127777777777],[712.3015625,1165.853888888889],[697.6359375,1165.853888888889],[697.6359375,1151.0127777777777]]]}},{"type":"Feature","id":"P1997","properties":{"id":"P1997","layer":"ordinary_parcel","zoneId":"UF10","blockId":"B099","compatibleForms":["U01","U02","U10","U07"]},"geometry":{"type":"Polygon","coordinates":[[[713.0734375,1151.0127777777777],[727.7390625,1151.0127777777777],[727.7390625,1165.853888888889],[713.0734375,1165.853888888889],[713.0734375,1151.0127777777777]]]}},{"type":"Feature","id":"P1998","properties":{"id":"P1998","layer":"ordinary_parcel","zoneId":"UF10","blockId":"B099","compatibleForms":["U01","U02","U10","U07"]},"geometry":{"type":"Polygon","coordinates":[[[728.5109375,1151.0127777777777],[743.1765625,1151.0127777777777],[743.1765625,1165.853888888889],[728.5109375,1165.853888888889],[728.5109375,1151.0127777777777]]]}},{"type":"Feature","id":"P1999","properties":{"id":"P1999","layer":"ordinary_parcel","zoneId":"UF10","blockId":"B099","compatibleForms":["U01","U02","U10","U07"]},"geometry":{"type":"Polygon","coordinates":[[[743.9484375,1151.0127777777777],[758.6140625,1151.0127777777777],[758.6140625,1165.853888888889],[743.9484375,1165.853888888889],[743.9484375,1151.0127777777777]]]}},{"type":"Feature","id":"P2000","properties":{"id":"P2000","layer":"ordinary_parcel","zoneId":"UF10","blockId":"B099","compatibleForms":["U01","U02","U10","U07"]},"geometry":{"type":"Polygon","coordinates":[[[697.7645833333333,1166.635],[717.31875,1166.635],[717.31875,1181.4761111111113],[697.7645833333333,1181.4761111111113],[697.7645833333333,1166.635]]]}},{"type":"Feature","id":"P2001","properties":{"id":"P2001","layer":"ordinary_parcel","zoneId":"UF10","blockId":"B099","compatibleForms":["U01","U02","U10","U07"]},"geometry":{"type":"Polygon","coordinates":[[[718.3479166666667,1166.635],[737.9020833333333,1166.635],[737.9020833333333,1181.4761111111113],[718.3479166666667,1181.4761111111113],[718.3479166666667,1166.635]]]}},{"type":"Feature","id":"P2002","properties":{"id":"P2002","layer":"ordinary_parcel","zoneId":"UF10","blockId":"B099","compatibleForms":["U01","U02","U10","U07"]},"geometry":{"type":"Polygon","coordinates":[[[738.93125,1166.635],[758.4854166666667,1166.635],[758.4854166666667,1181.4761111111113],[738.93125,1181.4761111111113],[738.93125,1166.635]]]}},{"type":"Feature","id":"B100","properties":{"id":"B100","layer":"block_cluster","zoneId":"UF10","sequenceInZone":10},"geometry":{"type":"Polygon","coordinates":[[[534.75,1211.4666666666667],[596.5,1211.4666666666667],[596.5,1305.2],[534.75,1305.2],[534.75,1211.4666666666667]]]}},{"type":"Feature","id":"P2003","properties":{"id":"P2003","layer":"ordinary_parcel","zoneId":"UF10","blockId":"B100","compatibleForms":["U01","U02","U10","U07"]},"geometry":{"type":"Polygon","coordinates":[[[535.1359375,1211.8572222222222],[549.8015625,1211.8572222222222],[549.8015625,1226.6983333333335],[535.1359375,1226.6983333333335],[535.1359375,1211.8572222222222]]]}},{"type":"Feature","id":"P2004","properties":{"id":"P2004","layer":"ordinary_parcel","zoneId":"UF10","blockId":"B100","compatibleForms":["U01","U02","U10","U07"]},"geometry":{"type":"Polygon","coordinates":[[[550.5734375,1211.8572222222222],[565.2390625,1211.8572222222222],[565.2390625,1226.6983333333335],[550.5734375,1226.6983333333335],[550.5734375,1211.8572222222222]]]}},{"type":"Feature","id":"P2005","properties":{"id":"P2005","layer":"ordinary_parcel","zoneId":"UF10","blockId":"B100","compatibleForms":["U01","U02","U10","U07"]},"geometry":{"type":"Polygon","coordinates":[[[566.0109375,1211.8572222222222],[580.6765625,1211.8572222222222],[580.6765625,1226.6983333333335],[566.0109375,1226.6983333333335],[566.0109375,1211.8572222222222]]]}},{"type":"Feature","id":"P2006","properties":{"id":"P2006","layer":"ordinary_parcel","zoneId":"UF10","blockId":"B100","compatibleForms":["U01","U02","U10","U07"]},"geometry":{"type":"Polygon","coordinates":[[[581.4484375,1211.8572222222222],[596.1140625,1211.8572222222222],[596.1140625,1226.6983333333335],[581.4484375,1226.6983333333335],[581.4484375,1211.8572222222222]]]}},{"type":"Feature","id":"P2007","properties":{"id":"P2007","layer":"ordinary_parcel","zoneId":"UF10","blockId":"B100","compatibleForms":["U01","U02","U10","U07"]},"geometry":{"type":"Polygon","coordinates":[[[535.1359375,1227.4794444444444],[549.8015625,1227.4794444444444],[549.8015625,1242.3205555555558],[535.1359375,1242.3205555555558],[535.1359375,1227.4794444444444]]]}},{"type":"Feature","id":"P2008","properties":{"id":"P2008","layer":"ordinary_parcel","zoneId":"UF10","blockId":"B100","compatibleForms":["U01","U02","U10","U07"]},"geometry":{"type":"Polygon","coordinates":[[[550.5734375,1227.4794444444444],[565.2390625,1227.4794444444444],[565.2390625,1242.3205555555558],[550.5734375,1242.3205555555558],[550.5734375,1227.4794444444444]]]}},{"type":"Feature","id":"P2009","properties":{"id":"P2009","layer":"ordinary_parcel","zoneId":"UF10","blockId":"B100","compatibleForms":["U01","U02","U10","U07"]},"geometry":{"type":"Polygon","coordinates":[[[566.0109375,1227.4794444444444],[580.6765625,1227.4794444444444],[580.6765625,1242.3205555555558],[566.0109375,1242.3205555555558],[566.0109375,1227.4794444444444]]]}},{"type":"Feature","id":"P2010","properties":{"id":"P2010","layer":"ordinary_parcel","zoneId":"UF10","blockId":"B100","compatibleForms":["U01","U02","U10","U07"]},"geometry":{"type":"Polygon","coordinates":[[[581.4484375,1227.4794444444444],[596.1140625,1227.4794444444444],[596.1140625,1242.3205555555558],[581.4484375,1242.3205555555558],[581.4484375,1227.4794444444444]]]}},{"type":"Feature","id":"P2011","properties":{"id":"P2011","layer":"ordinary_parcel","zoneId":"UF10","blockId":"B100","compatibleForms":["U01","U02","U10","U07"]},"geometry":{"type":"Polygon","coordinates":[[[535.1359375,1243.1016666666667],[549.8015625,1243.1016666666667],[549.8015625,1257.942777777778],[535.1359375,1257.942777777778],[535.1359375,1243.1016666666667]]]}},{"type":"Feature","id":"P2012","properties":{"id":"P2012","layer":"ordinary_parcel","zoneId":"UF10","blockId":"B100","compatibleForms":["U01","U02","U10","U07"]},"geometry":{"type":"Polygon","coordinates":[[[550.5734375,1243.1016666666667],[565.2390625,1243.1016666666667],[565.2390625,1257.942777777778],[550.5734375,1257.942777777778],[550.5734375,1243.1016666666667]]]}},{"type":"Feature","id":"P2013","properties":{"id":"P2013","layer":"ordinary_parcel","zoneId":"UF10","blockId":"B100","compatibleForms":["U01","U02","U10","U07"]},"geometry":{"type":"Polygon","coordinates":[[[566.0109375,1243.1016666666667],[580.6765625,1243.1016666666667],[580.6765625,1257.942777777778],[566.0109375,1257.942777777778],[566.0109375,1243.1016666666667]]]}},{"type":"Feature","id":"P2014","properties":{"id":"P2014","layer":"ordinary_parcel","zoneId":"UF10","blockId":"B100","compatibleForms":["U01","U02","U10","U07"]},"geometry":{"type":"Polygon","coordinates":[[[581.4484375,1243.1016666666667],[596.1140625,1243.1016666666667],[596.1140625,1257.942777777778],[581.4484375,1257.942777777778],[581.4484375,1243.1016666666667]]]}},{"type":"Feature","id":"P2015","properties":{"id":"P2015","layer":"ordinary_parcel","zoneId":"UF10","blockId":"B100","compatibleForms":["U01","U02","U10","U07"]},"geometry":{"type":"Polygon","coordinates":[[[535.1359375,1258.723888888889],[549.8015625,1258.723888888889],[549.8015625,1273.565],[535.1359375,1273.565],[535.1359375,1258.723888888889]]]}},{"type":"Feature","id":"P2016","properties":{"id":"P2016","layer":"ordinary_parcel","zoneId":"UF10","blockId":"B100","compatibleForms":["U01","U02","U10","U07"]},"geometry":{"type":"Polygon","coordinates":[[[550.5734375,1258.723888888889],[565.2390625,1258.723888888889],[565.2390625,1273.565],[550.5734375,1273.565],[550.5734375,1258.723888888889]]]}},{"type":"Feature","id":"P2017","properties":{"id":"P2017","layer":"ordinary_parcel","zoneId":"UF10","blockId":"B100","compatibleForms":["U01","U02","U10","U07"]},"geometry":{"type":"Polygon","coordinates":[[[566.0109375,1258.723888888889],[580.6765625,1258.723888888889],[580.6765625,1273.565],[566.0109375,1273.565],[566.0109375,1258.723888888889]]]}},{"type":"Feature","id":"P2018","properties":{"id":"P2018","layer":"ordinary_parcel","zoneId":"UF10","blockId":"B100","compatibleForms":["U01","U02","U10","U07"]},"geometry":{"type":"Polygon","coordinates":[[[581.4484375,1258.723888888889],[596.1140625,1258.723888888889],[596.1140625,1273.565],[581.4484375,1273.565],[581.4484375,1258.723888888889]]]}},{"type":"Feature","id":"P2019","properties":{"id":"P2019","layer":"ordinary_parcel","zoneId":"UF10","blockId":"B100","compatibleForms":["U01","U02","U10","U07"]},"geometry":{"type":"Polygon","coordinates":[[[535.1359375,1274.346111111111],[549.8015625,1274.346111111111],[549.8015625,1289.1872222222223],[535.1359375,1289.1872222222223],[535.1359375,1274.346111111111]]]}},{"type":"Feature","id":"P2020","properties":{"id":"P2020","layer":"ordinary_parcel","zoneId":"UF10","blockId":"B100","compatibleForms":["U01","U02","U10","U07"]},"geometry":{"type":"Polygon","coordinates":[[[550.5734375,1274.346111111111],[565.2390625,1274.346111111111],[565.2390625,1289.1872222222223],[550.5734375,1289.1872222222223],[550.5734375,1274.346111111111]]]}},{"type":"Feature","id":"P2021","properties":{"id":"P2021","layer":"ordinary_parcel","zoneId":"UF10","blockId":"B100","compatibleForms":["U01","U02","U10","U07"]},"geometry":{"type":"Polygon","coordinates":[[[566.0109375,1274.346111111111],[580.6765625,1274.346111111111],[580.6765625,1289.1872222222223],[566.0109375,1289.1872222222223],[566.0109375,1274.346111111111]]]}},{"type":"Feature","id":"P2022","properties":{"id":"P2022","layer":"ordinary_parcel","zoneId":"UF10","blockId":"B100","compatibleForms":["U01","U02","U10","U07"]},"geometry":{"type":"Polygon","coordinates":[[[581.4484375,1274.346111111111],[596.1140625,1274.346111111111],[596.1140625,1289.1872222222223],[581.4484375,1289.1872222222223],[581.4484375,1274.346111111111]]]}},{"type":"Feature","id":"P2023","properties":{"id":"P2023","layer":"ordinary_parcel","zoneId":"UF10","blockId":"B100","compatibleForms":["U01","U02","U10","U07"]},"geometry":{"type":"Polygon","coordinates":[[[535.2645833333333,1289.9683333333332],[554.81875,1289.9683333333332],[554.81875,1304.8094444444446],[535.2645833333333,1304.8094444444446],[535.2645833333333,1289.9683333333332]]]}},{"type":"Feature","id":"P2024","properties":{"id":"P2024","layer":"ordinary_parcel","zoneId":"UF10","blockId":"B100","compatibleForms":["U01","U02","U10","U07"]},"geometry":{"type":"Polygon","coordinates":[[[555.8479166666667,1289.9683333333332],[575.4020833333333,1289.9683333333332],[575.4020833333333,1304.8094444444446],[555.8479166666667,1304.8094444444446],[555.8479166666667,1289.9683333333332]]]}},{"type":"Feature","id":"P2025","properties":{"id":"P2025","layer":"ordinary_parcel","zoneId":"UF10","blockId":"B100","compatibleForms":["U01","U02","U10","U07"]},"geometry":{"type":"Polygon","coordinates":[[[576.43125,1289.9683333333332],[595.9854166666667,1289.9683333333332],[595.9854166666667,1304.8094444444446],[576.43125,1304.8094444444446],[576.43125,1289.9683333333332]]]}},{"type":"Feature","id":"B101","properties":{"id":"B101","layer":"block_cluster","zoneId":"UF11","sequenceInZone":1},"geometry":{"type":"Polygon","coordinates":[[[162,873.8],[238,873.8],[238,961.2],[162,961.2],[162,873.8]]]}},{"type":"Feature","id":"P2026","properties":{"id":"P2026","layer":"ordinary_parcel","zoneId":"UF11","blockId":"B101","compatibleForms":["U10","U07","U01","U02"]},"geometry":{"type":"Polygon","coordinates":[[[162.475,874.3462499999999],[180.525,874.3462499999999],[180.525,895.10375],[162.475,895.10375],[162.475,874.3462499999999]]]}},{"type":"Feature","id":"P2027","properties":{"id":"P2027","layer":"ordinary_parcel","zoneId":"UF11","blockId":"B101","compatibleForms":["U10","U07","U01","U02"]},"geometry":{"type":"Polygon","coordinates":[[[181.475,874.3462499999999],[199.525,874.3462499999999],[199.525,895.10375],[181.475,895.10375],[181.475,874.3462499999999]]]}},{"type":"Feature","id":"P2028","properties":{"id":"P2028","layer":"ordinary_parcel","zoneId":"UF11","blockId":"B101","compatibleForms":["U10","U07","U01","U02"]},"geometry":{"type":"Polygon","coordinates":[[[200.475,874.3462499999999],[218.525,874.3462499999999],[218.525,895.10375],[200.475,895.10375],[200.475,874.3462499999999]]]}},{"type":"Feature","id":"P2029","properties":{"id":"P2029","layer":"ordinary_parcel","zoneId":"UF11","blockId":"B101","compatibleForms":["U10","U07","U01","U02"]},"geometry":{"type":"Polygon","coordinates":[[[219.475,874.3462499999999],[237.525,874.3462499999999],[237.525,895.10375],[219.475,895.10375],[219.475,874.3462499999999]]]}},{"type":"Feature","id":"P2030","properties":{"id":"P2030","layer":"ordinary_parcel","zoneId":"UF11","blockId":"B101","compatibleForms":["U10","U07","U01","U02"]},"geometry":{"type":"Polygon","coordinates":[[[162.475,896.19625],[180.525,896.19625],[180.525,916.95375],[162.475,916.95375],[162.475,896.19625]]]}},{"type":"Feature","id":"P2031","properties":{"id":"P2031","layer":"ordinary_parcel","zoneId":"UF11","blockId":"B101","compatibleForms":["U10","U07","U01","U02"]},"geometry":{"type":"Polygon","coordinates":[[[181.475,896.19625],[199.525,896.19625],[199.525,916.95375],[181.475,916.95375],[181.475,896.19625]]]}},{"type":"Feature","id":"P2032","properties":{"id":"P2032","layer":"ordinary_parcel","zoneId":"UF11","blockId":"B101","compatibleForms":["U10","U07","U01","U02"]},"geometry":{"type":"Polygon","coordinates":[[[200.475,896.19625],[218.525,896.19625],[218.525,916.95375],[200.475,916.95375],[200.475,896.19625]]]}},{"type":"Feature","id":"P2033","properties":{"id":"P2033","layer":"ordinary_parcel","zoneId":"UF11","blockId":"B101","compatibleForms":["U10","U07","U01","U02"]},"geometry":{"type":"Polygon","coordinates":[[[219.475,896.19625],[237.525,896.19625],[237.525,916.95375],[219.475,916.95375],[219.475,896.19625]]]}},{"type":"Feature","id":"P2034","properties":{"id":"P2034","layer":"ordinary_parcel","zoneId":"UF11","blockId":"B101","compatibleForms":["U10","U07","U01","U02"]},"geometry":{"type":"Polygon","coordinates":[[[162.475,918.04625],[180.525,918.04625],[180.525,938.80375],[162.475,938.80375],[162.475,918.04625]]]}},{"type":"Feature","id":"P2035","properties":{"id":"P2035","layer":"ordinary_parcel","zoneId":"UF11","blockId":"B101","compatibleForms":["U10","U07","U01","U02"]},"geometry":{"type":"Polygon","coordinates":[[[181.475,918.04625],[199.525,918.04625],[199.525,938.80375],[181.475,938.80375],[181.475,918.04625]]]}},{"type":"Feature","id":"P2036","properties":{"id":"P2036","layer":"ordinary_parcel","zoneId":"UF11","blockId":"B101","compatibleForms":["U10","U07","U01","U02"]},"geometry":{"type":"Polygon","coordinates":[[[200.475,918.04625],[218.525,918.04625],[218.525,938.80375],[200.475,938.80375],[200.475,918.04625]]]}},{"type":"Feature","id":"P2037","properties":{"id":"P2037","layer":"ordinary_parcel","zoneId":"UF11","blockId":"B101","compatibleForms":["U10","U07","U01","U02"]},"geometry":{"type":"Polygon","coordinates":[[[219.475,918.04625],[237.525,918.04625],[237.525,938.80375],[219.475,938.80375],[219.475,918.04625]]]}},{"type":"Feature","id":"P2038","properties":{"id":"P2038","layer":"ordinary_parcel","zoneId":"UF11","blockId":"B101","compatibleForms":["U10","U07","U01","U02"]},"geometry":{"type":"Polygon","coordinates":[[[162.475,939.89625],[180.525,939.89625],[180.525,960.6537500000001],[162.475,960.6537500000001],[162.475,939.89625]]]}},{"type":"Feature","id":"P2039","properties":{"id":"P2039","layer":"ordinary_parcel","zoneId":"UF11","blockId":"B101","compatibleForms":["U10","U07","U01","U02"]},"geometry":{"type":"Polygon","coordinates":[[[181.475,939.89625],[199.525,939.89625],[199.525,960.6537500000001],[181.475,960.6537500000001],[181.475,939.89625]]]}},{"type":"Feature","id":"P2040","properties":{"id":"P2040","layer":"ordinary_parcel","zoneId":"UF11","blockId":"B101","compatibleForms":["U10","U07","U01","U02"]},"geometry":{"type":"Polygon","coordinates":[[[200.475,939.89625],[218.525,939.89625],[218.525,960.6537500000001],[200.475,960.6537500000001],[200.475,939.89625]]]}},{"type":"Feature","id":"P2041","properties":{"id":"P2041","layer":"ordinary_parcel","zoneId":"UF11","blockId":"B101","compatibleForms":["U10","U07","U01","U02"]},"geometry":{"type":"Polygon","coordinates":[[[219.475,939.89625],[237.525,939.89625],[237.525,960.6537500000001],[219.475,960.6537500000001],[219.475,939.89625]]]}},{"type":"Feature","id":"B102","properties":{"id":"B102","layer":"block_cluster","zoneId":"UF11","sequenceInZone":2},"geometry":{"type":"Polygon","coordinates":[[[62,988.8],[138,988.8],[138,1076.2],[62,1076.2],[62,988.8]]]}},{"type":"Feature","id":"P2042","properties":{"id":"P2042","layer":"ordinary_parcel","zoneId":"UF11","blockId":"B102","compatibleForms":["U10","U07","U01","U02"]},"geometry":{"type":"Polygon","coordinates":[[[62.475,989.3462499999999],[80.525,989.3462499999999],[80.525,1010.10375],[62.475,1010.10375],[62.475,989.3462499999999]]]}},{"type":"Feature","id":"P2043","properties":{"id":"P2043","layer":"ordinary_parcel","zoneId":"UF11","blockId":"B102","compatibleForms":["U10","U07","U01","U02"]},"geometry":{"type":"Polygon","coordinates":[[[81.475,989.3462499999999],[99.525,989.3462499999999],[99.525,1010.10375],[81.475,1010.10375],[81.475,989.3462499999999]]]}},{"type":"Feature","id":"P2044","properties":{"id":"P2044","layer":"ordinary_parcel","zoneId":"UF11","blockId":"B102","compatibleForms":["U10","U07","U01","U02"]},"geometry":{"type":"Polygon","coordinates":[[[100.475,989.3462499999999],[118.525,989.3462499999999],[118.525,1010.10375],[100.475,1010.10375],[100.475,989.3462499999999]]]}},{"type":"Feature","id":"P2045","properties":{"id":"P2045","layer":"ordinary_parcel","zoneId":"UF11","blockId":"B102","compatibleForms":["U10","U07","U01","U02"]},"geometry":{"type":"Polygon","coordinates":[[[119.475,989.3462499999999],[137.525,989.3462499999999],[137.525,1010.10375],[119.475,1010.10375],[119.475,989.3462499999999]]]}},{"type":"Feature","id":"P2046","properties":{"id":"P2046","layer":"ordinary_parcel","zoneId":"UF11","blockId":"B102","compatibleForms":["U10","U07","U01","U02"]},"geometry":{"type":"Polygon","coordinates":[[[62.475,1011.19625],[80.525,1011.19625],[80.525,1031.95375],[62.475,1031.95375],[62.475,1011.19625]]]}},{"type":"Feature","id":"P2047","properties":{"id":"P2047","layer":"ordinary_parcel","zoneId":"UF11","blockId":"B102","compatibleForms":["U10","U07","U01","U02"]},"geometry":{"type":"Polygon","coordinates":[[[81.475,1011.19625],[99.525,1011.19625],[99.525,1031.95375],[81.475,1031.95375],[81.475,1011.19625]]]}},{"type":"Feature","id":"P2048","properties":{"id":"P2048","layer":"ordinary_parcel","zoneId":"UF11","blockId":"B102","compatibleForms":["U10","U07","U01","U02"]},"geometry":{"type":"Polygon","coordinates":[[[100.475,1011.19625],[118.525,1011.19625],[118.525,1031.95375],[100.475,1031.95375],[100.475,1011.19625]]]}},{"type":"Feature","id":"P2049","properties":{"id":"P2049","layer":"ordinary_parcel","zoneId":"UF11","blockId":"B102","compatibleForms":["U10","U07","U01","U02"]},"geometry":{"type":"Polygon","coordinates":[[[119.475,1011.19625],[137.525,1011.19625],[137.525,1031.95375],[119.475,1031.95375],[119.475,1011.19625]]]}},{"type":"Feature","id":"P2050","properties":{"id":"P2050","layer":"ordinary_parcel","zoneId":"UF11","blockId":"B102","compatibleForms":["U10","U07","U01","U02"]},"geometry":{"type":"Polygon","coordinates":[[[62.475,1033.04625],[80.525,1033.04625],[80.525,1053.8037499999998],[62.475,1053.8037499999998],[62.475,1033.04625]]]}},{"type":"Feature","id":"P2051","properties":{"id":"P2051","layer":"ordinary_parcel","zoneId":"UF11","blockId":"B102","compatibleForms":["U10","U07","U01","U02"]},"geometry":{"type":"Polygon","coordinates":[[[81.475,1033.04625],[99.525,1033.04625],[99.525,1053.8037499999998],[81.475,1053.8037499999998],[81.475,1033.04625]]]}},{"type":"Feature","id":"P2052","properties":{"id":"P2052","layer":"ordinary_parcel","zoneId":"UF11","blockId":"B102","compatibleForms":["U10","U07","U01","U02"]},"geometry":{"type":"Polygon","coordinates":[[[100.475,1033.04625],[118.525,1033.04625],[118.525,1053.8037499999998],[100.475,1053.8037499999998],[100.475,1033.04625]]]}},{"type":"Feature","id":"P2053","properties":{"id":"P2053","layer":"ordinary_parcel","zoneId":"UF11","blockId":"B102","compatibleForms":["U10","U07","U01","U02"]},"geometry":{"type":"Polygon","coordinates":[[[119.475,1033.04625],[137.525,1033.04625],[137.525,1053.8037499999998],[119.475,1053.8037499999998],[119.475,1033.04625]]]}},{"type":"Feature","id":"P2054","properties":{"id":"P2054","layer":"ordinary_parcel","zoneId":"UF11","blockId":"B102","compatibleForms":["U10","U07","U01","U02"]},"geometry":{"type":"Polygon","coordinates":[[[62.475,1054.89625],[80.525,1054.89625],[80.525,1075.65375],[62.475,1075.65375],[62.475,1054.89625]]]}},{"type":"Feature","id":"P2055","properties":{"id":"P2055","layer":"ordinary_parcel","zoneId":"UF11","blockId":"B102","compatibleForms":["U10","U07","U01","U02"]},"geometry":{"type":"Polygon","coordinates":[[[81.475,1054.89625],[99.525,1054.89625],[99.525,1075.65375],[81.475,1075.65375],[81.475,1054.89625]]]}},{"type":"Feature","id":"P2056","properties":{"id":"P2056","layer":"ordinary_parcel","zoneId":"UF11","blockId":"B102","compatibleForms":["U10","U07","U01","U02"]},"geometry":{"type":"Polygon","coordinates":[[[100.475,1054.89625],[118.525,1054.89625],[118.525,1075.65375],[100.475,1075.65375],[100.475,1054.89625]]]}},{"type":"Feature","id":"P2057","properties":{"id":"P2057","layer":"ordinary_parcel","zoneId":"UF11","blockId":"B102","compatibleForms":["U10","U07","U01","U02"]},"geometry":{"type":"Polygon","coordinates":[[[119.475,1054.89625],[137.525,1054.89625],[137.525,1075.65375],[119.475,1075.65375],[119.475,1054.89625]]]}},{"type":"Feature","id":"B103","properties":{"id":"B103","layer":"block_cluster","zoneId":"UF11","sequenceInZone":3},"geometry":{"type":"Polygon","coordinates":[[[162,988.8],[238,988.8],[238,1076.2],[162,1076.2],[162,988.8]]]}},{"type":"Feature","id":"P2058","properties":{"id":"P2058","layer":"ordinary_parcel","zoneId":"UF11","blockId":"B103","compatibleForms":["U10","U07","U01","U02"]},"geometry":{"type":"Polygon","coordinates":[[[162.475,989.3462499999999],[180.525,989.3462499999999],[180.525,1010.10375],[162.475,1010.10375],[162.475,989.3462499999999]]]}},{"type":"Feature","id":"P2059","properties":{"id":"P2059","layer":"ordinary_parcel","zoneId":"UF11","blockId":"B103","compatibleForms":["U10","U07","U01","U02"]},"geometry":{"type":"Polygon","coordinates":[[[181.475,989.3462499999999],[199.525,989.3462499999999],[199.525,1010.10375],[181.475,1010.10375],[181.475,989.3462499999999]]]}},{"type":"Feature","id":"P2060","properties":{"id":"P2060","layer":"ordinary_parcel","zoneId":"UF11","blockId":"B103","compatibleForms":["U10","U07","U01","U02"]},"geometry":{"type":"Polygon","coordinates":[[[200.475,989.3462499999999],[218.525,989.3462499999999],[218.525,1010.10375],[200.475,1010.10375],[200.475,989.3462499999999]]]}},{"type":"Feature","id":"P2061","properties":{"id":"P2061","layer":"ordinary_parcel","zoneId":"UF11","blockId":"B103","compatibleForms":["U10","U07","U01","U02"]},"geometry":{"type":"Polygon","coordinates":[[[219.475,989.3462499999999],[237.525,989.3462499999999],[237.525,1010.10375],[219.475,1010.10375],[219.475,989.3462499999999]]]}},{"type":"Feature","id":"P2062","properties":{"id":"P2062","layer":"ordinary_parcel","zoneId":"UF11","blockId":"B103","compatibleForms":["U10","U07","U01","U02"]},"geometry":{"type":"Polygon","coordinates":[[[162.475,1011.19625],[180.525,1011.19625],[180.525,1031.95375],[162.475,1031.95375],[162.475,1011.19625]]]}},{"type":"Feature","id":"P2063","properties":{"id":"P2063","layer":"ordinary_parcel","zoneId":"UF11","blockId":"B103","compatibleForms":["U10","U07","U01","U02"]},"geometry":{"type":"Polygon","coordinates":[[[181.475,1011.19625],[199.525,1011.19625],[199.525,1031.95375],[181.475,1031.95375],[181.475,1011.19625]]]}},{"type":"Feature","id":"P2064","properties":{"id":"P2064","layer":"ordinary_parcel","zoneId":"UF11","blockId":"B103","compatibleForms":["U10","U07","U01","U02"]},"geometry":{"type":"Polygon","coordinates":[[[200.475,1011.19625],[218.525,1011.19625],[218.525,1031.95375],[200.475,1031.95375],[200.475,1011.19625]]]}},{"type":"Feature","id":"P2065","properties":{"id":"P2065","layer":"ordinary_parcel","zoneId":"UF11","blockId":"B103","compatibleForms":["U10","U07","U01","U02"]},"geometry":{"type":"Polygon","coordinates":[[[219.475,1011.19625],[237.525,1011.19625],[237.525,1031.95375],[219.475,1031.95375],[219.475,1011.19625]]]}},{"type":"Feature","id":"P2066","properties":{"id":"P2066","layer":"ordinary_parcel","zoneId":"UF11","blockId":"B103","compatibleForms":["U10","U07","U01","U02"]},"geometry":{"type":"Polygon","coordinates":[[[162.475,1033.04625],[180.525,1033.04625],[180.525,1053.8037499999998],[162.475,1053.8037499999998],[162.475,1033.04625]]]}},{"type":"Feature","id":"P2067","properties":{"id":"P2067","layer":"ordinary_parcel","zoneId":"UF11","blockId":"B103","compatibleForms":["U10","U07","U01","U02"]},"geometry":{"type":"Polygon","coordinates":[[[181.475,1033.04625],[199.525,1033.04625],[199.525,1053.8037499999998],[181.475,1053.8037499999998],[181.475,1033.04625]]]}},{"type":"Feature","id":"P2068","properties":{"id":"P2068","layer":"ordinary_parcel","zoneId":"UF11","blockId":"B103","compatibleForms":["U10","U07","U01","U02"]},"geometry":{"type":"Polygon","coordinates":[[[200.475,1033.04625],[218.525,1033.04625],[218.525,1053.8037499999998],[200.475,1053.8037499999998],[200.475,1033.04625]]]}},{"type":"Feature","id":"P2069","properties":{"id":"P2069","layer":"ordinary_parcel","zoneId":"UF11","blockId":"B103","compatibleForms":["U10","U07","U01","U02"]},"geometry":{"type":"Polygon","coordinates":[[[219.475,1033.04625],[237.525,1033.04625],[237.525,1053.8037499999998],[219.475,1053.8037499999998],[219.475,1033.04625]]]}},{"type":"Feature","id":"P2070","properties":{"id":"P2070","layer":"ordinary_parcel","zoneId":"UF11","blockId":"B103","compatibleForms":["U10","U07","U01","U02"]},"geometry":{"type":"Polygon","coordinates":[[[162.475,1054.89625],[180.525,1054.89625],[180.525,1075.65375],[162.475,1075.65375],[162.475,1054.89625]]]}},{"type":"Feature","id":"P2071","properties":{"id":"P2071","layer":"ordinary_parcel","zoneId":"UF11","blockId":"B103","compatibleForms":["U10","U07","U01","U02"]},"geometry":{"type":"Polygon","coordinates":[[[181.475,1054.89625],[199.525,1054.89625],[199.525,1075.65375],[181.475,1075.65375],[181.475,1054.89625]]]}},{"type":"Feature","id":"P2072","properties":{"id":"P2072","layer":"ordinary_parcel","zoneId":"UF11","blockId":"B103","compatibleForms":["U10","U07","U01","U02"]},"geometry":{"type":"Polygon","coordinates":[[[200.475,1054.89625],[218.525,1054.89625],[218.525,1075.65375],[200.475,1075.65375],[200.475,1054.89625]]]}},{"type":"Feature","id":"P2073","properties":{"id":"P2073","layer":"ordinary_parcel","zoneId":"UF11","blockId":"B103","compatibleForms":["U10","U07","U01","U02"]},"geometry":{"type":"Polygon","coordinates":[[[219.475,1054.89625],[237.525,1054.89625],[237.525,1075.65375],[219.475,1075.65375],[219.475,1054.89625]]]}},{"type":"Feature","id":"B104","properties":{"id":"B104","layer":"block_cluster","zoneId":"UF11","sequenceInZone":4},"geometry":{"type":"Polygon","coordinates":[[[-38,1103.8],[38,1103.8],[38,1191.2],[-38,1191.2],[-38,1103.8]]]}},{"type":"Feature","id":"P2074","properties":{"id":"P2074","layer":"ordinary_parcel","zoneId":"UF11","blockId":"B104","compatibleForms":["U10","U07","U01","U02"]},"geometry":{"type":"Polygon","coordinates":[[[-37.525,1104.34625],[-19.475,1104.34625],[-19.475,1125.10375],[-37.525,1125.10375],[-37.525,1104.34625]]]}},{"type":"Feature","id":"P2075","properties":{"id":"P2075","layer":"ordinary_parcel","zoneId":"UF11","blockId":"B104","compatibleForms":["U10","U07","U01","U02"]},"geometry":{"type":"Polygon","coordinates":[[[-18.525,1104.34625],[-0.47500000000000003,1104.34625],[-0.47500000000000003,1125.10375],[-18.525,1125.10375],[-18.525,1104.34625]]]}},{"type":"Feature","id":"P2076","properties":{"id":"P2076","layer":"ordinary_parcel","zoneId":"UF11","blockId":"B104","compatibleForms":["U10","U07","U01","U02"]},"geometry":{"type":"Polygon","coordinates":[[[0.47500000000000003,1104.34625],[18.525,1104.34625],[18.525,1125.10375],[0.47500000000000003,1125.10375],[0.47500000000000003,1104.34625]]]}},{"type":"Feature","id":"P2077","properties":{"id":"P2077","layer":"ordinary_parcel","zoneId":"UF11","blockId":"B104","compatibleForms":["U10","U07","U01","U02"]},"geometry":{"type":"Polygon","coordinates":[[[19.475,1104.34625],[37.525,1104.34625],[37.525,1125.10375],[19.475,1125.10375],[19.475,1104.34625]]]}},{"type":"Feature","id":"P2078","properties":{"id":"P2078","layer":"ordinary_parcel","zoneId":"UF11","blockId":"B104","compatibleForms":["U10","U07","U01","U02"]},"geometry":{"type":"Polygon","coordinates":[[[-37.525,1126.1962500000002],[-19.475,1126.1962500000002],[-19.475,1146.95375],[-37.525,1146.95375],[-37.525,1126.1962500000002]]]}},{"type":"Feature","id":"P2079","properties":{"id":"P2079","layer":"ordinary_parcel","zoneId":"UF11","blockId":"B104","compatibleForms":["U10","U07","U01","U02"]},"geometry":{"type":"Polygon","coordinates":[[[-18.525,1126.1962500000002],[-0.47500000000000003,1126.1962500000002],[-0.47500000000000003,1146.95375],[-18.525,1146.95375],[-18.525,1126.1962500000002]]]}},{"type":"Feature","id":"P2080","properties":{"id":"P2080","layer":"ordinary_parcel","zoneId":"UF11","blockId":"B104","compatibleForms":["U10","U07","U01","U02"]},"geometry":{"type":"Polygon","coordinates":[[[0.47500000000000003,1126.1962500000002],[18.525,1126.1962500000002],[18.525,1146.95375],[0.47500000000000003,1146.95375],[0.47500000000000003,1126.1962500000002]]]}},{"type":"Feature","id":"P2081","properties":{"id":"P2081","layer":"ordinary_parcel","zoneId":"UF11","blockId":"B104","compatibleForms":["U10","U07","U01","U02"]},"geometry":{"type":"Polygon","coordinates":[[[19.475,1126.1962500000002],[37.525,1126.1962500000002],[37.525,1146.95375],[19.475,1146.95375],[19.475,1126.1962500000002]]]}},{"type":"Feature","id":"P2082","properties":{"id":"P2082","layer":"ordinary_parcel","zoneId":"UF11","blockId":"B104","compatibleForms":["U10","U07","U01","U02"]},"geometry":{"type":"Polygon","coordinates":[[[-37.525,1148.04625],[-19.475,1148.04625],[-19.475,1168.8037499999998],[-37.525,1168.8037499999998],[-37.525,1148.04625]]]}},{"type":"Feature","id":"P2083","properties":{"id":"P2083","layer":"ordinary_parcel","zoneId":"UF11","blockId":"B104","compatibleForms":["U10","U07","U01","U02"]},"geometry":{"type":"Polygon","coordinates":[[[-18.525,1148.04625],[-0.47500000000000003,1148.04625],[-0.47500000000000003,1168.8037499999998],[-18.525,1168.8037499999998],[-18.525,1148.04625]]]}},{"type":"Feature","id":"P2084","properties":{"id":"P2084","layer":"ordinary_parcel","zoneId":"UF11","blockId":"B104","compatibleForms":["U10","U07","U01","U02"]},"geometry":{"type":"Polygon","coordinates":[[[0.47500000000000003,1148.04625],[18.525,1148.04625],[18.525,1168.8037499999998],[0.47500000000000003,1168.8037499999998],[0.47500000000000003,1148.04625]]]}},{"type":"Feature","id":"P2085","properties":{"id":"P2085","layer":"ordinary_parcel","zoneId":"UF11","blockId":"B104","compatibleForms":["U10","U07","U01","U02"]},"geometry":{"type":"Polygon","coordinates":[[[19.475,1148.04625],[37.525,1148.04625],[37.525,1168.8037499999998],[19.475,1168.8037499999998],[19.475,1148.04625]]]}},{"type":"Feature","id":"P2086","properties":{"id":"P2086","layer":"ordinary_parcel","zoneId":"UF11","blockId":"B104","compatibleForms":["U10","U07","U01","U02"]},"geometry":{"type":"Polygon","coordinates":[[[-37.525,1169.89625],[-19.475,1169.89625],[-19.475,1190.65375],[-37.525,1190.65375],[-37.525,1169.89625]]]}},{"type":"Feature","id":"P2087","properties":{"id":"P2087","layer":"ordinary_parcel","zoneId":"UF11","blockId":"B104","compatibleForms":["U10","U07","U01","U02"]},"geometry":{"type":"Polygon","coordinates":[[[-18.525,1169.89625],[-0.47500000000000003,1169.89625],[-0.47500000000000003,1190.65375],[-18.525,1190.65375],[-18.525,1169.89625]]]}},{"type":"Feature","id":"P2088","properties":{"id":"P2088","layer":"ordinary_parcel","zoneId":"UF11","blockId":"B104","compatibleForms":["U10","U07","U01","U02"]},"geometry":{"type":"Polygon","coordinates":[[[0.47500000000000003,1169.89625],[18.525,1169.89625],[18.525,1190.65375],[0.47500000000000003,1190.65375],[0.47500000000000003,1169.89625]]]}},{"type":"Feature","id":"P2089","properties":{"id":"P2089","layer":"ordinary_parcel","zoneId":"UF11","blockId":"B104","compatibleForms":["U10","U07","U01","U02"]},"geometry":{"type":"Polygon","coordinates":[[[19.475,1169.89625],[37.525,1169.89625],[37.525,1190.65375],[19.475,1190.65375],[19.475,1169.89625]]]}},{"type":"Feature","id":"B105","properties":{"id":"B105","layer":"block_cluster","zoneId":"UF11","sequenceInZone":5},"geometry":{"type":"Polygon","coordinates":[[[62,1103.8],[138,1103.8],[138,1191.2],[62,1191.2],[62,1103.8]]]}},{"type":"Feature","id":"P2090","properties":{"id":"P2090","layer":"ordinary_parcel","zoneId":"UF11","blockId":"B105","compatibleForms":["U10","U07","U01","U02"]},"geometry":{"type":"Polygon","coordinates":[[[62.475,1104.34625],[80.525,1104.34625],[80.525,1125.10375],[62.475,1125.10375],[62.475,1104.34625]]]}},{"type":"Feature","id":"P2091","properties":{"id":"P2091","layer":"ordinary_parcel","zoneId":"UF11","blockId":"B105","compatibleForms":["U10","U07","U01","U02"]},"geometry":{"type":"Polygon","coordinates":[[[81.475,1104.34625],[99.525,1104.34625],[99.525,1125.10375],[81.475,1125.10375],[81.475,1104.34625]]]}},{"type":"Feature","id":"P2092","properties":{"id":"P2092","layer":"ordinary_parcel","zoneId":"UF11","blockId":"B105","compatibleForms":["U10","U07","U01","U02"]},"geometry":{"type":"Polygon","coordinates":[[[100.475,1104.34625],[118.525,1104.34625],[118.525,1125.10375],[100.475,1125.10375],[100.475,1104.34625]]]}},{"type":"Feature","id":"P2093","properties":{"id":"P2093","layer":"ordinary_parcel","zoneId":"UF11","blockId":"B105","compatibleForms":["U10","U07","U01","U02"]},"geometry":{"type":"Polygon","coordinates":[[[119.475,1104.34625],[137.525,1104.34625],[137.525,1125.10375],[119.475,1125.10375],[119.475,1104.34625]]]}},{"type":"Feature","id":"P2094","properties":{"id":"P2094","layer":"ordinary_parcel","zoneId":"UF11","blockId":"B105","compatibleForms":["U10","U07","U01","U02"]},"geometry":{"type":"Polygon","coordinates":[[[62.475,1126.1962500000002],[80.525,1126.1962500000002],[80.525,1146.95375],[62.475,1146.95375],[62.475,1126.1962500000002]]]}},{"type":"Feature","id":"P2095","properties":{"id":"P2095","layer":"ordinary_parcel","zoneId":"UF11","blockId":"B105","compatibleForms":["U10","U07","U01","U02"]},"geometry":{"type":"Polygon","coordinates":[[[81.475,1126.1962500000002],[99.525,1126.1962500000002],[99.525,1146.95375],[81.475,1146.95375],[81.475,1126.1962500000002]]]}},{"type":"Feature","id":"P2096","properties":{"id":"P2096","layer":"ordinary_parcel","zoneId":"UF11","blockId":"B105","compatibleForms":["U10","U07","U01","U02"]},"geometry":{"type":"Polygon","coordinates":[[[100.475,1126.1962500000002],[118.525,1126.1962500000002],[118.525,1146.95375],[100.475,1146.95375],[100.475,1126.1962500000002]]]}},{"type":"Feature","id":"P2097","properties":{"id":"P2097","layer":"ordinary_parcel","zoneId":"UF11","blockId":"B105","compatibleForms":["U10","U07","U01","U02"]},"geometry":{"type":"Polygon","coordinates":[[[119.475,1126.1962500000002],[137.525,1126.1962500000002],[137.525,1146.95375],[119.475,1146.95375],[119.475,1126.1962500000002]]]}},{"type":"Feature","id":"P2098","properties":{"id":"P2098","layer":"ordinary_parcel","zoneId":"UF11","blockId":"B105","compatibleForms":["U10","U07","U01","U02"]},"geometry":{"type":"Polygon","coordinates":[[[62.475,1148.04625],[80.525,1148.04625],[80.525,1168.8037499999998],[62.475,1168.8037499999998],[62.475,1148.04625]]]}},{"type":"Feature","id":"P2099","properties":{"id":"P2099","layer":"ordinary_parcel","zoneId":"UF11","blockId":"B105","compatibleForms":["U10","U07","U01","U02"]},"geometry":{"type":"Polygon","coordinates":[[[81.475,1148.04625],[99.525,1148.04625],[99.525,1168.8037499999998],[81.475,1168.8037499999998],[81.475,1148.04625]]]}},{"type":"Feature","id":"P2100","properties":{"id":"P2100","layer":"ordinary_parcel","zoneId":"UF11","blockId":"B105","compatibleForms":["U10","U07","U01","U02"]},"geometry":{"type":"Polygon","coordinates":[[[100.475,1148.04625],[118.525,1148.04625],[118.525,1168.8037499999998],[100.475,1168.8037499999998],[100.475,1148.04625]]]}},{"type":"Feature","id":"P2101","properties":{"id":"P2101","layer":"ordinary_parcel","zoneId":"UF11","blockId":"B105","compatibleForms":["U10","U07","U01","U02"]},"geometry":{"type":"Polygon","coordinates":[[[119.475,1148.04625],[137.525,1148.04625],[137.525,1168.8037499999998],[119.475,1168.8037499999998],[119.475,1148.04625]]]}},{"type":"Feature","id":"P2102","properties":{"id":"P2102","layer":"ordinary_parcel","zoneId":"UF11","blockId":"B105","compatibleForms":["U10","U07","U01","U02"]},"geometry":{"type":"Polygon","coordinates":[[[62.475,1169.89625],[80.525,1169.89625],[80.525,1190.65375],[62.475,1190.65375],[62.475,1169.89625]]]}},{"type":"Feature","id":"P2103","properties":{"id":"P2103","layer":"ordinary_parcel","zoneId":"UF11","blockId":"B105","compatibleForms":["U10","U07","U01","U02"]},"geometry":{"type":"Polygon","coordinates":[[[81.475,1169.89625],[99.525,1169.89625],[99.525,1190.65375],[81.475,1190.65375],[81.475,1169.89625]]]}},{"type":"Feature","id":"P2104","properties":{"id":"P2104","layer":"ordinary_parcel","zoneId":"UF11","blockId":"B105","compatibleForms":["U10","U07","U01","U02"]},"geometry":{"type":"Polygon","coordinates":[[[100.475,1169.89625],[118.525,1169.89625],[118.525,1190.65375],[100.475,1190.65375],[100.475,1169.89625]]]}},{"type":"Feature","id":"P2105","properties":{"id":"P2105","layer":"ordinary_parcel","zoneId":"UF11","blockId":"B105","compatibleForms":["U10","U07","U01","U02"]},"geometry":{"type":"Polygon","coordinates":[[[119.475,1169.89625],[137.525,1169.89625],[137.525,1190.65375],[119.475,1190.65375],[119.475,1169.89625]]]}},{"type":"Feature","id":"B106","properties":{"id":"B106","layer":"block_cluster","zoneId":"UF11","sequenceInZone":6},"geometry":{"type":"Polygon","coordinates":[[[162,1103.8],[238,1103.8],[238,1191.2],[162,1191.2],[162,1103.8]]]}},{"type":"Feature","id":"P2106","properties":{"id":"P2106","layer":"ordinary_parcel","zoneId":"UF11","blockId":"B106","compatibleForms":["U10","U07","U01","U02"]},"geometry":{"type":"Polygon","coordinates":[[[162.475,1104.34625],[180.525,1104.34625],[180.525,1125.10375],[162.475,1125.10375],[162.475,1104.34625]]]}},{"type":"Feature","id":"P2107","properties":{"id":"P2107","layer":"ordinary_parcel","zoneId":"UF11","blockId":"B106","compatibleForms":["U10","U07","U01","U02"]},"geometry":{"type":"Polygon","coordinates":[[[181.475,1104.34625],[199.525,1104.34625],[199.525,1125.10375],[181.475,1125.10375],[181.475,1104.34625]]]}},{"type":"Feature","id":"P2108","properties":{"id":"P2108","layer":"ordinary_parcel","zoneId":"UF11","blockId":"B106","compatibleForms":["U10","U07","U01","U02"]},"geometry":{"type":"Polygon","coordinates":[[[200.475,1104.34625],[218.525,1104.34625],[218.525,1125.10375],[200.475,1125.10375],[200.475,1104.34625]]]}},{"type":"Feature","id":"P2109","properties":{"id":"P2109","layer":"ordinary_parcel","zoneId":"UF11","blockId":"B106","compatibleForms":["U10","U07","U01","U02"]},"geometry":{"type":"Polygon","coordinates":[[[219.475,1104.34625],[237.525,1104.34625],[237.525,1125.10375],[219.475,1125.10375],[219.475,1104.34625]]]}},{"type":"Feature","id":"P2110","properties":{"id":"P2110","layer":"ordinary_parcel","zoneId":"UF11","blockId":"B106","compatibleForms":["U10","U07","U01","U02"]},"geometry":{"type":"Polygon","coordinates":[[[162.475,1126.1962500000002],[180.525,1126.1962500000002],[180.525,1146.95375],[162.475,1146.95375],[162.475,1126.1962500000002]]]}},{"type":"Feature","id":"P2111","properties":{"id":"P2111","layer":"ordinary_parcel","zoneId":"UF11","blockId":"B106","compatibleForms":["U10","U07","U01","U02"]},"geometry":{"type":"Polygon","coordinates":[[[181.475,1126.1962500000002],[199.525,1126.1962500000002],[199.525,1146.95375],[181.475,1146.95375],[181.475,1126.1962500000002]]]}},{"type":"Feature","id":"P2112","properties":{"id":"P2112","layer":"ordinary_parcel","zoneId":"UF11","blockId":"B106","compatibleForms":["U10","U07","U01","U02"]},"geometry":{"type":"Polygon","coordinates":[[[200.475,1126.1962500000002],[218.525,1126.1962500000002],[218.525,1146.95375],[200.475,1146.95375],[200.475,1126.1962500000002]]]}},{"type":"Feature","id":"P2113","properties":{"id":"P2113","layer":"ordinary_parcel","zoneId":"UF11","blockId":"B106","compatibleForms":["U10","U07","U01","U02"]},"geometry":{"type":"Polygon","coordinates":[[[219.475,1126.1962500000002],[237.525,1126.1962500000002],[237.525,1146.95375],[219.475,1146.95375],[219.475,1126.1962500000002]]]}},{"type":"Feature","id":"P2114","properties":{"id":"P2114","layer":"ordinary_parcel","zoneId":"UF11","blockId":"B106","compatibleForms":["U10","U07","U01","U02"]},"geometry":{"type":"Polygon","coordinates":[[[162.475,1148.04625],[180.525,1148.04625],[180.525,1168.8037499999998],[162.475,1168.8037499999998],[162.475,1148.04625]]]}},{"type":"Feature","id":"P2115","properties":{"id":"P2115","layer":"ordinary_parcel","zoneId":"UF11","blockId":"B106","compatibleForms":["U10","U07","U01","U02"]},"geometry":{"type":"Polygon","coordinates":[[[181.475,1148.04625],[199.525,1148.04625],[199.525,1168.8037499999998],[181.475,1168.8037499999998],[181.475,1148.04625]]]}},{"type":"Feature","id":"P2116","properties":{"id":"P2116","layer":"ordinary_parcel","zoneId":"UF11","blockId":"B106","compatibleForms":["U10","U07","U01","U02"]},"geometry":{"type":"Polygon","coordinates":[[[200.475,1148.04625],[218.525,1148.04625],[218.525,1168.8037499999998],[200.475,1168.8037499999998],[200.475,1148.04625]]]}},{"type":"Feature","id":"P2117","properties":{"id":"P2117","layer":"ordinary_parcel","zoneId":"UF11","blockId":"B106","compatibleForms":["U10","U07","U01","U02"]},"geometry":{"type":"Polygon","coordinates":[[[219.475,1148.04625],[237.525,1148.04625],[237.525,1168.8037499999998],[219.475,1168.8037499999998],[219.475,1148.04625]]]}},{"type":"Feature","id":"P2118","properties":{"id":"P2118","layer":"ordinary_parcel","zoneId":"UF11","blockId":"B106","compatibleForms":["U10","U07","U01","U02"]},"geometry":{"type":"Polygon","coordinates":[[[162.63333333333333,1169.89625],[186.70000000000002,1169.89625],[186.70000000000002,1190.65375],[162.63333333333333,1190.65375],[162.63333333333333,1169.89625]]]}},{"type":"Feature","id":"P2119","properties":{"id":"P2119","layer":"ordinary_parcel","zoneId":"UF11","blockId":"B106","compatibleForms":["U10","U07","U01","U02"]},"geometry":{"type":"Polygon","coordinates":[[[187.96666666666667,1169.89625],[212.03333333333333,1169.89625],[212.03333333333333,1190.65375],[187.96666666666667,1190.65375],[187.96666666666667,1169.89625]]]}},{"type":"Feature","id":"P2120","properties":{"id":"P2120","layer":"ordinary_parcel","zoneId":"UF11","blockId":"B106","compatibleForms":["U10","U07","U01","U02"]},"geometry":{"type":"Polygon","coordinates":[[[213.29999999999998,1169.89625],[237.36666666666667,1169.89625],[237.36666666666667,1190.65375],[213.29999999999998,1190.65375],[213.29999999999998,1169.89625]]]}},{"type":"Feature","id":"B107","properties":{"id":"B107","layer":"block_cluster","zoneId":"UF12","sequenceInZone":1},"geometry":{"type":"Polygon","coordinates":[[[756,436.8],[794,436.8],[794,543.2],[756,543.2],[756,436.8]]]}},{"type":"Feature","id":"P2121","properties":{"id":"P2121","layer":"ordinary_parcel","zoneId":"UF12","blockId":"B107","compatibleForms":["U07","U08","U13","U02"]},"geometry":{"type":"Polygon","coordinates":[[[756.3166666666667,437.24333333333334],[768.3499999999999,437.24333333333334],[768.3499999999999,454.09000000000003],[756.3166666666667,454.09000000000003],[756.3166666666667,437.24333333333334]]]}},{"type":"Feature","id":"P2122","properties":{"id":"P2122","layer":"ordinary_parcel","zoneId":"UF12","blockId":"B107","compatibleForms":["U07","U08","U13","U02"]},"geometry":{"type":"Polygon","coordinates":[[[768.9833333333333,437.24333333333334],[781.0166666666667,437.24333333333334],[781.0166666666667,454.09000000000003],[768.9833333333333,454.09000000000003],[768.9833333333333,437.24333333333334]]]}},{"type":"Feature","id":"P2123","properties":{"id":"P2123","layer":"ordinary_parcel","zoneId":"UF12","blockId":"B107","compatibleForms":["U07","U08","U13","U02"]},"geometry":{"type":"Polygon","coordinates":[[[781.6500000000001,437.24333333333334],[793.6833333333333,437.24333333333334],[793.6833333333333,454.09000000000003],[781.6500000000001,454.09000000000003],[781.6500000000001,437.24333333333334]]]}},{"type":"Feature","id":"P2124","properties":{"id":"P2124","layer":"ordinary_parcel","zoneId":"UF12","blockId":"B107","compatibleForms":["U07","U08","U13","U02"]},"geometry":{"type":"Polygon","coordinates":[[[756.3166666666667,454.9766666666667],[768.3499999999999,454.9766666666667],[768.3499999999999,471.8233333333334],[756.3166666666667,471.8233333333334],[756.3166666666667,454.9766666666667]]]}},{"type":"Feature","id":"P2125","properties":{"id":"P2125","layer":"ordinary_parcel","zoneId":"UF12","blockId":"B107","compatibleForms":["U07","U08","U13","U02"]},"geometry":{"type":"Polygon","coordinates":[[[768.9833333333333,454.9766666666667],[781.0166666666667,454.9766666666667],[781.0166666666667,471.8233333333334],[768.9833333333333,471.8233333333334],[768.9833333333333,454.9766666666667]]]}},{"type":"Feature","id":"P2126","properties":{"id":"P2126","layer":"ordinary_parcel","zoneId":"UF12","blockId":"B107","compatibleForms":["U07","U08","U13","U02"]},"geometry":{"type":"Polygon","coordinates":[[[781.6500000000001,454.9766666666667],[793.6833333333333,454.9766666666667],[793.6833333333333,471.8233333333334],[781.6500000000001,471.8233333333334],[781.6500000000001,454.9766666666667]]]}},{"type":"Feature","id":"P2127","properties":{"id":"P2127","layer":"ordinary_parcel","zoneId":"UF12","blockId":"B107","compatibleForms":["U07","U08","U13","U02"]},"geometry":{"type":"Polygon","coordinates":[[[756.475,472.71000000000004],[774.525,472.71000000000004],[774.525,489.5566666666667],[756.475,489.5566666666667],[756.475,472.71000000000004]]]}},{"type":"Feature","id":"P2128","properties":{"id":"P2128","layer":"ordinary_parcel","zoneId":"UF12","blockId":"B107","compatibleForms":["U07","U08","U13","U02"]},"geometry":{"type":"Polygon","coordinates":[[[775.475,472.71000000000004],[793.525,472.71000000000004],[793.525,489.5566666666667],[775.475,489.5566666666667],[775.475,472.71000000000004]]]}},{"type":"Feature","id":"P2129","properties":{"id":"P2129","layer":"ordinary_parcel","zoneId":"UF12","blockId":"B107","compatibleForms":["U07","U08","U13","U02"]},"geometry":{"type":"Polygon","coordinates":[[[756.475,490.4433333333333],[774.525,490.4433333333333],[774.525,507.29],[756.475,507.29],[756.475,490.4433333333333]]]}},{"type":"Feature","id":"P2130","properties":{"id":"P2130","layer":"ordinary_parcel","zoneId":"UF12","blockId":"B107","compatibleForms":["U07","U08","U13","U02"]},"geometry":{"type":"Polygon","coordinates":[[[775.475,490.4433333333333],[793.525,490.4433333333333],[793.525,507.29],[775.475,507.29],[775.475,490.4433333333333]]]}},{"type":"Feature","id":"P2131","properties":{"id":"P2131","layer":"ordinary_parcel","zoneId":"UF12","blockId":"B107","compatibleForms":["U07","U08","U13","U02"]},"geometry":{"type":"Polygon","coordinates":[[[756.475,508.1766666666667],[774.525,508.1766666666667],[774.525,525.0233333333333],[756.475,525.0233333333333],[756.475,508.1766666666667]]]}},{"type":"Feature","id":"P2132","properties":{"id":"P2132","layer":"ordinary_parcel","zoneId":"UF12","blockId":"B107","compatibleForms":["U07","U08","U13","U02"]},"geometry":{"type":"Polygon","coordinates":[[[775.475,508.1766666666667],[793.525,508.1766666666667],[793.525,525.0233333333333],[775.475,525.0233333333333],[775.475,508.1766666666667]]]}},{"type":"Feature","id":"P2133","properties":{"id":"P2133","layer":"ordinary_parcel","zoneId":"UF12","blockId":"B107","compatibleForms":["U07","U08","U13","U02"]},"geometry":{"type":"Polygon","coordinates":[[[756.475,525.9100000000001],[774.525,525.9100000000001],[774.525,542.7566666666667],[756.475,542.7566666666667],[756.475,525.9100000000001]]]}},{"type":"Feature","id":"P2134","properties":{"id":"P2134","layer":"ordinary_parcel","zoneId":"UF12","blockId":"B107","compatibleForms":["U07","U08","U13","U02"]},"geometry":{"type":"Polygon","coordinates":[[[775.475,525.9100000000001],[793.525,525.9100000000001],[793.525,542.7566666666667],[775.475,542.7566666666667],[775.475,525.9100000000001]]]}},{"type":"Feature","id":"B108","properties":{"id":"B108","layer":"block_cluster","zoneId":"UF12","sequenceInZone":2},"geometry":{"type":"Polygon","coordinates":[[[806,436.8],[844,436.8],[844,543.2],[806,543.2],[806,436.8]]]}},{"type":"Feature","id":"P2135","properties":{"id":"P2135","layer":"ordinary_parcel","zoneId":"UF12","blockId":"B108","compatibleForms":["U07","U08","U13","U02"]},"geometry":{"type":"Polygon","coordinates":[[[806.3166666666667,437.24333333333334],[818.3499999999999,437.24333333333334],[818.3499999999999,454.09000000000003],[806.3166666666667,454.09000000000003],[806.3166666666667,437.24333333333334]]]}},{"type":"Feature","id":"P2136","properties":{"id":"P2136","layer":"ordinary_parcel","zoneId":"UF12","blockId":"B108","compatibleForms":["U07","U08","U13","U02"]},"geometry":{"type":"Polygon","coordinates":[[[818.9833333333333,437.24333333333334],[831.0166666666667,437.24333333333334],[831.0166666666667,454.09000000000003],[818.9833333333333,454.09000000000003],[818.9833333333333,437.24333333333334]]]}},{"type":"Feature","id":"P2137","properties":{"id":"P2137","layer":"ordinary_parcel","zoneId":"UF12","blockId":"B108","compatibleForms":["U07","U08","U13","U02"]},"geometry":{"type":"Polygon","coordinates":[[[831.6500000000001,437.24333333333334],[843.6833333333333,437.24333333333334],[843.6833333333333,454.09000000000003],[831.6500000000001,454.09000000000003],[831.6500000000001,437.24333333333334]]]}},{"type":"Feature","id":"P2138","properties":{"id":"P2138","layer":"ordinary_parcel","zoneId":"UF12","blockId":"B108","compatibleForms":["U07","U08","U13","U02"]},"geometry":{"type":"Polygon","coordinates":[[[806.3166666666667,454.9766666666667],[818.3499999999999,454.9766666666667],[818.3499999999999,471.8233333333334],[806.3166666666667,471.8233333333334],[806.3166666666667,454.9766666666667]]]}},{"type":"Feature","id":"P2139","properties":{"id":"P2139","layer":"ordinary_parcel","zoneId":"UF12","blockId":"B108","compatibleForms":["U07","U08","U13","U02"]},"geometry":{"type":"Polygon","coordinates":[[[818.9833333333333,454.9766666666667],[831.0166666666667,454.9766666666667],[831.0166666666667,471.8233333333334],[818.9833333333333,471.8233333333334],[818.9833333333333,454.9766666666667]]]}},{"type":"Feature","id":"P2140","properties":{"id":"P2140","layer":"ordinary_parcel","zoneId":"UF12","blockId":"B108","compatibleForms":["U07","U08","U13","U02"]},"geometry":{"type":"Polygon","coordinates":[[[831.6500000000001,454.9766666666667],[843.6833333333333,454.9766666666667],[843.6833333333333,471.8233333333334],[831.6500000000001,471.8233333333334],[831.6500000000001,454.9766666666667]]]}},{"type":"Feature","id":"P2141","properties":{"id":"P2141","layer":"ordinary_parcel","zoneId":"UF12","blockId":"B108","compatibleForms":["U07","U08","U13","U02"]},"geometry":{"type":"Polygon","coordinates":[[[806.475,472.71000000000004],[824.525,472.71000000000004],[824.525,489.5566666666667],[806.475,489.5566666666667],[806.475,472.71000000000004]]]}},{"type":"Feature","id":"P2142","properties":{"id":"P2142","layer":"ordinary_parcel","zoneId":"UF12","blockId":"B108","compatibleForms":["U07","U08","U13","U02"]},"geometry":{"type":"Polygon","coordinates":[[[825.475,472.71000000000004],[843.525,472.71000000000004],[843.525,489.5566666666667],[825.475,489.5566666666667],[825.475,472.71000000000004]]]}},{"type":"Feature","id":"P2143","properties":{"id":"P2143","layer":"ordinary_parcel","zoneId":"UF12","blockId":"B108","compatibleForms":["U07","U08","U13","U02"]},"geometry":{"type":"Polygon","coordinates":[[[806.475,490.4433333333333],[824.525,490.4433333333333],[824.525,507.29],[806.475,507.29],[806.475,490.4433333333333]]]}},{"type":"Feature","id":"P2144","properties":{"id":"P2144","layer":"ordinary_parcel","zoneId":"UF12","blockId":"B108","compatibleForms":["U07","U08","U13","U02"]},"geometry":{"type":"Polygon","coordinates":[[[825.475,490.4433333333333],[843.525,490.4433333333333],[843.525,507.29],[825.475,507.29],[825.475,490.4433333333333]]]}},{"type":"Feature","id":"P2145","properties":{"id":"P2145","layer":"ordinary_parcel","zoneId":"UF12","blockId":"B108","compatibleForms":["U07","U08","U13","U02"]},"geometry":{"type":"Polygon","coordinates":[[[806.475,508.1766666666667],[824.525,508.1766666666667],[824.525,525.0233333333333],[806.475,525.0233333333333],[806.475,508.1766666666667]]]}},{"type":"Feature","id":"P2146","properties":{"id":"P2146","layer":"ordinary_parcel","zoneId":"UF12","blockId":"B108","compatibleForms":["U07","U08","U13","U02"]},"geometry":{"type":"Polygon","coordinates":[[[825.475,508.1766666666667],[843.525,508.1766666666667],[843.525,525.0233333333333],[825.475,525.0233333333333],[825.475,508.1766666666667]]]}},{"type":"Feature","id":"P2147","properties":{"id":"P2147","layer":"ordinary_parcel","zoneId":"UF12","blockId":"B108","compatibleForms":["U07","U08","U13","U02"]},"geometry":{"type":"Polygon","coordinates":[[[806.475,525.9100000000001],[824.525,525.9100000000001],[824.525,542.7566666666667],[806.475,542.7566666666667],[806.475,525.9100000000001]]]}},{"type":"Feature","id":"P2148","properties":{"id":"P2148","layer":"ordinary_parcel","zoneId":"UF12","blockId":"B108","compatibleForms":["U07","U08","U13","U02"]},"geometry":{"type":"Polygon","coordinates":[[[825.475,525.9100000000001],[843.525,525.9100000000001],[843.525,542.7566666666667],[825.475,542.7566666666667],[825.475,525.9100000000001]]]}},{"type":"Feature","id":"B109","properties":{"id":"B109","layer":"block_cluster","zoneId":"UF12","sequenceInZone":3},"geometry":{"type":"Polygon","coordinates":[[[856,436.8],[894,436.8],[894,543.2],[856,543.2],[856,436.8]]]}},{"type":"Feature","id":"P2149","properties":{"id":"P2149","layer":"ordinary_parcel","zoneId":"UF12","blockId":"B109","compatibleForms":["U07","U08","U13","U02"]},"geometry":{"type":"Polygon","coordinates":[[[856.3166666666667,437.24333333333334],[868.3499999999999,437.24333333333334],[868.3499999999999,454.09000000000003],[856.3166666666667,454.09000000000003],[856.3166666666667,437.24333333333334]]]}},{"type":"Feature","id":"P2150","properties":{"id":"P2150","layer":"ordinary_parcel","zoneId":"UF12","blockId":"B109","compatibleForms":["U07","U08","U13","U02"]},"geometry":{"type":"Polygon","coordinates":[[[868.9833333333333,437.24333333333334],[881.0166666666667,437.24333333333334],[881.0166666666667,454.09000000000003],[868.9833333333333,454.09000000000003],[868.9833333333333,437.24333333333334]]]}},{"type":"Feature","id":"P2151","properties":{"id":"P2151","layer":"ordinary_parcel","zoneId":"UF12","blockId":"B109","compatibleForms":["U07","U08","U13","U02"]},"geometry":{"type":"Polygon","coordinates":[[[881.6500000000001,437.24333333333334],[893.6833333333333,437.24333333333334],[893.6833333333333,454.09000000000003],[881.6500000000001,454.09000000000003],[881.6500000000001,437.24333333333334]]]}},{"type":"Feature","id":"P2152","properties":{"id":"P2152","layer":"ordinary_parcel","zoneId":"UF12","blockId":"B109","compatibleForms":["U07","U08","U13","U02"]},"geometry":{"type":"Polygon","coordinates":[[[856.3166666666667,454.9766666666667],[868.3499999999999,454.9766666666667],[868.3499999999999,471.8233333333334],[856.3166666666667,471.8233333333334],[856.3166666666667,454.9766666666667]]]}},{"type":"Feature","id":"P2153","properties":{"id":"P2153","layer":"ordinary_parcel","zoneId":"UF12","blockId":"B109","compatibleForms":["U07","U08","U13","U02"]},"geometry":{"type":"Polygon","coordinates":[[[868.9833333333333,454.9766666666667],[881.0166666666667,454.9766666666667],[881.0166666666667,471.8233333333334],[868.9833333333333,471.8233333333334],[868.9833333333333,454.9766666666667]]]}},{"type":"Feature","id":"P2154","properties":{"id":"P2154","layer":"ordinary_parcel","zoneId":"UF12","blockId":"B109","compatibleForms":["U07","U08","U13","U02"]},"geometry":{"type":"Polygon","coordinates":[[[881.6500000000001,454.9766666666667],[893.6833333333333,454.9766666666667],[893.6833333333333,471.8233333333334],[881.6500000000001,471.8233333333334],[881.6500000000001,454.9766666666667]]]}},{"type":"Feature","id":"P2155","properties":{"id":"P2155","layer":"ordinary_parcel","zoneId":"UF12","blockId":"B109","compatibleForms":["U07","U08","U13","U02"]},"geometry":{"type":"Polygon","coordinates":[[[856.475,472.71000000000004],[874.525,472.71000000000004],[874.525,489.5566666666667],[856.475,489.5566666666667],[856.475,472.71000000000004]]]}},{"type":"Feature","id":"P2156","properties":{"id":"P2156","layer":"ordinary_parcel","zoneId":"UF12","blockId":"B109","compatibleForms":["U07","U08","U13","U02"]},"geometry":{"type":"Polygon","coordinates":[[[875.475,472.71000000000004],[893.525,472.71000000000004],[893.525,489.5566666666667],[875.475,489.5566666666667],[875.475,472.71000000000004]]]}},{"type":"Feature","id":"P2157","properties":{"id":"P2157","layer":"ordinary_parcel","zoneId":"UF12","blockId":"B109","compatibleForms":["U07","U08","U13","U02"]},"geometry":{"type":"Polygon","coordinates":[[[856.475,490.4433333333333],[874.525,490.4433333333333],[874.525,507.29],[856.475,507.29],[856.475,490.4433333333333]]]}},{"type":"Feature","id":"P2158","properties":{"id":"P2158","layer":"ordinary_parcel","zoneId":"UF12","blockId":"B109","compatibleForms":["U07","U08","U13","U02"]},"geometry":{"type":"Polygon","coordinates":[[[875.475,490.4433333333333],[893.525,490.4433333333333],[893.525,507.29],[875.475,507.29],[875.475,490.4433333333333]]]}},{"type":"Feature","id":"P2159","properties":{"id":"P2159","layer":"ordinary_parcel","zoneId":"UF12","blockId":"B109","compatibleForms":["U07","U08","U13","U02"]},"geometry":{"type":"Polygon","coordinates":[[[856.475,508.1766666666667],[874.525,508.1766666666667],[874.525,525.0233333333333],[856.475,525.0233333333333],[856.475,508.1766666666667]]]}},{"type":"Feature","id":"P2160","properties":{"id":"P2160","layer":"ordinary_parcel","zoneId":"UF12","blockId":"B109","compatibleForms":["U07","U08","U13","U02"]},"geometry":{"type":"Polygon","coordinates":[[[875.475,508.1766666666667],[893.525,508.1766666666667],[893.525,525.0233333333333],[875.475,525.0233333333333],[875.475,508.1766666666667]]]}},{"type":"Feature","id":"P2161","properties":{"id":"P2161","layer":"ordinary_parcel","zoneId":"UF12","blockId":"B109","compatibleForms":["U07","U08","U13","U02"]},"geometry":{"type":"Polygon","coordinates":[[[856.475,525.9100000000001],[874.525,525.9100000000001],[874.525,542.7566666666667],[856.475,542.7566666666667],[856.475,525.9100000000001]]]}},{"type":"Feature","id":"P2162","properties":{"id":"P2162","layer":"ordinary_parcel","zoneId":"UF12","blockId":"B109","compatibleForms":["U07","U08","U13","U02"]},"geometry":{"type":"Polygon","coordinates":[[[875.475,525.9100000000001],[893.525,525.9100000000001],[893.525,542.7566666666667],[875.475,542.7566666666667],[875.475,525.9100000000001]]]}},{"type":"Feature","id":"B110","properties":{"id":"B110","layer":"block_cluster","zoneId":"UF12","sequenceInZone":4},"geometry":{"type":"Polygon","coordinates":[[[856,576.8],[894,576.8],[894,683.2],[856,683.2],[856,576.8]]]}},{"type":"Feature","id":"P2163","properties":{"id":"P2163","layer":"ordinary_parcel","zoneId":"UF12","blockId":"B110","compatibleForms":["U07","U08","U13","U02"]},"geometry":{"type":"Polygon","coordinates":[[[856.3166666666667,577.2433333333333],[868.3499999999999,577.2433333333333],[868.3499999999999,594.0899999999999],[856.3166666666667,594.0899999999999],[856.3166666666667,577.2433333333333]]]}},{"type":"Feature","id":"P2164","properties":{"id":"P2164","layer":"ordinary_parcel","zoneId":"UF12","blockId":"B110","compatibleForms":["U07","U08","U13","U02"]},"geometry":{"type":"Polygon","coordinates":[[[868.9833333333333,577.2433333333333],[881.0166666666667,577.2433333333333],[881.0166666666667,594.0899999999999],[868.9833333333333,594.0899999999999],[868.9833333333333,577.2433333333333]]]}},{"type":"Feature","id":"P2165","properties":{"id":"P2165","layer":"ordinary_parcel","zoneId":"UF12","blockId":"B110","compatibleForms":["U07","U08","U13","U02"]},"geometry":{"type":"Polygon","coordinates":[[[881.6500000000001,577.2433333333333],[893.6833333333333,577.2433333333333],[893.6833333333333,594.0899999999999],[881.6500000000001,594.0899999999999],[881.6500000000001,577.2433333333333]]]}},{"type":"Feature","id":"P2166","properties":{"id":"P2166","layer":"ordinary_parcel","zoneId":"UF12","blockId":"B110","compatibleForms":["U07","U08","U13","U02"]},"geometry":{"type":"Polygon","coordinates":[[[856.475,594.9766666666667],[874.525,594.9766666666667],[874.525,611.8233333333333],[856.475,611.8233333333333],[856.475,594.9766666666667]]]}},{"type":"Feature","id":"P2167","properties":{"id":"P2167","layer":"ordinary_parcel","zoneId":"UF12","blockId":"B110","compatibleForms":["U07","U08","U13","U02"]},"geometry":{"type":"Polygon","coordinates":[[[875.475,594.9766666666667],[893.525,594.9766666666667],[893.525,611.8233333333333],[875.475,611.8233333333333],[875.475,594.9766666666667]]]}},{"type":"Feature","id":"P2168","properties":{"id":"P2168","layer":"ordinary_parcel","zoneId":"UF12","blockId":"B110","compatibleForms":["U07","U08","U13","U02"]},"geometry":{"type":"Polygon","coordinates":[[[856.475,612.71],[874.525,612.71],[874.525,629.5566666666666],[856.475,629.5566666666666],[856.475,612.71]]]}},{"type":"Feature","id":"P2169","properties":{"id":"P2169","layer":"ordinary_parcel","zoneId":"UF12","blockId":"B110","compatibleForms":["U07","U08","U13","U02"]},"geometry":{"type":"Polygon","coordinates":[[[875.475,612.71],[893.525,612.71],[893.525,629.5566666666666],[875.475,629.5566666666666],[875.475,612.71]]]}},{"type":"Feature","id":"P2170","properties":{"id":"P2170","layer":"ordinary_parcel","zoneId":"UF12","blockId":"B110","compatibleForms":["U07","U08","U13","U02"]},"geometry":{"type":"Polygon","coordinates":[[[856.475,630.4433333333334],[874.525,630.4433333333334],[874.525,647.29],[856.475,647.29],[856.475,630.4433333333334]]]}},{"type":"Feature","id":"P2171","properties":{"id":"P2171","layer":"ordinary_parcel","zoneId":"UF12","blockId":"B110","compatibleForms":["U07","U08","U13","U02"]},"geometry":{"type":"Polygon","coordinates":[[[875.475,630.4433333333334],[893.525,630.4433333333334],[893.525,647.29],[875.475,647.29],[875.475,630.4433333333334]]]}},{"type":"Feature","id":"P2172","properties":{"id":"P2172","layer":"ordinary_parcel","zoneId":"UF12","blockId":"B110","compatibleForms":["U07","U08","U13","U02"]},"geometry":{"type":"Polygon","coordinates":[[[856.475,648.1766666666667],[874.525,648.1766666666667],[874.525,665.0233333333333],[856.475,665.0233333333333],[856.475,648.1766666666667]]]}},{"type":"Feature","id":"P2173","properties":{"id":"P2173","layer":"ordinary_parcel","zoneId":"UF12","blockId":"B110","compatibleForms":["U07","U08","U13","U02"]},"geometry":{"type":"Polygon","coordinates":[[[875.475,648.1766666666667],[893.525,648.1766666666667],[893.525,665.0233333333333],[875.475,665.0233333333333],[875.475,648.1766666666667]]]}},{"type":"Feature","id":"P2174","properties":{"id":"P2174","layer":"ordinary_parcel","zoneId":"UF12","blockId":"B110","compatibleForms":["U07","U08","U13","U02"]},"geometry":{"type":"Polygon","coordinates":[[[856.475,665.9100000000001],[874.525,665.9100000000001],[874.525,682.7566666666667],[856.475,682.7566666666667],[856.475,665.9100000000001]]]}},{"type":"Feature","id":"P2175","properties":{"id":"P2175","layer":"ordinary_parcel","zoneId":"UF12","blockId":"B110","compatibleForms":["U07","U08","U13","U02"]},"geometry":{"type":"Polygon","coordinates":[[[875.475,665.9100000000001],[893.525,665.9100000000001],[893.525,682.7566666666667],[875.475,682.7566666666667],[875.475,665.9100000000001]]]}},{"type":"Feature","id":"W01","properties":{"id":"W01","layer":"water_node","context":"river_core","sourceType":"protected_well","sourceGroup":"WSG01"},"geometry":{"type":"Point","coordinates":[210,610]}},{"type":"Feature","id":"W02","properties":{"id":"W02","layer":"water_node","context":"market_core","sourceType":"protected_well","sourceGroup":"WSG02"},"geometry":{"type":"Point","coordinates":[390,670]}},{"type":"Feature","id":"W03","properties":{"id":"W03","layer":"water_node","context":"port_rear","sourceType":"covered_cistern_clean_roof_collection_with_cart_refill","sourceGroup":"WSG03"},"geometry":{"type":"Point","coordinates":[520,410]}},{"type":"Feature","id":"W04","properties":{"id":"W04","layer":"water_node","context":"woodcraft_west","sourceType":"protected_well","sourceGroup":"WSG04"},"geometry":{"type":"Point","coordinates":[300,840]}},{"type":"Feature","id":"W05","properties":{"id":"W05","layer":"water_node","context":"woodcraft_east","sourceType":"protected_well","sourceGroup":"WSG05"},"geometry":{"type":"Point","coordinates":[700,850]}},{"type":"Feature","id":"W06","properties":{"id":"W06","layer":"water_node","context":"residential_west","sourceType":"protected_well","sourceGroup":"WSG06"},"geometry":{"type":"Point","coordinates":[240,980]}},{"type":"Feature","id":"W07","properties":{"id":"W07","layer":"water_node","context":"residential_east","sourceType":"protected_well","sourceGroup":"WSG07"},"geometry":{"type":"Point","coordinates":[820,980]}},{"type":"Feature","id":"W08","properties":{"id":"W08","layer":"water_node","context":"civic_east","sourceType":"covered_cistern_clean_roof_collection_with_cart_refill","sourceGroup":"WSG08"},"geometry":{"type":"Point","coordinates":[930,850]}},{"type":"Feature","id":"W09","properties":{"id":"W09","layer":"water_node","context":"northern_transition","sourceType":"protected_well","sourceGroup":"WSG09"},"geometry":{"type":"Point","coordinates":[520,1180]}},{"type":"Feature","id":"W10","properties":{"id":"W10","layer":"water_node","context":"periphery","sourceType":"protected_well","sourceGroup":"WSG10"},"geometry":{"type":"Point","coordinates":[150,1180]}},{"type":"Feature","id":"WR01","properties":{"id":"WR01","layer":"waste_node","context":"fish_and_port"},"geometry":{"type":"Point","coordinates":[170,340]}},{"type":"Feature","id":"WR02","properties":{"id":"WR02","layer":"waste_node","context":"market_west"},"geometry":{"type":"Point","coordinates":[260,660]}},{"type":"Feature","id":"WR03","properties":{"id":"WR03","layer":"waste_node","context":"market_east"},"geometry":{"type":"Point","coordinates":[520,700]}},{"type":"Feature","id":"WR04","properties":{"id":"WR04","layer":"waste_node","context":"woodcraft"},"geometry":{"type":"Point","coordinates":[300,900]}},{"type":"Feature","id":"WR05","properties":{"id":"WR05","layer":"waste_node","context":"residential_east"},"geometry":{"type":"Point","coordinates":[840,1040]}},{"type":"Feature","id":"WR06","properties":{"id":"WR06","layer":"waste_node","context":"outer_residential"},"geometry":{"type":"Point","coordinates":[420,1180]}},{"type":"Feature","id":"PFA01","properties":{"id":"PFA01","layer":"cremation_area","religious":false,"cemetery":false},"geometry":{"type":"Polygon","coordinates":[[[-10,1230],[110,1210],[170,1290],[140,1370],[20,1370],[-30,1310],[-10,1230]]]}},{"type":"Feature","id":"RW01","properties":{"id":"RW01","layer":"river_wharf","developedLengthM":90,"primaryUse":["small_craft","river_fish","light_cargo"]},"geometry":{"type":"LineString","coordinates":[[-7.4,214.9],[-32.6,301.2]]}},{"type":"Feature","id":"RW02","properties":{"id":"RW02","layer":"river_wharf","developedLengthM":105,"primaryUse":["river_barge","bulk_cargo","merchant_river_craft"]},"geometry":{"type":"LineString","coordinates":[[-39.6,325.2],[-67.5,426.2]]}},{"type":"Feature","id":"RW03","properties":{"id":"RW03","layer":"river_wharf","developedLengthM":100,"primaryUse":["mixed_river_cargo","small_craft","river_fish"]},"geometry":{"type":"LineString","coordinates":[[-74.1,450.4],[-95.6,543.5]]}},{"type":"Feature","id":"CP05_FISHING_PIER","properties":{"id":"CP05_FISHING_PIER","layer":"civil_pier","projectionM":95,"targetUse":["inshore_fishing_boat","coastal_fishing_boat","offshore_fishing_vessel_when_draft_allows"]},"geometry":{"type":"LineString","coordinates":[[192.5,45.3],[190,-50]]}},{"type":"Feature","id":"CP06_MERCHANT_PIER","properties":{"id":"CP06_MERCHANT_PIER","layer":"civil_pier","projectionM":190,"targetUse":["coastal_trader","merchant_ship_subject_to_actual_draft_and_water_state"]},"geometry":{"type":"LineString","coordinates":[[397.6,90.1],[390,-100]]}},{"type":"Feature","id":"NSW01","properties":{"id":"NSW01","layer":"naval_slipway","clearWayWidthM":12,"designVesselLengthMaxM":28},"geometry":{"type":"LineString","coordinates":[[956,188.5],[955,125]]}},{"type":"Feature","id":"NSW02","properties":{"id":"NSW02","layer":"naval_slipway","clearWayWidthM":14,"designVesselLengthMaxM":38},"geometry":{"type":"LineString","coordinates":[[1056,185.9],[1050,105]]}},{"type":"Feature","id":"NSW03","properties":{"id":"NSW03","layer":"naval_slipway","clearWayWidthM":16,"designVesselLengthMaxM":48},"geometry":{"type":"LineString","coordinates":[[1164.8,198.8],[1155,95]]}},{"type":"Feature","id":"NSW04","properties":{"id":"NSW04","layer":"naval_slipway","clearWayWidthM":18,"designVesselLengthMaxM":54},"geometry":{"type":"LineString","coordinates":[[1283,220.4],[1265,90]]}},{"type":"Feature","id":"NSW05","properties":{"id":"NSW05","layer":"naval_slipway","clearWayWidthM":20,"designVesselLengthMaxM":60},"geometry":{"type":"LineString","coordinates":[[1401.8,238.3],[1380,70]]}},{"type":"Feature","id":"NFP01","properties":{"id":"NFP01","layer":"naval_pier","projectionM":169,"maxDesignVesselLengthM":60},"geometry":{"type":"LineString","coordinates":[[1471.1,248.7],[1460,80]]}},{"type":"Feature","id":"NFP02_HEAVY_FLEET","properties":{"id":"NFP02_HEAVY_FLEET","layer":"naval_pier","projectionM":198,"maxDesignVesselLengthM":60},"geometry":{"type":"LineString","coordinates":[[1648.7,276.8],[1630,80]]}},{"type":"Feature","id":"NFP03_TROOP_SUPPLY","properties":{"id":"NFP03_TROOP_SUPPLY","layer":"naval_pier","projectionM":178,"maxDesignVesselLengthM":48},"geometry":{"type":"LineString","coordinates":[[1717.8,287.8],[1710,110]]}},{"type":"Feature","id":"NBW01_EASTERN","properties":{"id":"NBW01_EASTERN","layer":"breakwater","lengthM":289},"geometry":{"type":"LineString","coordinates":[[1836.6,306.6],[1810,190],[1790,70],[1775,25]]}},{"type":"Feature","id":"CP01_FISH_LANDING","properties":{"id":"CP01_FISH_LANDING","layer":"civil_port_shoreline_zone","coastChainageM":[80,190],"shorelineLengthM":110,"primaryUse":["fishing_landing","rapid_unload","S07_transfer"]},"geometry":{"type":"LineString","coordinates":[[123.65,33.48],[231.71,52.63]]}},{"type":"Feature","id":"CP02_GENERAL_CARGO_QUAY","properties":{"id":"CP02_GENERAL_CARGO_QUAY","layer":"civil_port_shoreline_zone","coastChainageM":[210,390],"shorelineLengthM":180,"primaryUse":["civil_cargo","coastal_traders","merchant_loading_unloading"]},"geometry":{"type":"LineString","coordinates":[[251.22,57.02],[426.93,95.91]]}},{"type":"Feature","id":"CP03_REPAIR_BEACHING","properties":{"id":"CP03_REPAIR_BEACHING","layer":"civil_port_shoreline_zone","coastChainageM":[420,540],"shorelineLengthM":120,"primaryUse":["small_civil_repair","beaching","careening","net_and_gear_work"]},"geometry":{"type":"LineString","coordinates":[[456.61,99.82],[575.36,115.44]]}},{"type":"Feature","id":"CP04_TRANSITION_EDGE","properties":{"id":"CP04_TRANSITION_EDGE","layer":"civil_port_shoreline_zone","coastChainageM":[540,620],"shorelineLengthM":80,"primaryUse":["port_service_transition","buffer_to_T04_shoulder"]},"geometry":{"type":"LineString","coordinates":[[575.36,115.44],[653.27,132.98]]}},{"type":"Feature","id":"NBQ01","properties":{"id":"NBQ01","layer":"naval_shoreline_quay","coastChainageM":[1480,1600],"shorelineLengthM":120,"use":["light_naval_craft","service","crew_transfer"],"controlled":true},"geometry":{"type":"LineString","coordinates":[[1500.72,253.3],[1619.1,272.13]]}},{"type":"Feature","id":"NBQ02","properties":{"id":"NBQ02","layer":"naval_shoreline_quay","coastChainageM":[1740,1820],"shorelineLengthM":80,"use":["stores","small_craft","harbor_service"],"controlled":true},"geometry":{"type":"LineString","coordinates":[[1757.4,294.06],[1836.56,306.56]]}},{"type":"Feature","id":"CIV_ANCH_01","properties":{"id":"CIV_ANCH_01","layer":"civil_anchorage","waterAreaHaApprox":44,"planningEquivalentMerchantSlots":8},"geometry":{"type":"Polygon","coordinates":[[[130,-90],[300,-210],[620,-220],[760,-90],[620,20],[260,0],[130,-90]]]}},{"type":"Feature","id":"MR_TRESKAL_CIVIL_APPROACH","properties":{"id":"MR_TRESKAL_CIVIL_APPROACH","layer":"maritime_approach","role":"civil","ordinaryApproachWidthM":110,"controllingDepthTargetM":4.5},"geometry":{"type":"LineString","coordinates":[[420,-450],[405,-260],[390,-100]]}},{"type":"Feature","id":"NAV_SEC_WATER_01","properties":{"id":"NAV_SEC_WATER_01","layer":"naval_controlled_water","civilOrdinaryMooringAllowed":false},"geometry":{"type":"Polygon","coordinates":[[[906,190],[1837,307],[1790,25],[1500,-120],[1050,-120],[900,40],[906,190]]]}},{"type":"Feature","id":"NAV_ROADSTEAD_01","properties":{"id":"NAV_ROADSTEAD_01","layer":"naval_roadstead","waterAreaHaApprox":57,"planningEquivalentMediumLargeWaitingSlots":6},"geometry":{"type":"Polygon","coordinates":[[[1450,40],[1775,25],[1836.6,306.6],[1500,253],[1380,120],[1450,40]]]}},{"type":"Feature","id":"MR_TRESKAL_NAVAL_APPROACH","properties":{"id":"MR_TRESKAL_NAVAL_APPROACH","layer":"maritime_approach","role":"naval","ordinaryApproachWidthM":140,"controllingDepthTargetM":5.5},"geometry":{"type":"LineString","coordinates":[[1570,-520],[1600,-300],[1640,-120],[1650,40]]}},{"type":"Feature","id":"T01_T07_FISH_TRANSFER","properties":{"id":"T01_T07_FISH_TRANSFER","layer":"transition_band","areaHa":3.78,"purpose":["river_sea_land_fish_transfer","future_S07_candidate_context"]},"geometry":{"type":"Polygon","coordinates":[[[80,150],[180,140],[280,220],[260,360],[150,380],[80,300],[80,150]]]}},{"type":"Feature","id":"T07_T08_SEPARATION_SHOULDER","properties":{"id":"T07_T08_SEPARATION_SHOULDER","layer":"transition_band","areaHa":5.219,"purpose":null},"geometry":{"type":"Polygon","coordinates":[[[654,133],[760,165],[907,190],[930,350],[780,420],[700,360],[654,133]]]}},{"type":"Feature","id":"GR1_NW_T10","properties":{"id":"GR1_NW_T10","layer":"growth_reserve","areaHa":11.995,"context":"T10_low_density_growth"},"geometry":{"type":"Polygon","coordinates":[[[50,1120],[250,1040],[450,1080],[500,1300],[420,1370],[100,1370],[50,1120]]]}},{"type":"Feature","id":"GR2_NE_BEYOND_T12","properties":{"id":"GR2_NE_BEYOND_T12","layer":"growth_reserve","areaHa":7,"context":"beyond_T12_ordinary_growth"},"geometry":{"type":"Polygon","coordinates":[[[1650,950],[1900,950],[1920,1120],[1800,1250],[1650,1230],[1650,950]]]}},{"type":"Feature","id":"GR3_EAST_REAR_NAVAL","properties":{"id":"GR3_EAST_REAR_NAVAL","layer":"growth_reserve","areaHa":6.825,"context":"T11_edge_storage_workshop_or_compatible_growth"},"geometry":{"type":"Polygon","coordinates":[[[1550,690],[1850,690],[1950,820],[1850,900],[1600,900],[1550,690]]]}}]}